reference_date,location,horizon,target,target_end_date,output_type,output_type_id,value
2026-10-10,01,0,wk inc flu hosp,2026-10-10,quantile,0.01,18.0
2026-10-10,01,0,wk inc flu hosp,2026-10-10,quantile,0.025,23.5
2026-10-10,01,0,wk inc flu hosp,2026-10-10,quantile,0.05,31.0
2026-10-10,01,0,wk inc flu hosp,2026-10-10,quantile,0.1,37.5
2026-10-10,01,0,wk inc flu hosp,2026-10-10,quantile,0.15,40.5
2026-10-10,01,0,wk inc flu hosp,2026-10-10,quantile,0.2,43.5
2026-10-10,01,0,wk inc flu hosp,2026-10-10,quantile,0.25,46.5
2026-10-10,01,0,wk inc flu hosp,2026-10-10,quantile,0.3,47.5
2026-10-10,01,0,wk inc flu hosp,2026-10-10,quantile,0.35,50.0
2026-10-10,01,0,wk inc flu hosp,2026-10-10,quantile,0.4,53.0
2026-10-10,01,0,wk inc flu hosp,2026-10-10,quantile,0.45,56.5
2026-10-10,01,0,wk inc flu hosp,2026-10-10,quantile,0.5,59.0
2026-10-10,01,0,wk inc flu hosp,2026-10-10,quantile,0.55,61.19143339974974
2026-10-10,01,0,wk inc flu hosp,2026-10-10,quantile,0.6,63.57290917702386
2026-10-10,01,0,wk inc flu hosp,2026-10-10,quantile,0.65,66.11643223312092
2026-10-10,01,0,wk inc flu hosp,2026-10-10,quantile,0.7,69.46204679534242
2026-10-10,01,0,wk inc flu hosp,2026-10-10,quantile,0.75,73.54356927341709
2026-10-10,01,0,wk inc flu hosp,2026-10-10,quantile,0.8,77.81488816156104
2026-10-10,01,0,wk inc flu hosp,2026-10-10,quantile,0.85,81.64203822084713
2026-10-10,01,0,wk inc flu hosp,2026-10-10,quantile,0.9,92.50320633233538
2026-10-10,01,0,wk inc flu hosp,2026-10-10,quantile,0.95,112.88511070803978
2026-10-10,01,0,wk inc flu hosp,2026-10-10,quantile,0.975,143.4595079325552
2026-10-10,01,0,wk inc flu hosp,2026-10-10,quantile,0.99,190.5
2026-10-10,01,1,wk inc flu hosp,2026-10-17,quantile,0.01,17.0
2026-10-10,01,1,wk inc flu hosp,2026-10-17,quantile,0.025,23.0
2026-10-10,01,1,wk inc flu hosp,2026-10-17,quantile,0.05,27.5
2026-10-10,01,1,wk inc flu hosp,2026-10-17,quantile,0.1,36.099772533952205
2026-10-10,01,1,wk inc flu hosp,2026-10-17,quantile,0.15,40.42394278914668
2026-10-10,01,1,wk inc flu hosp,2026-10-17,quantile,0.2,44.07904729887995
2026-10-10,01,1,wk inc flu hosp,2026-10-17,quantile,0.25,47.5
2026-10-10,01,1,wk inc flu hosp,2026-10-17,quantile,0.3,52.0
2026-10-10,01,1,wk inc flu hosp,2026-10-17,quantile,0.35,54.5
2026-10-10,01,1,wk inc flu hosp,2026-10-17,quantile,0.4,58.0
2026-10-10,01,1,wk inc flu hosp,2026-10-17,quantile,0.45,61.5
2026-10-10,01,1,wk inc flu hosp,2026-10-17,quantile,0.5,64.5
2026-10-10,01,1,wk inc flu hosp,2026-10-17,quantile,0.55,67.0
2026-10-10,01,1,wk inc flu hosp,2026-10-17,quantile,0.6,71.5
2026-10-10,01,1,wk inc flu hosp,2026-10-17,quantile,0.65,76.0
2026-10-10,01,1,wk inc flu hosp,2026-10-17,quantile,0.7,80.5
2026-10-10,01,1,wk inc flu hosp,2026-10-17,quantile,0.75,85.0
2026-10-10,01,1,wk inc flu hosp,2026-10-17,quantile,0.8,91.0
2026-10-10,01,1,wk inc flu hosp,2026-10-17,quantile,0.85,97.0
2026-10-10,01,1,wk inc flu hosp,2026-10-17,quantile,0.9,109.0
2026-10-10,01,1,wk inc flu hosp,2026-10-17,quantile,0.95,139.5
2026-10-10,01,1,wk inc flu hosp,2026-10-17,quantile,0.975,163.0
2026-10-10,01,1,wk inc flu hosp,2026-10-17,quantile,0.99,199.5
2026-10-10,01,2,wk inc flu hosp,2026-10-24,quantile,0.01,17.5
2026-10-10,01,2,wk inc flu hosp,2026-10-24,quantile,0.025,21.5
2026-10-10,01,2,wk inc flu hosp,2026-10-24,quantile,0.05,26.5
2026-10-10,01,2,wk inc flu hosp,2026-10-24,quantile,0.1,37.06204935629127
2026-10-10,01,2,wk inc flu hosp,2026-10-24,quantile,0.15,44.44693078097523
2026-10-10,01,2,wk inc flu hosp,2026-10-24,quantile,0.2,48.82458718827033
2026-10-10,01,2,wk inc flu hosp,2026-10-24,quantile,0.25,53.0
2026-10-10,01,2,wk inc flu hosp,2026-10-24,quantile,0.3,58.0
2026-10-10,01,2,wk inc flu hosp,2026-10-24,quantile,0.35,63.0
2026-10-10,01,2,wk inc flu hosp,2026-10-24,quantile,0.4,68.0
2026-10-10,01,2,wk inc flu hosp,2026-10-24,quantile,0.45,72.5
2026-10-10,01,2,wk inc flu hosp,2026-10-24,quantile,0.5,76.5
2026-10-10,01,2,wk inc flu hosp,2026-10-24,quantile,0.55,80.79775310023095
2026-10-10,01,2,wk inc flu hosp,2026-10-24,quantile,0.6,86.1065375048212
2026-10-10,01,2,wk inc flu hosp,2026-10-24,quantile,0.65,90.66373165669984
2026-10-10,01,2,wk inc flu hosp,2026-10-24,quantile,0.7,99.5
2026-10-10,01,2,wk inc flu hosp,2026-10-24,quantile,0.75,110.5
2026-10-10,01,2,wk inc flu hosp,2026-10-24,quantile,0.8,118.5
2026-10-10,01,2,wk inc flu hosp,2026-10-24,quantile,0.85,133.5
2026-10-10,01,2,wk inc flu hosp,2026-10-24,quantile,0.9,160.5
2026-10-10,01,2,wk inc flu hosp,2026-10-24,quantile,0.95,197.5
2026-10-10,01,2,wk inc flu hosp,2026-10-24,quantile,0.975,251.0
2026-10-10,01,2,wk inc flu hosp,2026-10-24,quantile,0.99,304.5
2026-10-10,01,3,wk inc flu hosp,2026-10-31,quantile,0.01,18.0
2026-10-10,01,3,wk inc flu hosp,2026-10-31,quantile,0.025,21.5
2026-10-10,01,3,wk inc flu hosp,2026-10-31,quantile,0.05,28.5
2026-10-10,01,3,wk inc flu hosp,2026-10-31,quantile,0.1,40.5
2026-10-10,01,3,wk inc flu hosp,2026-10-31,quantile,0.15,45.5
2026-10-10,01,3,wk inc flu hosp,2026-10-31,quantile,0.2,55.381181130751514
2026-10-10,01,3,wk inc flu hosp,2026-10-31,quantile,0.25,60.40677855248792
2026-10-10,01,3,wk inc flu hosp,2026-10-31,quantile,0.3,67.5045030001103
2026-10-10,01,3,wk inc flu hosp,2026-10-31,quantile,0.35,73.42693845007037
2026-10-10,01,3,wk inc flu hosp,2026-10-31,quantile,0.4,79.40099481057948
2026-10-10,01,3,wk inc flu hosp,2026-10-31,quantile,0.45,86.14520686936645
2026-10-10,01,3,wk inc flu hosp,2026-10-31,quantile,0.5,92.71983058890734
2026-10-10,01,3,wk inc flu hosp,2026-10-31,quantile,0.55,103.0
2026-10-10,01,3,wk inc flu hosp,2026-10-31,quantile,0.6,113.5
2026-10-10,01,3,wk inc flu hosp,2026-10-31,quantile,0.65,123.5
2026-10-10,01,3,wk inc flu hosp,2026-10-31,quantile,0.7,137.5
2026-10-10,01,3,wk inc flu hosp,2026-10-31,quantile,0.75,151.5
2026-10-10,01,3,wk inc flu hosp,2026-10-31,quantile,0.8,174.0
2026-10-10,01,3,wk inc flu hosp,2026-10-31,quantile,0.85,203.0
2026-10-10,01,3,wk inc flu hosp,2026-10-31,quantile,0.9,249.5
2026-10-10,01,3,wk inc flu hosp,2026-10-31,quantile,0.95,331.0
2026-10-10,01,3,wk inc flu hosp,2026-10-31,quantile,0.975,394.5
2026-10-10,01,3,wk inc flu hosp,2026-10-31,quantile,0.99,491.0
2026-10-10,02,0,wk inc flu hosp,2026-10-10,quantile,0.01,6.673540906057106
2026-10-10,02,0,wk inc flu hosp,2026-10-10,quantile,0.025,8.914282563450861
2026-10-10,02,0,wk inc flu hosp,2026-10-10,quantile,0.05,11.446794034156042
2026-10-10,02,0,wk inc flu hosp,2026-10-10,quantile,0.1,13.671593094590252
2026-10-10,02,0,wk inc flu hosp,2026-10-10,quantile,0.15,15.196586207961673
2026-10-10,02,0,wk inc flu hosp,2026-10-10,quantile,0.2,16.633432725580157
2026-10-10,02,0,wk inc flu hosp,2026-10-10,quantile,0.25,18.221500471549586
2026-10-10,02,0,wk inc flu hosp,2026-10-10,quantile,0.3,18.5
2026-10-10,02,0,wk inc flu hosp,2026-10-10,quantile,0.35,19.5
2026-10-10,02,0,wk inc flu hosp,2026-10-10,quantile,0.4,21.0
2026-10-10,02,0,wk inc flu hosp,2026-10-10,quantile,0.45,22.0
2026-10-10,02,0,wk inc flu hosp,2026-10-10,quantile,0.5,23.0
2026-10-10,02,0,wk inc flu hosp,2026-10-10,quantile,0.55,24.0
2026-10-10,02,0,wk inc flu hosp,2026-10-10,quantile,0.6,25.5
2026-10-10,02,0,wk inc flu hosp,2026-10-10,quantile,0.65,27.0
2026-10-10,02,0,wk inc flu hosp,2026-10-10,quantile,0.7,28.0
2026-10-10,02,0,wk inc flu hosp,2026-10-10,quantile,0.75,30.5
2026-10-10,02,0,wk inc flu hosp,2026-10-10,quantile,0.8,33.0
2026-10-10,02,0,wk inc flu hosp,2026-10-10,quantile,0.85,34.0
2026-10-10,02,0,wk inc flu hosp,2026-10-10,quantile,0.9,38.0
2026-10-10,02,0,wk inc flu hosp,2026-10-10,quantile,0.95,44.615192967721946
2026-10-10,02,0,wk inc flu hosp,2026-10-10,quantile,0.975,54.61151027872157
2026-10-10,02,0,wk inc flu hosp,2026-10-10,quantile,0.99,79.1255623701147
2026-10-10,02,1,wk inc flu hosp,2026-10-17,quantile,0.01,5.412660009481821
2026-10-10,02,1,wk inc flu hosp,2026-10-17,quantile,0.025,7.798347499062139
2026-10-10,02,1,wk inc flu hosp,2026-10-17,quantile,0.05,9.522066604281894
2026-10-10,02,1,wk inc flu hosp,2026-10-17,quantile,0.1,13.0
2026-10-10,02,1,wk inc flu hosp,2026-10-17,quantile,0.15,14.5
2026-10-10,02,1,wk inc flu hosp,2026-10-17,quantile,0.2,16.5
2026-10-10,02,1,wk inc flu hosp,2026-10-17,quantile,0.25,18.0
2026-10-10,02,1,wk inc flu hosp,2026-10-17,quantile,0.3,19.0
2026-10-10,02,1,wk inc flu hosp,2026-10-17,quantile,0.35,20.5
2026-10-10,02,1,wk inc flu hosp,2026-10-17,quantile,0.4,21.5
2026-10-10,02,1,wk inc flu hosp,2026-10-17,quantile,0.45,22.5
2026-10-10,02,1,wk inc flu hosp,2026-10-17,quantile,0.5,24.5
2026-10-10,02,1,wk inc flu hosp,2026-10-17,quantile,0.55,25.5
2026-10-10,02,1,wk inc flu hosp,2026-10-17,quantile,0.6,27.5
2026-10-10,02,1,wk inc flu hosp,2026-10-17,quantile,0.65,30.0
2026-10-10,02,1,wk inc flu hosp,2026-10-17,quantile,0.7,31.0
2026-10-10,02,1,wk inc flu hosp,2026-10-17,quantile,0.75,33.5
2026-10-10,02,1,wk inc flu hosp,2026-10-17,quantile,0.8,35.5
2026-10-10,02,1,wk inc flu hosp,2026-10-17,quantile,0.85,38.0
2026-10-10,02,1,wk inc flu hosp,2026-10-17,quantile,0.9,42.5
2026-10-10,02,1,wk inc flu hosp,2026-10-17,quantile,0.95,50.5
2026-10-10,02,1,wk inc flu hosp,2026-10-17,quantile,0.975,58.5
2026-10-10,02,1,wk inc flu hosp,2026-10-17,quantile,0.99,78.5
2026-10-10,02,2,wk inc flu hosp,2026-10-24,quantile,0.01,5.0
2026-10-10,02,2,wk inc flu hosp,2026-10-24,quantile,0.025,7.0
2026-10-10,02,2,wk inc flu hosp,2026-10-24,quantile,0.05,9.0
2026-10-10,02,2,wk inc flu hosp,2026-10-24,quantile,0.1,12.0
2026-10-10,02,2,wk inc flu hosp,2026-10-24,quantile,0.15,15.0
2026-10-10,02,2,wk inc flu hosp,2026-10-24,quantile,0.2,16.5
2026-10-10,02,2,wk inc flu hosp,2026-10-24,quantile,0.25,18.5
2026-10-10,02,2,wk inc flu hosp,2026-10-24,quantile,0.3,19.5
2026-10-10,02,2,wk inc flu hosp,2026-10-24,quantile,0.35,21.0
2026-10-10,02,2,wk inc flu hosp,2026-10-24,quantile,0.4,22.5
2026-10-10,02,2,wk inc flu hosp,2026-10-24,quantile,0.45,23.5
2026-10-10,02,2,wk inc flu hosp,2026-10-24,quantile,0.5,26.0
2026-10-10,02,2,wk inc flu hosp,2026-10-24,quantile,0.55,27.5
2026-10-10,02,2,wk inc flu hosp,2026-10-24,quantile,0.6,30.0
2026-10-10,02,2,wk inc flu hosp,2026-10-24,quantile,0.65,32.0
2026-10-10,02,2,wk inc flu hosp,2026-10-24,quantile,0.7,34.5
2026-10-10,02,2,wk inc flu hosp,2026-10-24,quantile,0.75,38.0
2026-10-10,02,2,wk inc flu hosp,2026-10-24,quantile,0.8,39.5
2026-10-10,02,2,wk inc flu hosp,2026-10-24,quantile,0.85,43.5
2026-10-10,02,2,wk inc flu hosp,2026-10-24,quantile,0.9,52.5
2026-10-10,02,2,wk inc flu hosp,2026-10-24,quantile,0.95,63.0
2026-10-10,02,2,wk inc flu hosp,2026-10-24,quantile,0.975,70.5
2026-10-10,02,2,wk inc flu hosp,2026-10-24,quantile,0.99,89.52543695746657
2026-10-10,02,3,wk inc flu hosp,2026-10-31,quantile,0.01,5.0
2026-10-10,02,3,wk inc flu hosp,2026-10-31,quantile,0.025,7.0
2026-10-10,02,3,wk inc flu hosp,2026-10-31,quantile,0.05,10.0
2026-10-10,02,3,wk inc flu hosp,2026-10-31,quantile,0.1,13.5
2026-10-10,02,3,wk inc flu hosp,2026-10-31,quantile,0.15,15.5
2026-10-10,02,3,wk inc flu hosp,2026-10-31,quantile,0.2,17.5
2026-10-10,02,3,wk inc flu hosp,2026-10-31,quantile,0.25,19.0
2026-10-10,02,3,wk inc flu hosp,2026-10-31,quantile,0.3,20.0
2026-10-10,02,3,wk inc flu hosp,2026-10-31,quantile,0.35,22.5
2026-10-10,02,3,wk inc flu hosp,2026-10-31,quantile,0.4,24.0
2026-10-10,02,3,wk inc flu hosp,2026-10-31,quantile,0.45,25.5
2026-10-10,02,3,wk inc flu hosp,2026-10-31,quantile,0.5,28.0
2026-10-10,02,3,wk inc flu hosp,2026-10-31,quantile,0.55,31.0
2026-10-10,02,3,wk inc flu hosp,2026-10-31,quantile,0.6,33.5
2026-10-10,02,3,wk inc flu hosp,2026-10-31,quantile,0.65,37.5
2026-10-10,02,3,wk inc flu hosp,2026-10-31,quantile,0.7,42.0
2026-10-10,02,3,wk inc flu hosp,2026-10-31,quantile,0.75,46.5
2026-10-10,02,3,wk inc flu hosp,2026-10-31,quantile,0.8,49.0
2026-10-10,02,3,wk inc flu hosp,2026-10-31,quantile,0.85,56.5
2026-10-10,02,3,wk inc flu hosp,2026-10-31,quantile,0.9,66.0
2026-10-10,02,3,wk inc flu hosp,2026-10-31,quantile,0.95,77.5
2026-10-10,02,3,wk inc flu hosp,2026-10-31,quantile,0.975,93.5
2026-10-10,02,3,wk inc flu hosp,2026-10-31,quantile,0.99,123.0
2026-10-10,04,0,wk inc flu hosp,2026-10-10,quantile,0.01,19.0
2026-10-10,04,0,wk inc flu hosp,2026-10-10,quantile,0.025,25.019389830828825
2026-10-10,04,0,wk inc flu hosp,2026-10-10,quantile,0.05,32.79731859774749
2026-10-10,04,0,wk inc flu hosp,2026-10-10,quantile,0.1,40.90682771670032
2026-10-10,04,0,wk inc flu hosp,2026-10-10,quantile,0.15,44.0
2026-10-10,04,0,wk inc flu hosp,2026-10-10,quantile,0.2,48.0
2026-10-10,04,0,wk inc flu hosp,2026-10-10,quantile,0.25,51.0
2026-10-10,04,0,wk inc flu hosp,2026-10-10,quantile,0.3,53.5
2026-10-10,04,0,wk inc flu hosp,2026-10-10,quantile,0.35,56.0
2026-10-10,04,0,wk inc flu hosp,2026-10-10,quantile,0.4,59.5
2026-10-10,04,0,wk inc flu hosp,2026-10-10,quantile,0.45,63.5
2026-10-10,04,0,wk inc flu hosp,2026-10-10,quantile,0.5,66.0
2026-10-10,04,0,wk inc flu hosp,2026-10-10,quantile,0.55,68.46370720111139
2026-10-10,04,0,wk inc flu hosp,2026-10-10,quantile,0.6,71.27719251851937
2026-10-10,04,0,wk inc flu hosp,2026-10-10,quantile,0.65,75.29701762539369
2026-10-10,04,0,wk inc flu hosp,2026-10-10,quantile,0.7,80.44298155037993
2026-10-10,04,0,wk inc flu hosp,2026-10-10,quantile,0.75,83.25456839296828
2026-10-10,04,0,wk inc flu hosp,2026-10-10,quantile,0.8,88.91609563715906
2026-10-10,04,0,wk inc flu hosp,2026-10-10,quantile,0.85,95.25209571724059
2026-10-10,04,0,wk inc flu hosp,2026-10-10,quantile,0.9,110.00506727447353
2026-10-10,04,0,wk inc flu hosp,2026-10-10,quantile,0.95,130.0944852790421
2026-10-10,04,0,wk inc flu hosp,2026-10-10,quantile,0.975,163.94325934538102
2026-10-10,04,0,wk inc flu hosp,2026-10-10,quantile,0.99,238.0
2026-10-10,04,1,wk inc flu hosp,2026-10-17,quantile,0.01,18.5
2026-10-10,04,1,wk inc flu hosp,2026-10-17,quantile,0.025,25.0
2026-10-10,04,1,wk inc flu hosp,2026-10-17,quantile,0.05,31.385089295501302
2026-10-10,04,1,wk inc flu hosp,2026-10-17,quantile,0.1,39.75381934242466
2026-10-10,04,1,wk inc flu hosp,2026-10-17,quantile,0.15,45.7593906258023
2026-10-10,04,1,wk inc flu hosp,2026-10-17,quantile,0.2,48.841470115407546
2026-10-10,04,1,wk inc flu hosp,2026-10-17,quantile,0.25,53.86651943998066
2026-10-10,04,1,wk inc flu hosp,2026-10-17,quantile,0.3,58.73242324748388
2026-10-10,04,1,wk inc flu hosp,2026-10-17,quantile,0.35,65.0
2026-10-10,04,1,wk inc flu hosp,2026-10-17,quantile,0.4,70.0
2026-10-10,04,1,wk inc flu hosp,2026-10-17,quantile,0.45,75.5
2026-10-10,04,1,wk inc flu hosp,2026-10-17,quantile,0.5,81.5
2026-10-10,04,1,wk inc flu hosp,2026-10-17,quantile,0.55,86.0
2026-10-10,04,1,wk inc flu hosp,2026-10-17,quantile,0.6,89.5
2026-10-10,04,1,wk inc flu hosp,2026-10-17,quantile,0.65,94.0
2026-10-10,04,1,wk inc flu hosp,2026-10-17,quantile,0.7,98.5
2026-10-10,04,1,wk inc flu hosp,2026-10-17,quantile,0.75,105.0
2026-10-10,04,1,wk inc flu hosp,2026-10-17,quantile,0.8,109.5
2026-10-10,04,1,wk inc flu hosp,2026-10-17,quantile,0.85,117.0
2026-10-10,04,1,wk inc flu hosp,2026-10-17,quantile,0.9,132.0
2026-10-10,04,1,wk inc flu hosp,2026-10-17,quantile,0.95,154.5
2026-10-10,04,1,wk inc flu hosp,2026-10-17,quantile,0.975,175.4878188254488
2026-10-10,04,1,wk inc flu hosp,2026-10-17,quantile,0.99,230.14221185401533
2026-10-10,04,2,wk inc flu hosp,2026-10-24,quantile,0.01,20.0
2026-10-10,04,2,wk inc flu hosp,2026-10-24,quantile,0.025,24.5
2026-10-10,04,2,wk inc flu hosp,2026-10-24,quantile,0.05,29.5
2026-10-10,04,2,wk inc flu hosp,2026-10-24,quantile,0.1,38.79035004795876
2026-10-10,04,2,wk inc flu hosp,2026-10-24,quantile,0.15,49.087306013515416
2026-10-10,04,2,wk inc flu hosp,2026-10-24,quantile,0.2,55.5
2026-10-10,04,2,wk inc flu hosp,2026-10-24,quantile,0.25,64.5
2026-10-10,04,2,wk inc flu hosp,2026-10-24,quantile,0.3,72.0
2026-10-10,04,2,wk inc flu hosp,2026-10-24,quantile,0.35,81.0
2026-10-10,04,2,wk inc flu hosp,2026-10-24,quantile,0.4,89.0
2026-10-10,04,2,wk inc flu hosp,2026-10-24,quantile,0.45,96.5
2026-10-10,04,2,wk inc flu hosp,2026-10-24,quantile,0.5,104.0
2026-10-10,04,2,wk inc flu hosp,2026-10-24,quantile,0.55,113.0
2026-10-10,04,2,wk inc flu hosp,2026-10-24,quantile,0.6,119.5
2026-10-10,04,2,wk inc flu hosp,2026-10-24,quantile,0.65,126.5
2026-10-10,04,2,wk inc flu hosp,2026-10-24,quantile,0.7,137.0
2026-10-10,04,2,wk inc flu hosp,2026-10-24,quantile,0.75,147.0
2026-10-10,04,2,wk inc flu hosp,2026-10-24,quantile,0.8,157.5
2026-10-10,04,2,wk inc flu hosp,2026-10-24,quantile,0.85,171.0
2026-10-10,04,2,wk inc flu hosp,2026-10-24,quantile,0.9,199.0
2026-10-10,04,2,wk inc flu hosp,2026-10-24,quantile,0.95,243.5
2026-10-10,04,2,wk inc flu hosp,2026-10-24,quantile,0.975,281.5
2026-10-10,04,2,wk inc flu hosp,2026-10-24,quantile,0.99,361.8077159260556
2026-10-10,04,3,wk inc flu hosp,2026-10-31,quantile,0.01,23.0
2026-10-10,04,3,wk inc flu hosp,2026-10-31,quantile,0.025,27.0
2026-10-10,04,3,wk inc flu hosp,2026-10-31,quantile,0.05,31.5
2026-10-10,04,3,wk inc flu hosp,2026-10-31,quantile,0.1,43.30656159760234
2026-10-10,04,3,wk inc flu hosp,2026-10-31,quantile,0.15,53.0
2026-10-10,04,3,wk inc flu hosp,2026-10-31,quantile,0.2,63.5
2026-10-10,04,3,wk inc flu hosp,2026-10-31,quantile,0.25,74.0
2026-10-10,04,3,wk inc flu hosp,2026-10-31,quantile,0.3,85.0
2026-10-10,04,3,wk inc flu hosp,2026-10-31,quantile,0.35,96.5
2026-10-10,04,3,wk inc flu hosp,2026-10-31,quantile,0.4,108.5
2026-10-10,04,3,wk inc flu hosp,2026-10-31,quantile,0.45,120.0
2026-10-10,04,3,wk inc flu hosp,2026-10-31,quantile,0.5,130.0
2026-10-10,04,3,wk inc flu hosp,2026-10-31,quantile,0.55,143.5
2026-10-10,04,3,wk inc flu hosp,2026-10-31,quantile,0.6,157.0
2026-10-10,04,3,wk inc flu hosp,2026-10-31,quantile,0.65,171.5
2026-10-10,04,3,wk inc flu hosp,2026-10-31,quantile,0.7,188.5
2026-10-10,04,3,wk inc flu hosp,2026-10-31,quantile,0.75,207.0
2026-10-10,04,3,wk inc flu hosp,2026-10-31,quantile,0.8,223.0
2026-10-10,04,3,wk inc flu hosp,2026-10-31,quantile,0.85,252.0
2026-10-10,04,3,wk inc flu hosp,2026-10-31,quantile,0.9,291.5
2026-10-10,04,3,wk inc flu hosp,2026-10-31,quantile,0.95,376.5
2026-10-10,04,3,wk inc flu hosp,2026-10-31,quantile,0.975,470.5
2026-10-10,04,3,wk inc flu hosp,2026-10-31,quantile,0.99,570.0
2026-10-10,05,0,wk inc flu hosp,2026-10-10,quantile,0.01,4.5
2026-10-10,05,0,wk inc flu hosp,2026-10-10,quantile,0.025,6.02008949264258
2026-10-10,05,0,wk inc flu hosp,2026-10-10,quantile,0.05,9.677072951050189
2026-10-10,05,0,wk inc flu hosp,2026-10-10,quantile,0.1,11.0
2026-10-10,05,0,wk inc flu hosp,2026-10-10,quantile,0.15,13.0
2026-10-10,05,0,wk inc flu hosp,2026-10-10,quantile,0.2,14.5
2026-10-10,05,0,wk inc flu hosp,2026-10-10,quantile,0.25,16.0
2026-10-10,05,0,wk inc flu hosp,2026-10-10,quantile,0.3,16.5
2026-10-10,05,0,wk inc flu hosp,2026-10-10,quantile,0.35,18.5
2026-10-10,05,0,wk inc flu hosp,2026-10-10,quantile,0.4,19.0
2026-10-10,05,0,wk inc flu hosp,2026-10-10,quantile,0.45,20.0
2026-10-10,05,0,wk inc flu hosp,2026-10-10,quantile,0.5,21.5
2026-10-10,05,0,wk inc flu hosp,2026-10-10,quantile,0.55,22.5
2026-10-10,05,0,wk inc flu hosp,2026-10-10,quantile,0.6,24.5
2026-10-10,05,0,wk inc flu hosp,2026-10-10,quantile,0.65,26.5
2026-10-10,05,0,wk inc flu hosp,2026-10-10,quantile,0.7,28.0
2026-10-10,05,0,wk inc flu hosp,2026-10-10,quantile,0.75,30.0
2026-10-10,05,0,wk inc flu hosp,2026-10-10,quantile,0.8,31.91953989800338
2026-10-10,05,0,wk inc flu hosp,2026-10-10,quantile,0.85,34.16107500685271
2026-10-10,05,0,wk inc flu hosp,2026-10-10,quantile,0.9,38.298293900282204
2026-10-10,05,0,wk inc flu hosp,2026-10-10,quantile,0.95,44.58332744838735
2026-10-10,05,0,wk inc flu hosp,2026-10-10,quantile,0.975,60.11949344728685
2026-10-10,05,0,wk inc flu hosp,2026-10-10,quantile,0.99,83.0
2026-10-10,05,1,wk inc flu hosp,2026-10-17,quantile,0.01,4.0
2026-10-10,05,1,wk inc flu hosp,2026-10-17,quantile,0.025,6.0
2026-10-10,05,1,wk inc flu hosp,2026-10-17,quantile,0.05,7.550201654699633
2026-10-10,05,1,wk inc flu hosp,2026-10-17,quantile,0.1,12.0
2026-10-10,05,1,wk inc flu hosp,2026-10-17,quantile,0.15,13.5
2026-10-10,05,1,wk inc flu hosp,2026-10-17,quantile,0.2,15.0
2026-10-10,05,1,wk inc flu hosp,2026-10-17,quantile,0.25,16.5
2026-10-10,05,1,wk inc flu hosp,2026-10-17,quantile,0.3,18.0
2026-10-10,05,1,wk inc flu hosp,2026-10-17,quantile,0.35,19.5
2026-10-10,05,1,wk inc flu hosp,2026-10-17,quantile,0.4,22.0
2026-10-10,05,1,wk inc flu hosp,2026-10-17,quantile,0.45,24.07933588757433
2026-10-10,05,1,wk inc flu hosp,2026-10-17,quantile,0.5,25.721847491508314
2026-10-10,05,1,wk inc flu hosp,2026-10-17,quantile,0.55,27.147800377819266
2026-10-10,05,1,wk inc flu hosp,2026-10-17,quantile,0.6,28.5
2026-10-10,05,1,wk inc flu hosp,2026-10-17,quantile,0.65,29.5
2026-10-10,05,1,wk inc flu hosp,2026-10-17,quantile,0.7,31.5
2026-10-10,05,1,wk inc flu hosp,2026-10-17,quantile,0.75,34.0
2026-10-10,05,1,wk inc flu hosp,2026-10-17,quantile,0.8,37.5
2026-10-10,05,1,wk inc flu hosp,2026-10-17,quantile,0.85,40.0
2026-10-10,05,1,wk inc flu hosp,2026-10-17,quantile,0.9,48.5
2026-10-10,05,1,wk inc flu hosp,2026-10-17,quantile,0.95,56.5
2026-10-10,05,1,wk inc flu hosp,2026-10-17,quantile,0.975,67.5
2026-10-10,05,1,wk inc flu hosp,2026-10-17,quantile,0.99,89.0
2026-10-10,05,2,wk inc flu hosp,2026-10-24,quantile,0.01,4.5
2026-10-10,05,2,wk inc flu hosp,2026-10-24,quantile,0.025,7.0
2026-10-10,05,2,wk inc flu hosp,2026-10-24,quantile,0.05,8.87207609464809
2026-10-10,05,2,wk inc flu hosp,2026-10-24,quantile,0.1,13.0
2026-10-10,05,2,wk inc flu hosp,2026-10-24,quantile,0.15,15.0
2026-10-10,05,2,wk inc flu hosp,2026-10-24,quantile,0.2,18.0
2026-10-10,05,2,wk inc flu hosp,2026-10-24,quantile,0.25,20.111817783966934
2026-10-10,05,2,wk inc flu hosp,2026-10-24,quantile,0.3,22.5
2026-10-10,05,2,wk inc flu hosp,2026-10-24,quantile,0.35,25.0
2026-10-10,05,2,wk inc flu hosp,2026-10-24,quantile,0.4,27.0
2026-10-10,05,2,wk inc flu hosp,2026-10-24,quantile,0.45,30.0
2026-10-10,05,2,wk inc flu hosp,2026-10-24,quantile,0.5,33.0
2026-10-10,05,2,wk inc flu hosp,2026-10-24,quantile,0.55,35.5
2026-10-10,05,2,wk inc flu hosp,2026-10-24,quantile,0.6,39.0
2026-10-10,05,2,wk inc flu hosp,2026-10-24,quantile,0.65,41.0
2026-10-10,05,2,wk inc flu hosp,2026-10-24,quantile,0.7,45.0
2026-10-10,05,2,wk inc flu hosp,2026-10-24,quantile,0.75,50.0
2026-10-10,05,2,wk inc flu hosp,2026-10-24,quantile,0.8,55.0
2026-10-10,05,2,wk inc flu hosp,2026-10-24,quantile,0.85,63.0
2026-10-10,05,2,wk inc flu hosp,2026-10-24,quantile,0.9,74.0
2026-10-10,05,2,wk inc flu hosp,2026-10-24,quantile,0.95,89.5
2026-10-10,05,2,wk inc flu hosp,2026-10-24,quantile,0.975,104.5
2026-10-10,05,2,wk inc flu hosp,2026-10-24,quantile,0.99,134.0
2026-10-10,05,3,wk inc flu hosp,2026-10-31,quantile,0.01,5.5
2026-10-10,05,3,wk inc flu hosp,2026-10-31,quantile,0.025,7.5
2026-10-10,05,3,wk inc flu hosp,2026-10-31,quantile,0.05,9.853185270635421
2026-10-10,05,3,wk inc flu hosp,2026-10-31,quantile,0.1,14.361005563246966
2026-10-10,05,3,wk inc flu hosp,2026-10-31,quantile,0.15,17.0
2026-10-10,05,3,wk inc flu hosp,2026-10-31,quantile,0.2,21.0
2026-10-10,05,3,wk inc flu hosp,2026-10-31,quantile,0.25,24.5
2026-10-10,05,3,wk inc flu hosp,2026-10-31,quantile,0.3,28.5
2026-10-10,05,3,wk inc flu hosp,2026-10-31,quantile,0.35,32.0
2026-10-10,05,3,wk inc flu hosp,2026-10-31,quantile,0.4,36.0
2026-10-10,05,3,wk inc flu hosp,2026-10-31,quantile,0.45,40.0
2026-10-10,05,3,wk inc flu hosp,2026-10-31,quantile,0.5,44.0
2026-10-10,05,3,wk inc flu hosp,2026-10-31,quantile,0.55,48.5
2026-10-10,05,3,wk inc flu hosp,2026-10-31,quantile,0.6,53.5
2026-10-10,05,3,wk inc flu hosp,2026-10-31,quantile,0.65,59.5
2026-10-10,05,3,wk inc flu hosp,2026-10-31,quantile,0.7,66.5
2026-10-10,05,3,wk inc flu hosp,2026-10-31,quantile,0.75,74.5
2026-10-10,05,3,wk inc flu hosp,2026-10-31,quantile,0.8,87.5
2026-10-10,05,3,wk inc flu hosp,2026-10-31,quantile,0.85,102.5
2026-10-10,05,3,wk inc flu hosp,2026-10-31,quantile,0.9,119.5
2026-10-10,05,3,wk inc flu hosp,2026-10-31,quantile,0.95,154.5
2026-10-10,05,3,wk inc flu hosp,2026-10-31,quantile,0.975,179.5
2026-10-10,05,3,wk inc flu hosp,2026-10-31,quantile,0.99,220.0
2026-10-10,06,0,wk inc flu hosp,2026-10-10,quantile,0.01,241.0
2026-10-10,06,0,wk inc flu hosp,2026-10-10,quantile,0.025,291.0
2026-10-10,06,0,wk inc flu hosp,2026-10-10,quantile,0.05,323.0
2026-10-10,06,0,wk inc flu hosp,2026-10-10,quantile,0.1,368.0
2026-10-10,06,0,wk inc flu hosp,2026-10-10,quantile,0.15,401.0
2026-10-10,06,0,wk inc flu hosp,2026-10-10,quantile,0.2,432.0
2026-10-10,06,0,wk inc flu hosp,2026-10-10,quantile,0.25,442.0
2026-10-10,06,0,wk inc flu hosp,2026-10-10,quantile,0.3,459.0
2026-10-10,06,0,wk inc flu hosp,2026-10-10,quantile,0.35,483.0
2026-10-10,06,0,wk inc flu hosp,2026-10-10,quantile,0.4,506.0
2026-10-10,06,0,wk inc flu hosp,2026-10-10,quantile,0.45,530.0
2026-10-10,06,0,wk inc flu hosp,2026-10-10,quantile,0.5,547.0
2026-10-10,06,0,wk inc flu hosp,2026-10-10,quantile,0.55,558.0
2026-10-10,06,0,wk inc flu hosp,2026-10-10,quantile,0.6,570.0
2026-10-10,06,0,wk inc flu hosp,2026-10-10,quantile,0.65,592.0
2026-10-10,06,0,wk inc flu hosp,2026-10-10,quantile,0.7,608.0
2026-10-10,06,0,wk inc flu hosp,2026-10-10,quantile,0.75,649.0
2026-10-10,06,0,wk inc flu hosp,2026-10-10,quantile,0.8,681.0
2026-10-10,06,0,wk inc flu hosp,2026-10-10,quantile,0.85,710.0
2026-10-10,06,0,wk inc flu hosp,2026-10-10,quantile,0.9,781.0
2026-10-10,06,0,wk inc flu hosp,2026-10-10,quantile,0.95,875.9452212688548
2026-10-10,06,0,wk inc flu hosp,2026-10-10,quantile,0.975,1112.0
2026-10-10,06,0,wk inc flu hosp,2026-10-10,quantile,0.99,1279.0
2026-10-10,06,1,wk inc flu hosp,2026-10-17,quantile,0.01,217.0
2026-10-10,06,1,wk inc flu hosp,2026-10-17,quantile,0.025,259.0
2026-10-10,06,1,wk inc flu hosp,2026-10-17,quantile,0.05,299.0
2026-10-10,06,1,wk inc flu hosp,2026-10-17,quantile,0.1,358.0
2026-10-10,06,1,wk inc flu hosp,2026-10-17,quantile,0.15,403.0
2026-10-10,06,1,wk inc flu hosp,2026-10-17,quantile,0.2,424.0
2026-10-10,06,1,wk inc flu hosp,2026-10-17,quantile,0.25,459.0
2026-10-10,06,1,wk inc flu hosp,2026-10-17,quantile,0.3,494.0
2026-10-10,06,1,wk inc flu hosp,2026-10-17,quantile,0.35,528.0
2026-10-10,06,1,wk inc flu hosp,2026-10-17,quantile,0.4,562.0
2026-10-10,06,1,wk inc flu hosp,2026-10-17,quantile,0.45,597.0
2026-10-10,06,1,wk inc flu hosp,2026-10-17,quantile,0.5,632.0
2026-10-10,06,1,wk inc flu hosp,2026-10-17,quantile,0.55,667.0
2026-10-10,06,1,wk inc flu hosp,2026-10-17,quantile,0.6,695.0
2026-10-10,06,1,wk inc flu hosp,2026-10-17,quantile,0.65,732.0
2026-10-10,06,1,wk inc flu hosp,2026-10-17,quantile,0.7,763.0
2026-10-10,06,1,wk inc flu hosp,2026-10-17,quantile,0.75,803.0
2026-10-10,06,1,wk inc flu hosp,2026-10-17,quantile,0.8,852.0
2026-10-10,06,1,wk inc flu hosp,2026-10-17,quantile,0.85,903.0
2026-10-10,06,1,wk inc flu hosp,2026-10-17,quantile,0.9,1038.0
2026-10-10,06,1,wk inc flu hosp,2026-10-17,quantile,0.95,1150.0
2026-10-10,06,1,wk inc flu hosp,2026-10-17,quantile,0.975,1332.0
2026-10-10,06,1,wk inc flu hosp,2026-10-17,quantile,0.99,1694.0
2026-10-10,06,2,wk inc flu hosp,2026-10-24,quantile,0.01,201.0
2026-10-10,06,2,wk inc flu hosp,2026-10-24,quantile,0.025,251.0
2026-10-10,06,2,wk inc flu hosp,2026-10-24,quantile,0.05,304.0
2026-10-10,06,2,wk inc flu hosp,2026-10-24,quantile,0.1,354.0
2026-10-10,06,2,wk inc flu hosp,2026-10-24,quantile,0.15,405.0
2026-10-10,06,2,wk inc flu hosp,2026-10-24,quantile,0.2,454.0
2026-10-10,06,2,wk inc flu hosp,2026-10-24,quantile,0.25,503.0
2026-10-10,06,2,wk inc flu hosp,2026-10-24,quantile,0.3,551.0
2026-10-10,06,2,wk inc flu hosp,2026-10-24,quantile,0.35,599.0
2026-10-10,06,2,wk inc flu hosp,2026-10-24,quantile,0.4,648.0
2026-10-10,06,2,wk inc flu hosp,2026-10-24,quantile,0.45,704.0
2026-10-10,06,2,wk inc flu hosp,2026-10-24,quantile,0.5,760.0
2026-10-10,06,2,wk inc flu hosp,2026-10-24,quantile,0.55,805.0
2026-10-10,06,2,wk inc flu hosp,2026-10-24,quantile,0.6,847.0
2026-10-10,06,2,wk inc flu hosp,2026-10-24,quantile,0.65,902.0
2026-10-10,06,2,wk inc flu hosp,2026-10-24,quantile,0.7,970.0
2026-10-10,06,2,wk inc flu hosp,2026-10-24,quantile,0.75,1041.0
2026-10-10,06,2,wk inc flu hosp,2026-10-24,quantile,0.8,1119.0
2026-10-10,06,2,wk inc flu hosp,2026-10-24,quantile,0.85,1217.0
2026-10-10,06,2,wk inc flu hosp,2026-10-24,quantile,0.9,1417.0
2026-10-10,06,2,wk inc flu hosp,2026-10-24,quantile,0.95,1771.0
2026-10-10,06,2,wk inc flu hosp,2026-10-24,quantile,0.975,2028.0
2026-10-10,06,2,wk inc flu hosp,2026-10-24,quantile,0.99,2474.0
2026-10-10,06,3,wk inc flu hosp,2026-10-31,quantile,0.01,175.0
2026-10-10,06,3,wk inc flu hosp,2026-10-31,quantile,0.025,233.0
2026-10-10,06,3,wk inc flu hosp,2026-10-31,quantile,0.05,284.0
2026-10-10,06,3,wk inc flu hosp,2026-10-31,quantile,0.1,348.0
2026-10-10,06,3,wk inc flu hosp,2026-10-31,quantile,0.15,413.0
2026-10-10,06,3,wk inc flu hosp,2026-10-31,quantile,0.2,469.0
2026-10-10,06,3,wk inc flu hosp,2026-10-31,quantile,0.25,526.0
2026-10-10,06,3,wk inc flu hosp,2026-10-31,quantile,0.3,586.0
2026-10-10,06,3,wk inc flu hosp,2026-10-31,quantile,0.35,651.0
2026-10-10,06,3,wk inc flu hosp,2026-10-31,quantile,0.4,718.0
2026-10-10,06,3,wk inc flu hosp,2026-10-31,quantile,0.45,790.0
2026-10-10,06,3,wk inc flu hosp,2026-10-31,quantile,0.5,865.0
2026-10-10,06,3,wk inc flu hosp,2026-10-31,quantile,0.55,947.0
2026-10-10,06,3,wk inc flu hosp,2026-10-31,quantile,0.6,1041.0
2026-10-10,06,3,wk inc flu hosp,2026-10-31,quantile,0.65,1130.0
2026-10-10,06,3,wk inc flu hosp,2026-10-31,quantile,0.7,1239.0
2026-10-10,06,3,wk inc flu hosp,2026-10-31,quantile,0.75,1290.0
2026-10-10,06,3,wk inc flu hosp,2026-10-31,quantile,0.8,1479.0
2026-10-10,06,3,wk inc flu hosp,2026-10-31,quantile,0.85,1664.0
2026-10-10,06,3,wk inc flu hosp,2026-10-31,quantile,0.9,1878.0
2026-10-10,06,3,wk inc flu hosp,2026-10-31,quantile,0.95,2396.0
2026-10-10,06,3,wk inc flu hosp,2026-10-31,quantile,0.975,3077.0
2026-10-10,06,3,wk inc flu hosp,2026-10-31,quantile,0.99,3994.0
2026-10-10,08,0,wk inc flu hosp,2026-10-10,quantile,0.01,12.0
2026-10-10,08,0,wk inc flu hosp,2026-10-10,quantile,0.025,15.5
2026-10-10,08,0,wk inc flu hosp,2026-10-10,quantile,0.05,22.80348075632024
2026-10-10,08,0,wk inc flu hosp,2026-10-10,quantile,0.1,28.5
2026-10-10,08,0,wk inc flu hosp,2026-10-10,quantile,0.15,31.0
2026-10-10,08,0,wk inc flu hosp,2026-10-10,quantile,0.2,33.5
2026-10-10,08,0,wk inc flu hosp,2026-10-10,quantile,0.25,35.0
2026-10-10,08,0,wk inc flu hosp,2026-10-10,quantile,0.3,37.0
2026-10-10,08,0,wk inc flu hosp,2026-10-10,quantile,0.35,39.0
2026-10-10,08,0,wk inc flu hosp,2026-10-10,quantile,0.4,40.5
2026-10-10,08,0,wk inc flu hosp,2026-10-10,quantile,0.45,43.0
2026-10-10,08,0,wk inc flu hosp,2026-10-10,quantile,0.5,46.0
2026-10-10,08,0,wk inc flu hosp,2026-10-10,quantile,0.55,47.5
2026-10-10,08,0,wk inc flu hosp,2026-10-10,quantile,0.6,50.0
2026-10-10,08,0,wk inc flu hosp,2026-10-10,quantile,0.65,53.5
2026-10-10,08,0,wk inc flu hosp,2026-10-10,quantile,0.7,56.0
2026-10-10,08,0,wk inc flu hosp,2026-10-10,quantile,0.75,60.0
2026-10-10,08,0,wk inc flu hosp,2026-10-10,quantile,0.8,65.31932445529617
2026-10-10,08,0,wk inc flu hosp,2026-10-10,quantile,0.85,69.89837821052973
2026-10-10,08,0,wk inc flu hosp,2026-10-10,quantile,0.9,79.22499417654902
2026-10-10,08,0,wk inc flu hosp,2026-10-10,quantile,0.95,96.54687321970763
2026-10-10,08,0,wk inc flu hosp,2026-10-10,quantile,0.975,123.0
2026-10-10,08,0,wk inc flu hosp,2026-10-10,quantile,0.99,159.5
2026-10-10,08,1,wk inc flu hosp,2026-10-17,quantile,0.01,11.5
2026-10-10,08,1,wk inc flu hosp,2026-10-17,quantile,0.025,15.5
2026-10-10,08,1,wk inc flu hosp,2026-10-17,quantile,0.05,19.5
2026-10-10,08,1,wk inc flu hosp,2026-10-17,quantile,0.1,25.2579746559445
2026-10-10,08,1,wk inc flu hosp,2026-10-17,quantile,0.15,31.31549760881621
2026-10-10,08,1,wk inc flu hosp,2026-10-17,quantile,0.2,35.5
2026-10-10,08,1,wk inc flu hosp,2026-10-17,quantile,0.25,39.0
2026-10-10,08,1,wk inc flu hosp,2026-10-17,quantile,0.3,41.5
2026-10-10,08,1,wk inc flu hosp,2026-10-17,quantile,0.35,45.0
2026-10-10,08,1,wk inc flu hosp,2026-10-17,quantile,0.4,48.5
2026-10-10,08,1,wk inc flu hosp,2026-10-17,quantile,0.45,52.5
2026-10-10,08,1,wk inc flu hosp,2026-10-17,quantile,0.5,57.07748959751828
2026-10-10,08,1,wk inc flu hosp,2026-10-17,quantile,0.55,58.7140121467794
2026-10-10,08,1,wk inc flu hosp,2026-10-17,quantile,0.6,63.0
2026-10-10,08,1,wk inc flu hosp,2026-10-17,quantile,0.65,66.5
2026-10-10,08,1,wk inc flu hosp,2026-10-17,quantile,0.7,68.5
2026-10-10,08,1,wk inc flu hosp,2026-10-17,quantile,0.75,71.5
2026-10-10,08,1,wk inc flu hosp,2026-10-17,quantile,0.8,80.0
2026-10-10,08,1,wk inc flu hosp,2026-10-17,quantile,0.85,90.0
2026-10-10,08,1,wk inc flu hosp,2026-10-17,quantile,0.9,105.0
2026-10-10,08,1,wk inc flu hosp,2026-10-17,quantile,0.95,137.0
2026-10-10,08,1,wk inc flu hosp,2026-10-17,quantile,0.975,155.5
2026-10-10,08,1,wk inc flu hosp,2026-10-17,quantile,0.99,202.0
2026-10-10,08,2,wk inc flu hosp,2026-10-24,quantile,0.01,11.5
2026-10-10,08,2,wk inc flu hosp,2026-10-24,quantile,0.025,15.0
2026-10-10,08,2,wk inc flu hosp,2026-10-24,quantile,0.05,18.0
2026-10-10,08,2,wk inc flu hosp,2026-10-24,quantile,0.1,26.650151455172182
2026-10-10,08,2,wk inc flu hosp,2026-10-24,quantile,0.15,35.10923785687148
2026-10-10,08,2,wk inc flu hosp,2026-10-24,quantile,0.2,39.93282291705424
2026-10-10,08,2,wk inc flu hosp,2026-10-24,quantile,0.25,45.96946648048156
2026-10-10,08,2,wk inc flu hosp,2026-10-24,quantile,0.3,49.9593694847722
2026-10-10,08,2,wk inc flu hosp,2026-10-24,quantile,0.35,57.235415414952904
2026-10-10,08,2,wk inc flu hosp,2026-10-24,quantile,0.4,62.60788070720274
2026-10-10,08,2,wk inc flu hosp,2026-10-24,quantile,0.45,66.93113940328017
2026-10-10,08,2,wk inc flu hosp,2026-10-24,quantile,0.5,70.55062214929008
2026-10-10,08,2,wk inc flu hosp,2026-10-24,quantile,0.55,76.0
2026-10-10,08,2,wk inc flu hosp,2026-10-24,quantile,0.6,82.5
2026-10-10,08,2,wk inc flu hosp,2026-10-24,quantile,0.65,89.0
2026-10-10,08,2,wk inc flu hosp,2026-10-24,quantile,0.7,93.5
2026-10-10,08,2,wk inc flu hosp,2026-10-24,quantile,0.75,101.0
2026-10-10,08,2,wk inc flu hosp,2026-10-24,quantile,0.8,112.5
2026-10-10,08,2,wk inc flu hosp,2026-10-24,quantile,0.85,141.0
2026-10-10,08,2,wk inc flu hosp,2026-10-24,quantile,0.9,176.5
2026-10-10,08,2,wk inc flu hosp,2026-10-24,quantile,0.95,218.5
2026-10-10,08,2,wk inc flu hosp,2026-10-24,quantile,0.975,261.0
2026-10-10,08,2,wk inc flu hosp,2026-10-24,quantile,0.99,319.5
2026-10-10,08,3,wk inc flu hosp,2026-10-31,quantile,0.01,12.0
2026-10-10,08,3,wk inc flu hosp,2026-10-31,quantile,0.025,15.0
2026-10-10,08,3,wk inc flu hosp,2026-10-31,quantile,0.05,19.409478349964093
2026-10-10,08,3,wk inc flu hosp,2026-10-31,quantile,0.1,31.029852937015615
2026-10-10,08,3,wk inc flu hosp,2026-10-31,quantile,0.15,35.526843795351226
2026-10-10,08,3,wk inc flu hosp,2026-10-31,quantile,0.2,46.97653372903053
2026-10-10,08,3,wk inc flu hosp,2026-10-31,quantile,0.25,51.675103403746334
2026-10-10,08,3,wk inc flu hosp,2026-10-31,quantile,0.3,58.25591749065874
2026-10-10,08,3,wk inc flu hosp,2026-10-31,quantile,0.35,66.02776308175673
2026-10-10,08,3,wk inc flu hosp,2026-10-31,quantile,0.4,74.31335639520552
2026-10-10,08,3,wk inc flu hosp,2026-10-31,quantile,0.45,82.0
2026-10-10,08,3,wk inc flu hosp,2026-10-31,quantile,0.5,90.0
2026-10-10,08,3,wk inc flu hosp,2026-10-31,quantile,0.55,99.5
2026-10-10,08,3,wk inc flu hosp,2026-10-31,quantile,0.6,109.0
2026-10-10,08,3,wk inc flu hosp,2026-10-31,quantile,0.65,119.0
2026-10-10,08,3,wk inc flu hosp,2026-10-31,quantile,0.7,139.0
2026-10-10,08,3,wk inc flu hosp,2026-10-31,quantile,0.75,156.5
2026-10-10,08,3,wk inc flu hosp,2026-10-31,quantile,0.8,174.0
2026-10-10,08,3,wk inc flu hosp,2026-10-31,quantile,0.85,205.5
2026-10-10,08,3,wk inc flu hosp,2026-10-31,quantile,0.9,256.5
2026-10-10,08,3,wk inc flu hosp,2026-10-31,quantile,0.95,354.0
2026-10-10,08,3,wk inc flu hosp,2026-10-31,quantile,0.975,450.0
2026-10-10,08,3,wk inc flu hosp,2026-10-31,quantile,0.99,629.0
2026-10-10,09,0,wk inc flu hosp,2026-10-10,quantile,0.01,5.0
2026-10-10,09,0,wk inc flu hosp,2026-10-10,quantile,0.025,7.846530180387658
2026-10-10,09,0,wk inc flu hosp,2026-10-10,quantile,0.05,9.0
2026-10-10,09,0,wk inc flu hosp,2026-10-10,quantile,0.1,10.5
2026-10-10,09,0,wk inc flu hosp,2026-10-10,quantile,0.15,13.0
2026-10-10,09,0,wk inc flu hosp,2026-10-10,quantile,0.2,13.5
2026-10-10,09,0,wk inc flu hosp,2026-10-10,quantile,0.25,15.5
2026-10-10,09,0,wk inc flu hosp,2026-10-10,quantile,0.3,17.0
2026-10-10,09,0,wk inc flu hosp,2026-10-10,quantile,0.35,18.5
2026-10-10,09,0,wk inc flu hosp,2026-10-10,quantile,0.4,20.0
2026-10-10,09,0,wk inc flu hosp,2026-10-10,quantile,0.45,22.0
2026-10-10,09,0,wk inc flu hosp,2026-10-10,quantile,0.5,23.0
2026-10-10,09,0,wk inc flu hosp,2026-10-10,quantile,0.55,24.5
2026-10-10,09,0,wk inc flu hosp,2026-10-10,quantile,0.6,25.5
2026-10-10,09,0,wk inc flu hosp,2026-10-10,quantile,0.65,28.0
2026-10-10,09,0,wk inc flu hosp,2026-10-10,quantile,0.7,30.0
2026-10-10,09,0,wk inc flu hosp,2026-10-10,quantile,0.75,33.0
2026-10-10,09,0,wk inc flu hosp,2026-10-10,quantile,0.8,36.5
2026-10-10,09,0,wk inc flu hosp,2026-10-10,quantile,0.85,41.0
2026-10-10,09,0,wk inc flu hosp,2026-10-10,quantile,0.9,47.10859580740947
2026-10-10,09,0,wk inc flu hosp,2026-10-10,quantile,0.95,57.769207460393325
2026-10-10,09,0,wk inc flu hosp,2026-10-10,quantile,0.975,74.5
2026-10-10,09,0,wk inc flu hosp,2026-10-10,quantile,0.99,102.5
2026-10-10,09,1,wk inc flu hosp,2026-10-17,quantile,0.01,4.5
2026-10-10,09,1,wk inc flu hosp,2026-10-17,quantile,0.025,6.5
2026-10-10,09,1,wk inc flu hosp,2026-10-17,quantile,0.05,8.230469982261337
2026-10-10,09,1,wk inc flu hosp,2026-10-17,quantile,0.1,12.0
2026-10-10,09,1,wk inc flu hosp,2026-10-17,quantile,0.15,14.0
2026-10-10,09,1,wk inc flu hosp,2026-10-17,quantile,0.2,16.5
2026-10-10,09,1,wk inc flu hosp,2026-10-17,quantile,0.25,18.5
2026-10-10,09,1,wk inc flu hosp,2026-10-17,quantile,0.3,20.0
2026-10-10,09,1,wk inc flu hosp,2026-10-17,quantile,0.35,22.5
2026-10-10,09,1,wk inc flu hosp,2026-10-17,quantile,0.4,24.5
2026-10-10,09,1,wk inc flu hosp,2026-10-17,quantile,0.45,27.5
2026-10-10,09,1,wk inc flu hosp,2026-10-17,quantile,0.5,30.0
2026-10-10,09,1,wk inc flu hosp,2026-10-17,quantile,0.55,31.5
2026-10-10,09,1,wk inc flu hosp,2026-10-17,quantile,0.6,34.5
2026-10-10,09,1,wk inc flu hosp,2026-10-17,quantile,0.65,36.804551508520476
2026-10-10,09,1,wk inc flu hosp,2026-10-17,quantile,0.7,38.32879674101936
2026-10-10,09,1,wk inc flu hosp,2026-10-17,quantile,0.75,41.05306799513528
2026-10-10,09,1,wk inc flu hosp,2026-10-17,quantile,0.8,47.258902561453375
2026-10-10,09,1,wk inc flu hosp,2026-10-17,quantile,0.85,52.54931378142071
2026-10-10,09,1,wk inc flu hosp,2026-10-17,quantile,0.9,64.15799555072596
2026-10-10,09,1,wk inc flu hosp,2026-10-17,quantile,0.95,78.0
2026-10-10,09,1,wk inc flu hosp,2026-10-17,quantile,0.975,95.5
2026-10-10,09,1,wk inc flu hosp,2026-10-17,quantile,0.99,120.0
2026-10-10,09,2,wk inc flu hosp,2026-10-24,quantile,0.01,4.5
2026-10-10,09,2,wk inc flu hosp,2026-10-24,quantile,0.025,6.5
2026-10-10,09,2,wk inc flu hosp,2026-10-24,quantile,0.05,9.11045572694906
2026-10-10,09,2,wk inc flu hosp,2026-10-24,quantile,0.1,14.0
2026-10-10,09,2,wk inc flu hosp,2026-10-24,quantile,0.15,17.0
2026-10-10,09,2,wk inc flu hosp,2026-10-24,quantile,0.2,20.0
2026-10-10,09,2,wk inc flu hosp,2026-10-24,quantile,0.25,23.0
2026-10-10,09,2,wk inc flu hosp,2026-10-24,quantile,0.3,25.815824173733
2026-10-10,09,2,wk inc flu hosp,2026-10-24,quantile,0.35,28.5
2026-10-10,09,2,wk inc flu hosp,2026-10-24,quantile,0.4,32.0
2026-10-10,09,2,wk inc flu hosp,2026-10-24,quantile,0.45,35.58609187169722
2026-10-10,09,2,wk inc flu hosp,2026-10-24,quantile,0.5,39.103786227960924
2026-10-10,09,2,wk inc flu hosp,2026-10-24,quantile,0.55,42.6144161657561
2026-10-10,09,2,wk inc flu hosp,2026-10-24,quantile,0.6,47.5
2026-10-10,09,2,wk inc flu hosp,2026-10-24,quantile,0.65,52.0
2026-10-10,09,2,wk inc flu hosp,2026-10-24,quantile,0.7,54.78999715530327
2026-10-10,09,2,wk inc flu hosp,2026-10-24,quantile,0.75,60.54209028988727
2026-10-10,09,2,wk inc flu hosp,2026-10-24,quantile,0.8,69.5
2026-10-10,09,2,wk inc flu hosp,2026-10-24,quantile,0.85,80.0
2026-10-10,09,2,wk inc flu hosp,2026-10-24,quantile,0.9,101.7890082757911
2026-10-10,09,2,wk inc flu hosp,2026-10-24,quantile,0.95,132.2418178126798
2026-10-10,09,2,wk inc flu hosp,2026-10-24,quantile,0.975,169.0
2026-10-10,09,2,wk inc flu hosp,2026-10-24,quantile,0.99,215.5
2026-10-10,09,3,wk inc flu hosp,2026-10-31,quantile,0.01,4.5
2026-10-10,09,3,wk inc flu hosp,2026-10-31,quantile,0.025,7.5
2026-10-10,09,3,wk inc flu hosp,2026-10-31,quantile,0.05,10.688666447568892
2026-10-10,09,3,wk inc flu hosp,2026-10-31,quantile,0.1,16.2765617551598
2026-10-10,09,3,wk inc flu hosp,2026-10-31,quantile,0.15,19.27245947914748
2026-10-10,09,3,wk inc flu hosp,2026-10-31,quantile,0.2,23.5809934180716
2026-10-10,09,3,wk inc flu hosp,2026-10-31,quantile,0.25,26.69571893781284
2026-10-10,09,3,wk inc flu hosp,2026-10-31,quantile,0.3,30.333910003655298
2026-10-10,09,3,wk inc flu hosp,2026-10-31,quantile,0.35,33.42334471507692
2026-10-10,09,3,wk inc flu hosp,2026-10-31,quantile,0.4,37.5
2026-10-10,09,3,wk inc flu hosp,2026-10-31,quantile,0.45,42.5
2026-10-10,09,3,wk inc flu hosp,2026-10-31,quantile,0.5,46.5
2026-10-10,09,3,wk inc flu hosp,2026-10-31,quantile,0.55,51.5
2026-10-10,09,3,wk inc flu hosp,2026-10-31,quantile,0.6,57.0
2026-10-10,09,3,wk inc flu hosp,2026-10-31,quantile,0.65,63.5
2026-10-10,09,3,wk inc flu hosp,2026-10-31,quantile,0.7,75.0
2026-10-10,09,3,wk inc flu hosp,2026-10-31,quantile,0.75,88.5
2026-10-10,09,3,wk inc flu hosp,2026-10-31,quantile,0.8,101.5
2026-10-10,09,3,wk inc flu hosp,2026-10-31,quantile,0.85,118.0
2026-10-10,09,3,wk inc flu hosp,2026-10-31,quantile,0.9,142.5
2026-10-10,09,3,wk inc flu hosp,2026-10-31,quantile,0.95,191.5
2026-10-10,09,3,wk inc flu hosp,2026-10-31,quantile,0.975,261.5
2026-10-10,09,3,wk inc flu hosp,2026-10-31,quantile,0.99,367.0
2026-10-10,10,0,wk inc flu hosp,2026-10-10,quantile,0.01,1.0
2026-10-10,10,0,wk inc flu hosp,2026-10-10,quantile,0.025,1.4778125932020734
2026-10-10,10,0,wk inc flu hosp,2026-10-10,quantile,0.05,2.677128723057133
2026-10-10,10,0,wk inc flu hosp,2026-10-10,quantile,0.1,3.5
2026-10-10,10,0,wk inc flu hosp,2026-10-10,quantile,0.15,4.5
2026-10-10,10,0,wk inc flu hosp,2026-10-10,quantile,0.2,4.5
2026-10-10,10,0,wk inc flu hosp,2026-10-10,quantile,0.25,5.5
2026-10-10,10,0,wk inc flu hosp,2026-10-10,quantile,0.3,6.0
2026-10-10,10,0,wk inc flu hosp,2026-10-10,quantile,0.35,6.5
2026-10-10,10,0,wk inc flu hosp,2026-10-10,quantile,0.4,7.0
2026-10-10,10,0,wk inc flu hosp,2026-10-10,quantile,0.45,8.0
2026-10-10,10,0,wk inc flu hosp,2026-10-10,quantile,0.5,8.5
2026-10-10,10,0,wk inc flu hosp,2026-10-10,quantile,0.55,9.5
2026-10-10,10,0,wk inc flu hosp,2026-10-10,quantile,0.6,10.0
2026-10-10,10,0,wk inc flu hosp,2026-10-10,quantile,0.65,10.5
2026-10-10,10,0,wk inc flu hosp,2026-10-10,quantile,0.7,11.5
2026-10-10,10,0,wk inc flu hosp,2026-10-10,quantile,0.75,13.0
2026-10-10,10,0,wk inc flu hosp,2026-10-10,quantile,0.8,14.0
2026-10-10,10,0,wk inc flu hosp,2026-10-10,quantile,0.85,16.0
2026-10-10,10,0,wk inc flu hosp,2026-10-10,quantile,0.9,18.5
2026-10-10,10,0,wk inc flu hosp,2026-10-10,quantile,0.95,23.923841165594006
2026-10-10,10,0,wk inc flu hosp,2026-10-10,quantile,0.975,31.5
2026-10-10,10,0,wk inc flu hosp,2026-10-10,quantile,0.99,44.5
2026-10-10,10,1,wk inc flu hosp,2026-10-17,quantile,0.01,1.0
2026-10-10,10,1,wk inc flu hosp,2026-10-17,quantile,0.025,1.0
2026-10-10,10,1,wk inc flu hosp,2026-10-17,quantile,0.05,2.0
2026-10-10,10,1,wk inc flu hosp,2026-10-17,quantile,0.1,3.0
2026-10-10,10,1,wk inc flu hosp,2026-10-17,quantile,0.15,4.123517053449665
2026-10-10,10,1,wk inc flu hosp,2026-10-17,quantile,0.2,4.7784304097840415
2026-10-10,10,1,wk inc flu hosp,2026-10-17,quantile,0.25,5.5
2026-10-10,10,1,wk inc flu hosp,2026-10-17,quantile,0.3,6.925624263559643
2026-10-10,10,1,wk inc flu hosp,2026-10-17,quantile,0.35,7.142996681019751
2026-10-10,10,1,wk inc flu hosp,2026-10-17,quantile,0.4,7.8761985874770835
2026-10-10,10,1,wk inc flu hosp,2026-10-17,quantile,0.45,9.035194200901469
2026-10-10,10,1,wk inc flu hosp,2026-10-17,quantile,0.5,9.744675678387232
2026-10-10,10,1,wk inc flu hosp,2026-10-17,quantile,0.55,10.763811605978344
2026-10-10,10,1,wk inc flu hosp,2026-10-17,quantile,0.6,11.552195193189089
2026-10-10,10,1,wk inc flu hosp,2026-10-17,quantile,0.65,13.0
2026-10-10,10,1,wk inc flu hosp,2026-10-17,quantile,0.7,14.712962144269687
2026-10-10,10,1,wk inc flu hosp,2026-10-17,quantile,0.75,16.5
2026-10-10,10,1,wk inc flu hosp,2026-10-17,quantile,0.8,17.5
2026-10-10,10,1,wk inc flu hosp,2026-10-17,quantile,0.85,18.5
2026-10-10,10,1,wk inc flu hosp,2026-10-17,quantile,0.9,22.108039743389448
2026-10-10,10,1,wk inc flu hosp,2026-10-17,quantile,0.95,28.000353466240384
2026-10-10,10,1,wk inc flu hosp,2026-10-17,quantile,0.975,32.0
2026-10-10,10,1,wk inc flu hosp,2026-10-17,quantile,0.99,43.5
2026-10-10,10,2,wk inc flu hosp,2026-10-24,quantile,0.01,1.0
2026-10-10,10,2,wk inc flu hosp,2026-10-24,quantile,0.025,1.5
2026-10-10,10,2,wk inc flu hosp,2026-10-24,quantile,0.05,2.5
2026-10-10,10,2,wk inc flu hosp,2026-10-24,quantile,0.1,3.5
2026-10-10,10,2,wk inc flu hosp,2026-10-24,quantile,0.15,4.163579153327515
2026-10-10,10,2,wk inc flu hosp,2026-10-24,quantile,0.2,5.206618909215282
2026-10-10,10,2,wk inc flu hosp,2026-10-24,quantile,0.25,5.854808455406884
2026-10-10,10,2,wk inc flu hosp,2026-10-24,quantile,0.3,7.044909176996131
2026-10-10,10,2,wk inc flu hosp,2026-10-24,quantile,0.35,8.130249346768638
2026-10-10,10,2,wk inc flu hosp,2026-10-24,quantile,0.4,9.625085732031959
2026-10-10,10,2,wk inc flu hosp,2026-10-24,quantile,0.45,10.984636379564598
2026-10-10,10,2,wk inc flu hosp,2026-10-24,quantile,0.5,12.702763244933042
2026-10-10,10,2,wk inc flu hosp,2026-10-24,quantile,0.55,14.183859638635944
2026-10-10,10,2,wk inc flu hosp,2026-10-24,quantile,0.6,15.419212342491013
2026-10-10,10,2,wk inc flu hosp,2026-10-24,quantile,0.65,17.38661633277049
2026-10-10,10,2,wk inc flu hosp,2026-10-24,quantile,0.7,19.504913555835863
2026-10-10,10,2,wk inc flu hosp,2026-10-24,quantile,0.75,22.071365812553015
2026-10-10,10,2,wk inc flu hosp,2026-10-24,quantile,0.8,26.0
2026-10-10,10,2,wk inc flu hosp,2026-10-24,quantile,0.85,27.5
2026-10-10,10,2,wk inc flu hosp,2026-10-24,quantile,0.9,37.5
2026-10-10,10,2,wk inc flu hosp,2026-10-24,quantile,0.95,47.415841268132006
2026-10-10,10,2,wk inc flu hosp,2026-10-24,quantile,0.975,55.0
2026-10-10,10,2,wk inc flu hosp,2026-10-24,quantile,0.99,70.5
2026-10-10,10,3,wk inc flu hosp,2026-10-31,quantile,0.01,1.0
2026-10-10,10,3,wk inc flu hosp,2026-10-31,quantile,0.025,1.5
2026-10-10,10,3,wk inc flu hosp,2026-10-31,quantile,0.05,2.0
2026-10-10,10,3,wk inc flu hosp,2026-10-31,quantile,0.1,3.5
2026-10-10,10,3,wk inc flu hosp,2026-10-31,quantile,0.15,5.019096704943428
2026-10-10,10,3,wk inc flu hosp,2026-10-31,quantile,0.2,6.2075218522034525
2026-10-10,10,3,wk inc flu hosp,2026-10-31,quantile,0.25,7.082802171572322
2026-10-10,10,3,wk inc flu hosp,2026-10-31,quantile,0.3,8.538730256865428
2026-10-10,10,3,wk inc flu hosp,2026-10-31,quantile,0.35,9.5
2026-10-10,10,3,wk inc flu hosp,2026-10-31,quantile,0.4,11.0
2026-10-10,10,3,wk inc flu hosp,2026-10-31,quantile,0.45,13.22897686063197
2026-10-10,10,3,wk inc flu hosp,2026-10-31,quantile,0.5,15.316568924354616
2026-10-10,10,3,wk inc flu hosp,2026-10-31,quantile,0.55,16.830026664565395
2026-10-10,10,3,wk inc flu hosp,2026-10-31,quantile,0.6,19.594410718980686
2026-10-10,10,3,wk inc flu hosp,2026-10-31,quantile,0.65,23.0
2026-10-10,10,3,wk inc flu hosp,2026-10-31,quantile,0.7,27.5
2026-10-10,10,3,wk inc flu hosp,2026-10-31,quantile,0.75,33.0
2026-10-10,10,3,wk inc flu hosp,2026-10-31,quantile,0.8,43.5
2026-10-10,10,3,wk inc flu hosp,2026-10-31,quantile,0.85,51.0
2026-10-10,10,3,wk inc flu hosp,2026-10-31,quantile,0.9,63.5
2026-10-10,10,3,wk inc flu hosp,2026-10-31,quantile,0.95,84.5
2026-10-10,10,3,wk inc flu hosp,2026-10-31,quantile,0.975,96.0
2026-10-10,10,3,wk inc flu hosp,2026-10-31,quantile,0.99,114.0
2026-10-10,11,0,wk inc flu hosp,2026-10-10,quantile,0.01,0.0
2026-10-10,11,0,wk inc flu hosp,2026-10-10,quantile,0.025,0.0
2026-10-10,11,0,wk inc flu hosp,2026-10-10,quantile,0.05,1.0
2026-10-10,11,0,wk inc flu hosp,2026-10-10,quantile,0.1,1.0
2026-10-10,11,0,wk inc flu hosp,2026-10-10,quantile,0.15,1.5
2026-10-10,11,0,wk inc flu hosp,2026-10-10,quantile,0.2,2.0
2026-10-10,11,0,wk inc flu hosp,2026-10-10,quantile,0.25,2.0
2026-10-10,11,0,wk inc flu hosp,2026-10-10,quantile,0.3,2.0
2026-10-10,11,0,wk inc flu hosp,2026-10-10,quantile,0.35,2.5
2026-10-10,11,0,wk inc flu hosp,2026-10-10,quantile,0.4,3.0
2026-10-10,11,0,wk inc flu hosp,2026-10-10,quantile,0.45,3.0
2026-10-10,11,0,wk inc flu hosp,2026-10-10,quantile,0.5,3.0
2026-10-10,11,0,wk inc flu hosp,2026-10-10,quantile,0.55,3.5
2026-10-10,11,0,wk inc flu hosp,2026-10-10,quantile,0.6,4.0
2026-10-10,11,0,wk inc flu hosp,2026-10-10,quantile,0.65,4.0
2026-10-10,11,0,wk inc flu hosp,2026-10-10,quantile,0.7,4.5
2026-10-10,11,0,wk inc flu hosp,2026-10-10,quantile,0.75,5.390104531105655
2026-10-10,11,0,wk inc flu hosp,2026-10-10,quantile,0.8,6.0
2026-10-10,11,0,wk inc flu hosp,2026-10-10,quantile,0.85,6.468308443890619
2026-10-10,11,0,wk inc flu hosp,2026-10-10,quantile,0.9,7.443891398000215
2026-10-10,11,0,wk inc flu hosp,2026-10-10,quantile,0.95,9.920441778335624
2026-10-10,11,0,wk inc flu hosp,2026-10-10,quantile,0.975,12.5
2026-10-10,11,0,wk inc flu hosp,2026-10-10,quantile,0.99,17.0
2026-10-10,11,1,wk inc flu hosp,2026-10-17,quantile,0.01,0.0
2026-10-10,11,1,wk inc flu hosp,2026-10-17,quantile,0.025,0.0
2026-10-10,11,1,wk inc flu hosp,2026-10-17,quantile,0.05,1.0
2026-10-10,11,1,wk inc flu hosp,2026-10-17,quantile,0.1,1.2223850709923234
2026-10-10,11,1,wk inc flu hosp,2026-10-17,quantile,0.15,2.0
2026-10-10,11,1,wk inc flu hosp,2026-10-17,quantile,0.2,2.0
2026-10-10,11,1,wk inc flu hosp,2026-10-17,quantile,0.25,2.1207327510254146
2026-10-10,11,1,wk inc flu hosp,2026-10-17,quantile,0.3,3.0
2026-10-10,11,1,wk inc flu hosp,2026-10-17,quantile,0.35,3.0
2026-10-10,11,1,wk inc flu hosp,2026-10-17,quantile,0.4,3.0
2026-10-10,11,1,wk inc flu hosp,2026-10-17,quantile,0.45,3.0
2026-10-10,11,1,wk inc flu hosp,2026-10-17,quantile,0.5,4.0
2026-10-10,11,1,wk inc flu hosp,2026-10-17,quantile,0.55,4.0
2026-10-10,11,1,wk inc flu hosp,2026-10-17,quantile,0.6,4.5
2026-10-10,11,1,wk inc flu hosp,2026-10-17,quantile,0.65,4.5419636897077424
2026-10-10,11,1,wk inc flu hosp,2026-10-17,quantile,0.7,5.21046058837495
2026-10-10,11,1,wk inc flu hosp,2026-10-17,quantile,0.75,5.5
2026-10-10,11,1,wk inc flu hosp,2026-10-17,quantile,0.8,6.0
2026-10-10,11,1,wk inc flu hosp,2026-10-17,quantile,0.85,7.1975330971801865
2026-10-10,11,1,wk inc flu hosp,2026-10-17,quantile,0.9,7.953712731551623
2026-10-10,11,1,wk inc flu hosp,2026-10-17,quantile,0.95,9.612246299956443
2026-10-10,11,1,wk inc flu hosp,2026-10-17,quantile,0.975,12.403853650360144
2026-10-10,11,1,wk inc flu hosp,2026-10-17,quantile,0.99,18.5
2026-10-10,11,2,wk inc flu hosp,2026-10-24,quantile,0.01,0.0
2026-10-10,11,2,wk inc flu hosp,2026-10-24,quantile,0.025,0.6112657336351367
2026-10-10,11,2,wk inc flu hosp,2026-10-24,quantile,0.05,1.0
2026-10-10,11,2,wk inc flu hosp,2026-10-24,quantile,0.1,2.0
2026-10-10,11,2,wk inc flu hosp,2026-10-24,quantile,0.15,2.0
2026-10-10,11,2,wk inc flu hosp,2026-10-24,quantile,0.2,2.563384215300517
2026-10-10,11,2,wk inc flu hosp,2026-10-24,quantile,0.25,3.0
2026-10-10,11,2,wk inc flu hosp,2026-10-24,quantile,0.3,3.5
2026-10-10,11,2,wk inc flu hosp,2026-10-24,quantile,0.35,3.522539025044944
2026-10-10,11,2,wk inc flu hosp,2026-10-24,quantile,0.4,3.650895115511746
2026-10-10,11,2,wk inc flu hosp,2026-10-24,quantile,0.45,4.5
2026-10-10,11,2,wk inc flu hosp,2026-10-24,quantile,0.5,4.5
2026-10-10,11,2,wk inc flu hosp,2026-10-24,quantile,0.55,5.0
2026-10-10,11,2,wk inc flu hosp,2026-10-24,quantile,0.6,6.0
2026-10-10,11,2,wk inc flu hosp,2026-10-24,quantile,0.65,6.0
2026-10-10,11,2,wk inc flu hosp,2026-10-24,quantile,0.7,7.0
2026-10-10,11,2,wk inc flu hosp,2026-10-24,quantile,0.75,7.5
2026-10-10,11,2,wk inc flu hosp,2026-10-24,quantile,0.8,8.5
2026-10-10,11,2,wk inc flu hosp,2026-10-24,quantile,0.85,9.5
2026-10-10,11,2,wk inc flu hosp,2026-10-24,quantile,0.9,11.5
2026-10-10,11,2,wk inc flu hosp,2026-10-24,quantile,0.95,15.5
2026-10-10,11,2,wk inc flu hosp,2026-10-24,quantile,0.975,21.0
2026-10-10,11,2,wk inc flu hosp,2026-10-24,quantile,0.99,33.0
2026-10-10,11,3,wk inc flu hosp,2026-10-31,quantile,0.01,0.0
2026-10-10,11,3,wk inc flu hosp,2026-10-31,quantile,0.025,1.0
2026-10-10,11,3,wk inc flu hosp,2026-10-31,quantile,0.05,1.0
2026-10-10,11,3,wk inc flu hosp,2026-10-31,quantile,0.1,2.0
2026-10-10,11,3,wk inc flu hosp,2026-10-31,quantile,0.15,2.5
2026-10-10,11,3,wk inc flu hosp,2026-10-31,quantile,0.2,2.5390738294651394
2026-10-10,11,3,wk inc flu hosp,2026-10-31,quantile,0.25,3.5
2026-10-10,11,3,wk inc flu hosp,2026-10-31,quantile,0.3,3.5
2026-10-10,11,3,wk inc flu hosp,2026-10-31,quantile,0.35,4.081764836722025
2026-10-10,11,3,wk inc flu hosp,2026-10-31,quantile,0.4,4.5
2026-10-10,11,3,wk inc flu hosp,2026-10-31,quantile,0.45,5.0739360573839685
2026-10-10,11,3,wk inc flu hosp,2026-10-31,quantile,0.5,6.0
2026-10-10,11,3,wk inc flu hosp,2026-10-31,quantile,0.55,6.5
2026-10-10,11,3,wk inc flu hosp,2026-10-31,quantile,0.6,7.5
2026-10-10,11,3,wk inc flu hosp,2026-10-31,quantile,0.65,8.0
2026-10-10,11,3,wk inc flu hosp,2026-10-31,quantile,0.7,8.5
2026-10-10,11,3,wk inc flu hosp,2026-10-31,quantile,0.75,10.0
2026-10-10,11,3,wk inc flu hosp,2026-10-31,quantile,0.8,11.5
2026-10-10,11,3,wk inc flu hosp,2026-10-31,quantile,0.85,13.0
2026-10-10,11,3,wk inc flu hosp,2026-10-31,quantile,0.9,16.5
2026-10-10,11,3,wk inc flu hosp,2026-10-31,quantile,0.95,30.5
2026-10-10,11,3,wk inc flu hosp,2026-10-31,quantile,0.975,40.0
2026-10-10,11,3,wk inc flu hosp,2026-10-31,quantile,0.99,59.0
2026-10-10,12,0,wk inc flu hosp,2026-10-10,quantile,0.01,302.5
2026-10-10,12,0,wk inc flu hosp,2026-10-10,quantile,0.025,365.5
2026-10-10,12,0,wk inc flu hosp,2026-10-10,quantile,0.05,412.5
2026-10-10,12,0,wk inc flu hosp,2026-10-10,quantile,0.1,453.5
2026-10-10,12,0,wk inc flu hosp,2026-10-10,quantile,0.15,479.5
2026-10-10,12,0,wk inc flu hosp,2026-10-10,quantile,0.2,508.0
2026-10-10,12,0,wk inc flu hosp,2026-10-10,quantile,0.25,536.5
2026-10-10,12,0,wk inc flu hosp,2026-10-10,quantile,0.3,560.5
2026-10-10,12,0,wk inc flu hosp,2026-10-10,quantile,0.35,578.5
2026-10-10,12,0,wk inc flu hosp,2026-10-10,quantile,0.4,597.0
2026-10-10,12,0,wk inc flu hosp,2026-10-10,quantile,0.45,608.5
2026-10-10,12,0,wk inc flu hosp,2026-10-10,quantile,0.5,621.0
2026-10-10,12,0,wk inc flu hosp,2026-10-10,quantile,0.55,642.5
2026-10-10,12,0,wk inc flu hosp,2026-10-10,quantile,0.6,658.5
2026-10-10,12,0,wk inc flu hosp,2026-10-10,quantile,0.65,686.3569286376485
2026-10-10,12,0,wk inc flu hosp,2026-10-10,quantile,0.7,710.5
2026-10-10,12,0,wk inc flu hosp,2026-10-10,quantile,0.75,743.7341398698557
2026-10-10,12,0,wk inc flu hosp,2026-10-10,quantile,0.8,783.54269912117
2026-10-10,12,0,wk inc flu hosp,2026-10-10,quantile,0.85,817.5133698856723
2026-10-10,12,0,wk inc flu hosp,2026-10-10,quantile,0.9,917.4155219903237
2026-10-10,12,0,wk inc flu hosp,2026-10-10,quantile,0.95,1060.4847993790336
2026-10-10,12,0,wk inc flu hosp,2026-10-10,quantile,0.975,1244.0
2026-10-10,12,0,wk inc flu hosp,2026-10-10,quantile,0.99,1497.0
2026-10-10,12,1,wk inc flu hosp,2026-10-17,quantile,0.01,264.5
2026-10-10,12,1,wk inc flu hosp,2026-10-17,quantile,0.025,342.0
2026-10-10,12,1,wk inc flu hosp,2026-10-17,quantile,0.05,389.0
2026-10-10,12,1,wk inc flu hosp,2026-10-17,quantile,0.1,445.0
2026-10-10,12,1,wk inc flu hosp,2026-10-17,quantile,0.15,486.5
2026-10-10,12,1,wk inc flu hosp,2026-10-17,quantile,0.2,528.0
2026-10-10,12,1,wk inc flu hosp,2026-10-17,quantile,0.25,573.5
2026-10-10,12,1,wk inc flu hosp,2026-10-17,quantile,0.3,605.0
2026-10-10,12,1,wk inc flu hosp,2026-10-17,quantile,0.35,633.5
2026-10-10,12,1,wk inc flu hosp,2026-10-17,quantile,0.4,662.0
2026-10-10,12,1,wk inc flu hosp,2026-10-17,quantile,0.45,689.5
2026-10-10,12,1,wk inc flu hosp,2026-10-17,quantile,0.5,716.5
2026-10-10,12,1,wk inc flu hosp,2026-10-17,quantile,0.55,736.0
2026-10-10,12,1,wk inc flu hosp,2026-10-17,quantile,0.6,763.5
2026-10-10,12,1,wk inc flu hosp,2026-10-17,quantile,0.65,821.0
2026-10-10,12,1,wk inc flu hosp,2026-10-17,quantile,0.7,851.5
2026-10-10,12,1,wk inc flu hosp,2026-10-17,quantile,0.75,900.0
2026-10-10,12,1,wk inc flu hosp,2026-10-17,quantile,0.8,945.5
2026-10-10,12,1,wk inc flu hosp,2026-10-17,quantile,0.85,1007.0
2026-10-10,12,1,wk inc flu hosp,2026-10-17,quantile,0.9,1111.5
2026-10-10,12,1,wk inc flu hosp,2026-10-17,quantile,0.95,1222.0
2026-10-10,12,1,wk inc flu hosp,2026-10-17,quantile,0.975,1492.0
2026-10-10,12,1,wk inc flu hosp,2026-10-17,quantile,0.99,1825.0
2026-10-10,12,2,wk inc flu hosp,2026-10-24,quantile,0.01,242.0
2026-10-10,12,2,wk inc flu hosp,2026-10-24,quantile,0.025,313.5
2026-10-10,12,2,wk inc flu hosp,2026-10-24,quantile,0.05,361.0
2026-10-10,12,2,wk inc flu hosp,2026-10-24,quantile,0.1,449.0
2026-10-10,12,2,wk inc flu hosp,2026-10-24,quantile,0.15,522.0
2026-10-10,12,2,wk inc flu hosp,2026-10-24,quantile,0.2,576.5
2026-10-10,12,2,wk inc flu hosp,2026-10-24,quantile,0.25,622.0
2026-10-10,12,2,wk inc flu hosp,2026-10-24,quantile,0.3,665.5
2026-10-10,12,2,wk inc flu hosp,2026-10-24,quantile,0.35,706.0
2026-10-10,12,2,wk inc flu hosp,2026-10-24,quantile,0.4,750.0
2026-10-10,12,2,wk inc flu hosp,2026-10-24,quantile,0.45,793.5
2026-10-10,12,2,wk inc flu hosp,2026-10-24,quantile,0.5,827.0
2026-10-10,12,2,wk inc flu hosp,2026-10-24,quantile,0.55,859.0
2026-10-10,12,2,wk inc flu hosp,2026-10-24,quantile,0.6,901.5
2026-10-10,12,2,wk inc flu hosp,2026-10-24,quantile,0.65,947.5
2026-10-10,12,2,wk inc flu hosp,2026-10-24,quantile,0.7,1003.0
2026-10-10,12,2,wk inc flu hosp,2026-10-24,quantile,0.75,1073.5
2026-10-10,12,2,wk inc flu hosp,2026-10-24,quantile,0.8,1170.0
2026-10-10,12,2,wk inc flu hosp,2026-10-24,quantile,0.85,1279.0
2026-10-10,12,2,wk inc flu hosp,2026-10-24,quantile,0.9,1429.0
2026-10-10,12,2,wk inc flu hosp,2026-10-24,quantile,0.95,1687.0
2026-10-10,12,2,wk inc flu hosp,2026-10-24,quantile,0.975,2050.5
2026-10-10,12,2,wk inc flu hosp,2026-10-24,quantile,0.99,2491.5
2026-10-10,12,3,wk inc flu hosp,2026-10-31,quantile,0.01,228.5
2026-10-10,12,3,wk inc flu hosp,2026-10-31,quantile,0.025,310.5
2026-10-10,12,3,wk inc flu hosp,2026-10-31,quantile,0.05,365.0
2026-10-10,12,3,wk inc flu hosp,2026-10-31,quantile,0.1,469.0
2026-10-10,12,3,wk inc flu hosp,2026-10-31,quantile,0.15,545.5
2026-10-10,12,3,wk inc flu hosp,2026-10-31,quantile,0.2,602.5
2026-10-10,12,3,wk inc flu hosp,2026-10-31,quantile,0.25,661.5
2026-10-10,12,3,wk inc flu hosp,2026-10-31,quantile,0.3,719.0
2026-10-10,12,3,wk inc flu hosp,2026-10-31,quantile,0.35,772.5
2026-10-10,12,3,wk inc flu hosp,2026-10-31,quantile,0.4,847.5
2026-10-10,12,3,wk inc flu hosp,2026-10-31,quantile,0.45,910.5
2026-10-10,12,3,wk inc flu hosp,2026-10-31,quantile,0.5,977.0
2026-10-10,12,3,wk inc flu hosp,2026-10-31,quantile,0.55,1074.5
2026-10-10,12,3,wk inc flu hosp,2026-10-31,quantile,0.6,1139.5
2026-10-10,12,3,wk inc flu hosp,2026-10-31,quantile,0.65,1225.5
2026-10-10,12,3,wk inc flu hosp,2026-10-31,quantile,0.7,1310.0
2026-10-10,12,3,wk inc flu hosp,2026-10-31,quantile,0.75,1398.0
2026-10-10,12,3,wk inc flu hosp,2026-10-31,quantile,0.8,1581.5
2026-10-10,12,3,wk inc flu hosp,2026-10-31,quantile,0.85,1798.5
2026-10-10,12,3,wk inc flu hosp,2026-10-31,quantile,0.9,2021.0
2026-10-10,12,3,wk inc flu hosp,2026-10-31,quantile,0.95,2386.5
2026-10-10,12,3,wk inc flu hosp,2026-10-31,quantile,0.975,2851.0
2026-10-10,12,3,wk inc flu hosp,2026-10-31,quantile,0.99,3623.4807109365975
2026-10-10,13,0,wk inc flu hosp,2026-10-10,quantile,0.01,20.0
2026-10-10,13,0,wk inc flu hosp,2026-10-10,quantile,0.025,25.0
2026-10-10,13,0,wk inc flu hosp,2026-10-10,quantile,0.05,31.54709154832627
2026-10-10,13,0,wk inc flu hosp,2026-10-10,quantile,0.1,40.124138669778084
2026-10-10,13,0,wk inc flu hosp,2026-10-10,quantile,0.15,43.0
2026-10-10,13,0,wk inc flu hosp,2026-10-10,quantile,0.2,45.0
2026-10-10,13,0,wk inc flu hosp,2026-10-10,quantile,0.25,47.0
2026-10-10,13,0,wk inc flu hosp,2026-10-10,quantile,0.3,48.5
2026-10-10,13,0,wk inc flu hosp,2026-10-10,quantile,0.35,51.0
2026-10-10,13,0,wk inc flu hosp,2026-10-10,quantile,0.4,54.5
2026-10-10,13,0,wk inc flu hosp,2026-10-10,quantile,0.45,58.0
2026-10-10,13,0,wk inc flu hosp,2026-10-10,quantile,0.5,61.5
2026-10-10,13,0,wk inc flu hosp,2026-10-10,quantile,0.55,65.5
2026-10-10,13,0,wk inc flu hosp,2026-10-10,quantile,0.6,68.5
2026-10-10,13,0,wk inc flu hosp,2026-10-10,quantile,0.65,71.5
2026-10-10,13,0,wk inc flu hosp,2026-10-10,quantile,0.7,76.0
2026-10-10,13,0,wk inc flu hosp,2026-10-10,quantile,0.75,80.0
2026-10-10,13,0,wk inc flu hosp,2026-10-10,quantile,0.8,86.0
2026-10-10,13,0,wk inc flu hosp,2026-10-10,quantile,0.85,92.09700365068196
2026-10-10,13,0,wk inc flu hosp,2026-10-10,quantile,0.9,103.0
2026-10-10,13,0,wk inc flu hosp,2026-10-10,quantile,0.95,121.5
2026-10-10,13,0,wk inc flu hosp,2026-10-10,quantile,0.975,148.5
2026-10-10,13,0,wk inc flu hosp,2026-10-10,quantile,0.99,192.0
2026-10-10,13,1,wk inc flu hosp,2026-10-17,quantile,0.01,19.5
2026-10-10,13,1,wk inc flu hosp,2026-10-17,quantile,0.025,25.5
2026-10-10,13,1,wk inc flu hosp,2026-10-17,quantile,0.05,31.5
2026-10-10,13,1,wk inc flu hosp,2026-10-17,quantile,0.1,38.25045107074037
2026-10-10,13,1,wk inc flu hosp,2026-10-17,quantile,0.15,42.06920818308663
2026-10-10,13,1,wk inc flu hosp,2026-10-17,quantile,0.2,46.0
2026-10-10,13,1,wk inc flu hosp,2026-10-17,quantile,0.25,50.0
2026-10-10,13,1,wk inc flu hosp,2026-10-17,quantile,0.3,52.5
2026-10-10,13,1,wk inc flu hosp,2026-10-17,quantile,0.35,57.0
2026-10-10,13,1,wk inc flu hosp,2026-10-17,quantile,0.4,60.0
2026-10-10,13,1,wk inc flu hosp,2026-10-17,quantile,0.45,64.0
2026-10-10,13,1,wk inc flu hosp,2026-10-17,quantile,0.5,68.5
2026-10-10,13,1,wk inc flu hosp,2026-10-17,quantile,0.55,72.5
2026-10-10,13,1,wk inc flu hosp,2026-10-17,quantile,0.6,76.5
2026-10-10,13,1,wk inc flu hosp,2026-10-17,quantile,0.65,80.5
2026-10-10,13,1,wk inc flu hosp,2026-10-17,quantile,0.7,85.5
2026-10-10,13,1,wk inc flu hosp,2026-10-17,quantile,0.75,92.5
2026-10-10,13,1,wk inc flu hosp,2026-10-17,quantile,0.8,100.0
2026-10-10,13,1,wk inc flu hosp,2026-10-17,quantile,0.85,107.0
2026-10-10,13,1,wk inc flu hosp,2026-10-17,quantile,0.9,118.0
2026-10-10,13,1,wk inc flu hosp,2026-10-17,quantile,0.95,155.5
2026-10-10,13,1,wk inc flu hosp,2026-10-17,quantile,0.975,186.0
2026-10-10,13,1,wk inc flu hosp,2026-10-17,quantile,0.99,270.5
2026-10-10,13,2,wk inc flu hosp,2026-10-24,quantile,0.01,18.5
2026-10-10,13,2,wk inc flu hosp,2026-10-24,quantile,0.025,24.5
2026-10-10,13,2,wk inc flu hosp,2026-10-24,quantile,0.05,29.5
2026-10-10,13,2,wk inc flu hosp,2026-10-24,quantile,0.1,37.5
2026-10-10,13,2,wk inc flu hosp,2026-10-24,quantile,0.15,44.5
2026-10-10,13,2,wk inc flu hosp,2026-10-24,quantile,0.2,50.0
2026-10-10,13,2,wk inc flu hosp,2026-10-24,quantile,0.25,55.0
2026-10-10,13,2,wk inc flu hosp,2026-10-24,quantile,0.3,60.5
2026-10-10,13,2,wk inc flu hosp,2026-10-24,quantile,0.35,65.5
2026-10-10,13,2,wk inc flu hosp,2026-10-24,quantile,0.4,71.0
2026-10-10,13,2,wk inc flu hosp,2026-10-24,quantile,0.45,76.67550649837145
2026-10-10,13,2,wk inc flu hosp,2026-10-24,quantile,0.5,84.75116556482504
2026-10-10,13,2,wk inc flu hosp,2026-10-24,quantile,0.55,88.53387179766248
2026-10-10,13,2,wk inc flu hosp,2026-10-24,quantile,0.6,93.4656971152443
2026-10-10,13,2,wk inc flu hosp,2026-10-24,quantile,0.65,101.0
2026-10-10,13,2,wk inc flu hosp,2026-10-24,quantile,0.7,109.0
2026-10-10,13,2,wk inc flu hosp,2026-10-24,quantile,0.75,118.5
2026-10-10,13,2,wk inc flu hosp,2026-10-24,quantile,0.8,132.5
2026-10-10,13,2,wk inc flu hosp,2026-10-24,quantile,0.85,148.0
2026-10-10,13,2,wk inc flu hosp,2026-10-24,quantile,0.9,173.5
2026-10-10,13,2,wk inc flu hosp,2026-10-24,quantile,0.95,241.5
2026-10-10,13,2,wk inc flu hosp,2026-10-24,quantile,0.975,307.5
2026-10-10,13,2,wk inc flu hosp,2026-10-24,quantile,0.99,410.0
2026-10-10,13,3,wk inc flu hosp,2026-10-31,quantile,0.01,20.5
2026-10-10,13,3,wk inc flu hosp,2026-10-31,quantile,0.025,25.0
2026-10-10,13,3,wk inc flu hosp,2026-10-31,quantile,0.05,30.5
2026-10-10,13,3,wk inc flu hosp,2026-10-31,quantile,0.1,40.784464994069225
2026-10-10,13,3,wk inc flu hosp,2026-10-31,quantile,0.15,48.0
2026-10-10,13,3,wk inc flu hosp,2026-10-31,quantile,0.2,54.5
2026-10-10,13,3,wk inc flu hosp,2026-10-31,quantile,0.25,61.5
2026-10-10,13,3,wk inc flu hosp,2026-10-31,quantile,0.3,68.5
2026-10-10,13,3,wk inc flu hosp,2026-10-31,quantile,0.35,75.75851151603473
2026-10-10,13,3,wk inc flu hosp,2026-10-31,quantile,0.4,83.14218138863022
2026-10-10,13,3,wk inc flu hosp,2026-10-31,quantile,0.45,92.0
2026-10-10,13,3,wk inc flu hosp,2026-10-31,quantile,0.5,101.5
2026-10-10,13,3,wk inc flu hosp,2026-10-31,quantile,0.55,116.0
2026-10-10,13,3,wk inc flu hosp,2026-10-31,quantile,0.6,130.0
2026-10-10,13,3,wk inc flu hosp,2026-10-31,quantile,0.65,148.0
2026-10-10,13,3,wk inc flu hosp,2026-10-31,quantile,0.7,166.5
2026-10-10,13,3,wk inc flu hosp,2026-10-31,quantile,0.75,183.0
2026-10-10,13,3,wk inc flu hosp,2026-10-31,quantile,0.8,209.5
2026-10-10,13,3,wk inc flu hosp,2026-10-31,quantile,0.85,252.0
2026-10-10,13,3,wk inc flu hosp,2026-10-31,quantile,0.9,305.5
2026-10-10,13,3,wk inc flu hosp,2026-10-31,quantile,0.95,408.0
2026-10-10,13,3,wk inc flu hosp,2026-10-31,quantile,0.975,516.5
2026-10-10,13,3,wk inc flu hosp,2026-10-31,quantile,0.99,697.5
2026-10-10,15,0,wk inc flu hosp,2026-10-10,quantile,0.01,18.0
2026-10-10,15,0,wk inc flu hosp,2026-10-10,quantile,0.025,21.0
2026-10-10,15,0,wk inc flu hosp,2026-10-10,quantile,0.05,25.0
2026-10-10,15,0,wk inc flu hosp,2026-10-10,quantile,0.1,33.0
2026-10-10,15,0,wk inc flu hosp,2026-10-10,quantile,0.15,38.0
2026-10-10,15,0,wk inc flu hosp,2026-10-10,quantile,0.2,44.0
2026-10-10,15,0,wk inc flu hosp,2026-10-10,quantile,0.25,47.0
2026-10-10,15,0,wk inc flu hosp,2026-10-10,quantile,0.3,49.0
2026-10-10,15,0,wk inc flu hosp,2026-10-10,quantile,0.35,53.0
2026-10-10,15,0,wk inc flu hosp,2026-10-10,quantile,0.4,56.0
2026-10-10,15,0,wk inc flu hosp,2026-10-10,quantile,0.45,59.0
2026-10-10,15,0,wk inc flu hosp,2026-10-10,quantile,0.5,62.0
2026-10-10,15,0,wk inc flu hosp,2026-10-10,quantile,0.55,65.0
2026-10-10,15,0,wk inc flu hosp,2026-10-10,quantile,0.6,65.0
2026-10-10,15,0,wk inc flu hosp,2026-10-10,quantile,0.65,68.0
2026-10-10,15,0,wk inc flu hosp,2026-10-10,quantile,0.7,75.0
2026-10-10,15,0,wk inc flu hosp,2026-10-10,quantile,0.75,83.0
2026-10-10,15,0,wk inc flu hosp,2026-10-10,quantile,0.8,91.0
2026-10-10,15,0,wk inc flu hosp,2026-10-10,quantile,0.85,101.0
2026-10-10,15,0,wk inc flu hosp,2026-10-10,quantile,0.9,116.24727392154256
2026-10-10,15,0,wk inc flu hosp,2026-10-10,quantile,0.95,136.77495681745987
2026-10-10,15,0,wk inc flu hosp,2026-10-10,quantile,0.975,171.73006986492314
2026-10-10,15,0,wk inc flu hosp,2026-10-10,quantile,0.99,227.0
2026-10-10,15,1,wk inc flu hosp,2026-10-17,quantile,0.01,17.0
2026-10-10,15,1,wk inc flu hosp,2026-10-17,quantile,0.025,22.0
2026-10-10,15,1,wk inc flu hosp,2026-10-17,quantile,0.05,26.0
2026-10-10,15,1,wk inc flu hosp,2026-10-17,quantile,0.1,36.0
2026-10-10,15,1,wk inc flu hosp,2026-10-17,quantile,0.15,43.0
2026-10-10,15,1,wk inc flu hosp,2026-10-17,quantile,0.2,48.0
2026-10-10,15,1,wk inc flu hosp,2026-10-17,quantile,0.25,53.0
2026-10-10,15,1,wk inc flu hosp,2026-10-17,quantile,0.3,56.0
2026-10-10,15,1,wk inc flu hosp,2026-10-17,quantile,0.35,61.0
2026-10-10,15,1,wk inc flu hosp,2026-10-17,quantile,0.4,66.0
2026-10-10,15,1,wk inc flu hosp,2026-10-17,quantile,0.45,70.0
2026-10-10,15,1,wk inc flu hosp,2026-10-17,quantile,0.5,73.0
2026-10-10,15,1,wk inc flu hosp,2026-10-17,quantile,0.55,75.0
2026-10-10,15,1,wk inc flu hosp,2026-10-17,quantile,0.6,76.0
2026-10-10,15,1,wk inc flu hosp,2026-10-17,quantile,0.65,83.0
2026-10-10,15,1,wk inc flu hosp,2026-10-17,quantile,0.7,92.0
2026-10-10,15,1,wk inc flu hosp,2026-10-17,quantile,0.75,103.0
2026-10-10,15,1,wk inc flu hosp,2026-10-17,quantile,0.8,115.0
2026-10-10,15,1,wk inc flu hosp,2026-10-17,quantile,0.85,121.608299772701
2026-10-10,15,1,wk inc flu hosp,2026-10-17,quantile,0.9,144.0
2026-10-10,15,1,wk inc flu hosp,2026-10-17,quantile,0.95,166.0
2026-10-10,15,1,wk inc flu hosp,2026-10-17,quantile,0.975,196.0
2026-10-10,15,1,wk inc flu hosp,2026-10-17,quantile,0.99,230.0
2026-10-10,15,2,wk inc flu hosp,2026-10-24,quantile,0.01,17.0
2026-10-10,15,2,wk inc flu hosp,2026-10-24,quantile,0.025,22.314610681610745
2026-10-10,15,2,wk inc flu hosp,2026-10-24,quantile,0.05,27.910480023553724
2026-10-10,15,2,wk inc flu hosp,2026-10-24,quantile,0.1,39.0
2026-10-10,15,2,wk inc flu hosp,2026-10-24,quantile,0.15,46.0
2026-10-10,15,2,wk inc flu hosp,2026-10-24,quantile,0.2,52.0
2026-10-10,15,2,wk inc flu hosp,2026-10-24,quantile,0.25,57.0
2026-10-10,15,2,wk inc flu hosp,2026-10-24,quantile,0.3,61.0
2026-10-10,15,2,wk inc flu hosp,2026-10-24,quantile,0.35,66.0
2026-10-10,15,2,wk inc flu hosp,2026-10-24,quantile,0.4,74.0
2026-10-10,15,2,wk inc flu hosp,2026-10-24,quantile,0.45,79.0
2026-10-10,15,2,wk inc flu hosp,2026-10-24,quantile,0.5,84.0
2026-10-10,15,2,wk inc flu hosp,2026-10-24,quantile,0.55,88.0
2026-10-10,15,2,wk inc flu hosp,2026-10-24,quantile,0.6,99.0
2026-10-10,15,2,wk inc flu hosp,2026-10-24,quantile,0.65,111.0
2026-10-10,15,2,wk inc flu hosp,2026-10-24,quantile,0.7,119.0
2026-10-10,15,2,wk inc flu hosp,2026-10-24,quantile,0.75,133.0
2026-10-10,15,2,wk inc flu hosp,2026-10-24,quantile,0.8,143.0
2026-10-10,15,2,wk inc flu hosp,2026-10-24,quantile,0.85,161.0
2026-10-10,15,2,wk inc flu hosp,2026-10-24,quantile,0.9,192.0
2026-10-10,15,2,wk inc flu hosp,2026-10-24,quantile,0.95,237.0
2026-10-10,15,2,wk inc flu hosp,2026-10-24,quantile,0.975,285.0
2026-10-10,15,2,wk inc flu hosp,2026-10-24,quantile,0.99,345.0
2026-10-10,15,3,wk inc flu hosp,2026-10-31,quantile,0.01,13.210028968859609
2026-10-10,15,3,wk inc flu hosp,2026-10-31,quantile,0.025,19.040868205719143
2026-10-10,15,3,wk inc flu hosp,2026-10-31,quantile,0.05,31.0
2026-10-10,15,3,wk inc flu hosp,2026-10-31,quantile,0.1,36.94468080955291
2026-10-10,15,3,wk inc flu hosp,2026-10-31,quantile,0.15,40.71219431301583
2026-10-10,15,3,wk inc flu hosp,2026-10-31,quantile,0.2,50.816930262092015
2026-10-10,15,3,wk inc flu hosp,2026-10-31,quantile,0.25,60.28794843771877
2026-10-10,15,3,wk inc flu hosp,2026-10-31,quantile,0.3,67.0
2026-10-10,15,3,wk inc flu hosp,2026-10-31,quantile,0.35,74.0
2026-10-10,15,3,wk inc flu hosp,2026-10-31,quantile,0.4,76.70071958175579
2026-10-10,15,3,wk inc flu hosp,2026-10-31,quantile,0.45,86.06372533543706
2026-10-10,15,3,wk inc flu hosp,2026-10-31,quantile,0.5,96.0
2026-10-10,15,3,wk inc flu hosp,2026-10-31,quantile,0.55,101.0
2026-10-10,15,3,wk inc flu hosp,2026-10-31,quantile,0.6,113.0
2026-10-10,15,3,wk inc flu hosp,2026-10-31,quantile,0.65,128.0
2026-10-10,15,3,wk inc flu hosp,2026-10-31,quantile,0.7,146.0
2026-10-10,15,3,wk inc flu hosp,2026-10-31,quantile,0.75,168.0
2026-10-10,15,3,wk inc flu hosp,2026-10-31,quantile,0.8,189.0
2026-10-10,15,3,wk inc flu hosp,2026-10-31,quantile,0.85,217.0
2026-10-10,15,3,wk inc flu hosp,2026-10-31,quantile,0.9,255.0
2026-10-10,15,3,wk inc flu hosp,2026-10-31,quantile,0.95,318.0
2026-10-10,15,3,wk inc flu hosp,2026-10-31,quantile,0.975,409.0
2026-10-10,15,3,wk inc flu hosp,2026-10-31,quantile,0.99,505.0
2026-10-10,16,0,wk inc flu hosp,2026-10-10,quantile,0.01,4.5
2026-10-10,16,0,wk inc flu hosp,2026-10-10,quantile,0.025,6.0
2026-10-10,16,0,wk inc flu hosp,2026-10-10,quantile,0.05,8.9010586048779
2026-10-10,16,0,wk inc flu hosp,2026-10-10,quantile,0.1,10.839776916506551
2026-10-10,16,0,wk inc flu hosp,2026-10-10,quantile,0.15,12.5
2026-10-10,16,0,wk inc flu hosp,2026-10-10,quantile,0.2,13.5
2026-10-10,16,0,wk inc flu hosp,2026-10-10,quantile,0.25,14.5
2026-10-10,16,0,wk inc flu hosp,2026-10-10,quantile,0.3,15.0
2026-10-10,16,0,wk inc flu hosp,2026-10-10,quantile,0.35,15.5
2026-10-10,16,0,wk inc flu hosp,2026-10-10,quantile,0.4,16.5
2026-10-10,16,0,wk inc flu hosp,2026-10-10,quantile,0.45,18.0
2026-10-10,16,0,wk inc flu hosp,2026-10-10,quantile,0.5,19.362352668903547
2026-10-10,16,0,wk inc flu hosp,2026-10-10,quantile,0.55,20.206884488730516
2026-10-10,16,0,wk inc flu hosp,2026-10-10,quantile,0.6,21.613042960814795
2026-10-10,16,0,wk inc flu hosp,2026-10-10,quantile,0.65,23.27363142213256
2026-10-10,16,0,wk inc flu hosp,2026-10-10,quantile,0.7,25.05751230274069
2026-10-10,16,0,wk inc flu hosp,2026-10-10,quantile,0.75,26.106998507520053
2026-10-10,16,0,wk inc flu hosp,2026-10-10,quantile,0.8,27.762681274783837
2026-10-10,16,0,wk inc flu hosp,2026-10-10,quantile,0.85,30.797819963918386
2026-10-10,16,0,wk inc flu hosp,2026-10-10,quantile,0.9,33.5
2026-10-10,16,0,wk inc flu hosp,2026-10-10,quantile,0.95,38.98081236995495
2026-10-10,16,0,wk inc flu hosp,2026-10-10,quantile,0.975,50.73212916735058
2026-10-10,16,0,wk inc flu hosp,2026-10-10,quantile,0.99,69.0
2026-10-10,16,1,wk inc flu hosp,2026-10-17,quantile,0.01,4.0
2026-10-10,16,1,wk inc flu hosp,2026-10-17,quantile,0.025,6.0
2026-10-10,16,1,wk inc flu hosp,2026-10-17,quantile,0.05,7.5
2026-10-10,16,1,wk inc flu hosp,2026-10-17,quantile,0.1,10.452785280321917
2026-10-10,16,1,wk inc flu hosp,2026-10-17,quantile,0.15,12.381802188777105
2026-10-10,16,1,wk inc flu hosp,2026-10-17,quantile,0.2,13.942301916548907
2026-10-10,16,1,wk inc flu hosp,2026-10-17,quantile,0.25,15.5
2026-10-10,16,1,wk inc flu hosp,2026-10-17,quantile,0.3,17.0
2026-10-10,16,1,wk inc flu hosp,2026-10-17,quantile,0.35,18.0
2026-10-10,16,1,wk inc flu hosp,2026-10-17,quantile,0.4,19.5
2026-10-10,16,1,wk inc flu hosp,2026-10-17,quantile,0.45,21.0
2026-10-10,16,1,wk inc flu hosp,2026-10-17,quantile,0.5,23.0
2026-10-10,16,1,wk inc flu hosp,2026-10-17,quantile,0.55,24.0
2026-10-10,16,1,wk inc flu hosp,2026-10-17,quantile,0.6,26.0
2026-10-10,16,1,wk inc flu hosp,2026-10-17,quantile,0.65,28.5
2026-10-10,16,1,wk inc flu hosp,2026-10-17,quantile,0.7,29.5
2026-10-10,16,1,wk inc flu hosp,2026-10-17,quantile,0.75,31.5
2026-10-10,16,1,wk inc flu hosp,2026-10-17,quantile,0.8,36.0
2026-10-10,16,1,wk inc flu hosp,2026-10-17,quantile,0.85,39.0
2026-10-10,16,1,wk inc flu hosp,2026-10-17,quantile,0.9,45.5
2026-10-10,16,1,wk inc flu hosp,2026-10-17,quantile,0.95,52.0
2026-10-10,16,1,wk inc flu hosp,2026-10-17,quantile,0.975,65.5
2026-10-10,16,1,wk inc flu hosp,2026-10-17,quantile,0.99,80.5
2026-10-10,16,2,wk inc flu hosp,2026-10-24,quantile,0.01,4.5
2026-10-10,16,2,wk inc flu hosp,2026-10-24,quantile,0.025,6.5
2026-10-10,16,2,wk inc flu hosp,2026-10-24,quantile,0.05,8.5
2026-10-10,16,2,wk inc flu hosp,2026-10-24,quantile,0.1,11.0
2026-10-10,16,2,wk inc flu hosp,2026-10-24,quantile,0.15,14.0
2026-10-10,16,2,wk inc flu hosp,2026-10-24,quantile,0.2,16.0
2026-10-10,16,2,wk inc flu hosp,2026-10-24,quantile,0.25,17.5
2026-10-10,16,2,wk inc flu hosp,2026-10-24,quantile,0.3,19.0
2026-10-10,16,2,wk inc flu hosp,2026-10-24,quantile,0.35,20.5
2026-10-10,16,2,wk inc flu hosp,2026-10-24,quantile,0.4,22.093277585731194
2026-10-10,16,2,wk inc flu hosp,2026-10-24,quantile,0.45,24.0
2026-10-10,16,2,wk inc flu hosp,2026-10-24,quantile,0.5,25.5
2026-10-10,16,2,wk inc flu hosp,2026-10-24,quantile,0.55,28.0
2026-10-10,16,2,wk inc flu hosp,2026-10-24,quantile,0.6,31.0
2026-10-10,16,2,wk inc flu hosp,2026-10-24,quantile,0.65,34.0
2026-10-10,16,2,wk inc flu hosp,2026-10-24,quantile,0.7,35.5
2026-10-10,16,2,wk inc flu hosp,2026-10-24,quantile,0.75,40.5
2026-10-10,16,2,wk inc flu hosp,2026-10-24,quantile,0.8,47.0
2026-10-10,16,2,wk inc flu hosp,2026-10-24,quantile,0.85,54.0
2026-10-10,16,2,wk inc flu hosp,2026-10-24,quantile,0.9,64.5
2026-10-10,16,2,wk inc flu hosp,2026-10-24,quantile,0.95,77.5
2026-10-10,16,2,wk inc flu hosp,2026-10-24,quantile,0.975,94.0
2026-10-10,16,2,wk inc flu hosp,2026-10-24,quantile,0.99,119.5
2026-10-10,16,3,wk inc flu hosp,2026-10-31,quantile,0.01,5.5
2026-10-10,16,3,wk inc flu hosp,2026-10-31,quantile,0.025,7.5
2026-10-10,16,3,wk inc flu hosp,2026-10-31,quantile,0.05,9.0
2026-10-10,16,3,wk inc flu hosp,2026-10-31,quantile,0.1,13.0
2026-10-10,16,3,wk inc flu hosp,2026-10-31,quantile,0.15,15.5
2026-10-10,16,3,wk inc flu hosp,2026-10-31,quantile,0.2,18.5
2026-10-10,16,3,wk inc flu hosp,2026-10-31,quantile,0.25,21.0
2026-10-10,16,3,wk inc flu hosp,2026-10-31,quantile,0.3,23.5
2026-10-10,16,3,wk inc flu hosp,2026-10-31,quantile,0.35,26.0
2026-10-10,16,3,wk inc flu hosp,2026-10-31,quantile,0.4,29.0
2026-10-10,16,3,wk inc flu hosp,2026-10-31,quantile,0.45,31.0
2026-10-10,16,3,wk inc flu hosp,2026-10-31,quantile,0.5,35.0
2026-10-10,16,3,wk inc flu hosp,2026-10-31,quantile,0.55,39.0
2026-10-10,16,3,wk inc flu hosp,2026-10-31,quantile,0.6,44.0
2026-10-10,16,3,wk inc flu hosp,2026-10-31,quantile,0.65,48.0
2026-10-10,16,3,wk inc flu hosp,2026-10-31,quantile,0.7,54.5
2026-10-10,16,3,wk inc flu hosp,2026-10-31,quantile,0.75,60.5
2026-10-10,16,3,wk inc flu hosp,2026-10-31,quantile,0.8,74.0
2026-10-10,16,3,wk inc flu hosp,2026-10-31,quantile,0.85,85.0
2026-10-10,16,3,wk inc flu hosp,2026-10-31,quantile,0.9,101.5
2026-10-10,16,3,wk inc flu hosp,2026-10-31,quantile,0.95,125.0
2026-10-10,16,3,wk inc flu hosp,2026-10-31,quantile,0.975,152.0
2026-10-10,16,3,wk inc flu hosp,2026-10-31,quantile,0.99,183.5
2026-10-10,17,0,wk inc flu hosp,2026-10-10,quantile,0.01,29.5
2026-10-10,17,0,wk inc flu hosp,2026-10-10,quantile,0.025,35.5
2026-10-10,17,0,wk inc flu hosp,2026-10-10,quantile,0.05,41.5
2026-10-10,17,0,wk inc flu hosp,2026-10-10,quantile,0.1,51.5
2026-10-10,17,0,wk inc flu hosp,2026-10-10,quantile,0.15,55.5
2026-10-10,17,0,wk inc flu hosp,2026-10-10,quantile,0.2,60.0
2026-10-10,17,0,wk inc flu hosp,2026-10-10,quantile,0.25,64.0
2026-10-10,17,0,wk inc flu hosp,2026-10-10,quantile,0.3,68.5
2026-10-10,17,0,wk inc flu hosp,2026-10-10,quantile,0.35,72.0
2026-10-10,17,0,wk inc flu hosp,2026-10-10,quantile,0.4,76.0
2026-10-10,17,0,wk inc flu hosp,2026-10-10,quantile,0.45,80.0
2026-10-10,17,0,wk inc flu hosp,2026-10-10,quantile,0.5,84.0
2026-10-10,17,0,wk inc flu hosp,2026-10-10,quantile,0.55,88.0
2026-10-10,17,0,wk inc flu hosp,2026-10-10,quantile,0.6,93.0
2026-10-10,17,0,wk inc flu hosp,2026-10-10,quantile,0.65,98.0
2026-10-10,17,0,wk inc flu hosp,2026-10-10,quantile,0.7,104.0
2026-10-10,17,0,wk inc flu hosp,2026-10-10,quantile,0.75,110.0
2026-10-10,17,0,wk inc flu hosp,2026-10-10,quantile,0.8,118.5
2026-10-10,17,0,wk inc flu hosp,2026-10-10,quantile,0.85,128.0
2026-10-10,17,0,wk inc flu hosp,2026-10-10,quantile,0.9,145.0
2026-10-10,17,0,wk inc flu hosp,2026-10-10,quantile,0.95,170.5
2026-10-10,17,0,wk inc flu hosp,2026-10-10,quantile,0.975,205.0
2026-10-10,17,0,wk inc flu hosp,2026-10-10,quantile,0.99,257.0
2026-10-10,17,1,wk inc flu hosp,2026-10-17,quantile,0.01,28.0
2026-10-10,17,1,wk inc flu hosp,2026-10-17,quantile,0.025,34.0
2026-10-10,17,1,wk inc flu hosp,2026-10-17,quantile,0.05,39.0
2026-10-10,17,1,wk inc flu hosp,2026-10-17,quantile,0.1,47.0
2026-10-10,17,1,wk inc flu hosp,2026-10-17,quantile,0.15,54.5
2026-10-10,17,1,wk inc flu hosp,2026-10-17,quantile,0.2,61.5
2026-10-10,17,1,wk inc flu hosp,2026-10-17,quantile,0.25,70.0
2026-10-10,17,1,wk inc flu hosp,2026-10-17,quantile,0.3,74.171238736675
2026-10-10,17,1,wk inc flu hosp,2026-10-17,quantile,0.35,79.80199284986037
2026-10-10,17,1,wk inc flu hosp,2026-10-17,quantile,0.4,84.49046150009607
2026-10-10,17,1,wk inc flu hosp,2026-10-17,quantile,0.45,88.5
2026-10-10,17,1,wk inc flu hosp,2026-10-17,quantile,0.5,94.0
2026-10-10,17,1,wk inc flu hosp,2026-10-17,quantile,0.55,99.5
2026-10-10,17,1,wk inc flu hosp,2026-10-17,quantile,0.6,104.0
2026-10-10,17,1,wk inc flu hosp,2026-10-17,quantile,0.65,108.5
2026-10-10,17,1,wk inc flu hosp,2026-10-17,quantile,0.7,114.10914826980465
2026-10-10,17,1,wk inc flu hosp,2026-10-17,quantile,0.75,120.5
2026-10-10,17,1,wk inc flu hosp,2026-10-17,quantile,0.8,133.5
2026-10-10,17,1,wk inc flu hosp,2026-10-17,quantile,0.85,152.0
2026-10-10,17,1,wk inc flu hosp,2026-10-17,quantile,0.9,170.5
2026-10-10,17,1,wk inc flu hosp,2026-10-17,quantile,0.95,201.0
2026-10-10,17,1,wk inc flu hosp,2026-10-17,quantile,0.975,241.5
2026-10-10,17,1,wk inc flu hosp,2026-10-17,quantile,0.99,301.0
2026-10-10,17,2,wk inc flu hosp,2026-10-24,quantile,0.01,25.0
2026-10-10,17,2,wk inc flu hosp,2026-10-24,quantile,0.025,31.5
2026-10-10,17,2,wk inc flu hosp,2026-10-24,quantile,0.05,39.5
2026-10-10,17,2,wk inc flu hosp,2026-10-24,quantile,0.1,52.0
2026-10-10,17,2,wk inc flu hosp,2026-10-24,quantile,0.15,61.0
2026-10-10,17,2,wk inc flu hosp,2026-10-24,quantile,0.2,68.5
2026-10-10,17,2,wk inc flu hosp,2026-10-24,quantile,0.25,76.0
2026-10-10,17,2,wk inc flu hosp,2026-10-24,quantile,0.3,83.5
2026-10-10,17,2,wk inc flu hosp,2026-10-24,quantile,0.35,90.5
2026-10-10,17,2,wk inc flu hosp,2026-10-24,quantile,0.4,97.53582655419267
2026-10-10,17,2,wk inc flu hosp,2026-10-24,quantile,0.45,105.5
2026-10-10,17,2,wk inc flu hosp,2026-10-24,quantile,0.5,114.0
2026-10-10,17,2,wk inc flu hosp,2026-10-24,quantile,0.55,121.0
2026-10-10,17,2,wk inc flu hosp,2026-10-24,quantile,0.6,128.5
2026-10-10,17,2,wk inc flu hosp,2026-10-24,quantile,0.65,136.5
2026-10-10,17,2,wk inc flu hosp,2026-10-24,quantile,0.7,145.5
2026-10-10,17,2,wk inc flu hosp,2026-10-24,quantile,0.75,160.0
2026-10-10,17,2,wk inc flu hosp,2026-10-24,quantile,0.8,181.5
2026-10-10,17,2,wk inc flu hosp,2026-10-24,quantile,0.85,213.0
2026-10-10,17,2,wk inc flu hosp,2026-10-24,quantile,0.9,254.5
2026-10-10,17,2,wk inc flu hosp,2026-10-24,quantile,0.95,316.0
2026-10-10,17,2,wk inc flu hosp,2026-10-24,quantile,0.975,379.5
2026-10-10,17,2,wk inc flu hosp,2026-10-24,quantile,0.99,472.0
2026-10-10,17,3,wk inc flu hosp,2026-10-31,quantile,0.01,24.0
2026-10-10,17,3,wk inc flu hosp,2026-10-31,quantile,0.025,31.0
2026-10-10,17,3,wk inc flu hosp,2026-10-31,quantile,0.05,40.0
2026-10-10,17,3,wk inc flu hosp,2026-10-31,quantile,0.1,52.0
2026-10-10,17,3,wk inc flu hosp,2026-10-31,quantile,0.15,62.0
2026-10-10,17,3,wk inc flu hosp,2026-10-31,quantile,0.2,72.0
2026-10-10,17,3,wk inc flu hosp,2026-10-31,quantile,0.25,81.5
2026-10-10,17,3,wk inc flu hosp,2026-10-31,quantile,0.3,91.0
2026-10-10,17,3,wk inc flu hosp,2026-10-31,quantile,0.35,101.96864179515542
2026-10-10,17,3,wk inc flu hosp,2026-10-31,quantile,0.4,111.5
2026-10-10,17,3,wk inc flu hosp,2026-10-31,quantile,0.45,122.5
2026-10-10,17,3,wk inc flu hosp,2026-10-31,quantile,0.5,134.5
2026-10-10,17,3,wk inc flu hosp,2026-10-31,quantile,0.55,147.0
2026-10-10,17,3,wk inc flu hosp,2026-10-31,quantile,0.6,162.0
2026-10-10,17,3,wk inc flu hosp,2026-10-31,quantile,0.65,178.0
2026-10-10,17,3,wk inc flu hosp,2026-10-31,quantile,0.7,202.0
2026-10-10,17,3,wk inc flu hosp,2026-10-31,quantile,0.75,235.5
2026-10-10,17,3,wk inc flu hosp,2026-10-31,quantile,0.8,273.5
2026-10-10,17,3,wk inc flu hosp,2026-10-31,quantile,0.85,326.0
2026-10-10,17,3,wk inc flu hosp,2026-10-31,quantile,0.9,396.0
2026-10-10,17,3,wk inc flu hosp,2026-10-31,quantile,0.95,542.5
2026-10-10,17,3,wk inc flu hosp,2026-10-31,quantile,0.975,656.5
2026-10-10,17,3,wk inc flu hosp,2026-10-31,quantile,0.99,759.0
2026-10-10,18,0,wk inc flu hosp,2026-10-10,quantile,0.01,19.0
2026-10-10,18,0,wk inc flu hosp,2026-10-10,quantile,0.025,28.334548210065797
2026-10-10,18,0,wk inc flu hosp,2026-10-10,quantile,0.05,36.0
2026-10-10,18,0,wk inc flu hosp,2026-10-10,quantile,0.1,43.0
2026-10-10,18,0,wk inc flu hosp,2026-10-10,quantile,0.15,45.5
2026-10-10,18,0,wk inc flu hosp,2026-10-10,quantile,0.2,48.0
2026-10-10,18,0,wk inc flu hosp,2026-10-10,quantile,0.25,51.5
2026-10-10,18,0,wk inc flu hosp,2026-10-10,quantile,0.3,54.0
2026-10-10,18,0,wk inc flu hosp,2026-10-10,quantile,0.35,56.5
2026-10-10,18,0,wk inc flu hosp,2026-10-10,quantile,0.4,60.0
2026-10-10,18,0,wk inc flu hosp,2026-10-10,quantile,0.45,63.0
2026-10-10,18,0,wk inc flu hosp,2026-10-10,quantile,0.5,65.0
2026-10-10,18,0,wk inc flu hosp,2026-10-10,quantile,0.55,68.5
2026-10-10,18,0,wk inc flu hosp,2026-10-10,quantile,0.6,72.0
2026-10-10,18,0,wk inc flu hosp,2026-10-10,quantile,0.65,76.0
2026-10-10,18,0,wk inc flu hosp,2026-10-10,quantile,0.7,81.5
2026-10-10,18,0,wk inc flu hosp,2026-10-10,quantile,0.75,87.0
2026-10-10,18,0,wk inc flu hosp,2026-10-10,quantile,0.8,94.5
2026-10-10,18,0,wk inc flu hosp,2026-10-10,quantile,0.85,103.0
2026-10-10,18,0,wk inc flu hosp,2026-10-10,quantile,0.9,118.5
2026-10-10,18,0,wk inc flu hosp,2026-10-10,quantile,0.95,139.0
2026-10-10,18,0,wk inc flu hosp,2026-10-10,quantile,0.975,170.0
2026-10-10,18,0,wk inc flu hosp,2026-10-10,quantile,0.99,226.5
2026-10-10,18,1,wk inc flu hosp,2026-10-17,quantile,0.01,18.0
2026-10-10,18,1,wk inc flu hosp,2026-10-17,quantile,0.025,25.0
2026-10-10,18,1,wk inc flu hosp,2026-10-17,quantile,0.05,29.5
2026-10-10,18,1,wk inc flu hosp,2026-10-17,quantile,0.1,41.508511014119705
2026-10-10,18,1,wk inc flu hosp,2026-10-17,quantile,0.15,47.66274078365899
2026-10-10,18,1,wk inc flu hosp,2026-10-17,quantile,0.2,52.450208985836056
2026-10-10,18,1,wk inc flu hosp,2026-10-17,quantile,0.25,56.929452239034696
2026-10-10,18,1,wk inc flu hosp,2026-10-17,quantile,0.3,62.0
2026-10-10,18,1,wk inc flu hosp,2026-10-17,quantile,0.35,67.0
2026-10-10,18,1,wk inc flu hosp,2026-10-17,quantile,0.4,71.34404848319753
2026-10-10,18,1,wk inc flu hosp,2026-10-17,quantile,0.45,76.0
2026-10-10,18,1,wk inc flu hosp,2026-10-17,quantile,0.5,80.0
2026-10-10,18,1,wk inc flu hosp,2026-10-17,quantile,0.55,84.42560335295985
2026-10-10,18,1,wk inc flu hosp,2026-10-17,quantile,0.6,88.15328736901128
2026-10-10,18,1,wk inc flu hosp,2026-10-17,quantile,0.65,91.7863252378049
2026-10-10,18,1,wk inc flu hosp,2026-10-17,quantile,0.7,97.18930745406297
2026-10-10,18,1,wk inc flu hosp,2026-10-17,quantile,0.75,103.0764704882522
2026-10-10,18,1,wk inc flu hosp,2026-10-17,quantile,0.8,111.64209192735086
2026-10-10,18,1,wk inc flu hosp,2026-10-17,quantile,0.85,120.80453075465735
2026-10-10,18,1,wk inc flu hosp,2026-10-17,quantile,0.9,136.5
2026-10-10,18,1,wk inc flu hosp,2026-10-17,quantile,0.95,155.96572169485808
2026-10-10,18,1,wk inc flu hosp,2026-10-17,quantile,0.975,186.5
2026-10-10,18,1,wk inc flu hosp,2026-10-17,quantile,0.99,248.5
2026-10-10,18,2,wk inc flu hosp,2026-10-24,quantile,0.01,19.0
2026-10-10,18,2,wk inc flu hosp,2026-10-24,quantile,0.025,23.0
2026-10-10,18,2,wk inc flu hosp,2026-10-24,quantile,0.05,28.5
2026-10-10,18,2,wk inc flu hosp,2026-10-24,quantile,0.1,43.20318186018962
2026-10-10,18,2,wk inc flu hosp,2026-10-24,quantile,0.15,52.67056111041201
2026-10-10,18,2,wk inc flu hosp,2026-10-24,quantile,0.2,58.113495759821575
2026-10-10,18,2,wk inc flu hosp,2026-10-24,quantile,0.25,63.4670894771843
2026-10-10,18,2,wk inc flu hosp,2026-10-24,quantile,0.3,71.0
2026-10-10,18,2,wk inc flu hosp,2026-10-24,quantile,0.35,80.2158015314788
2026-10-10,18,2,wk inc flu hosp,2026-10-24,quantile,0.4,85.5
2026-10-10,18,2,wk inc flu hosp,2026-10-24,quantile,0.45,92.0
2026-10-10,18,2,wk inc flu hosp,2026-10-24,quantile,0.5,98.0
2026-10-10,18,2,wk inc flu hosp,2026-10-24,quantile,0.55,103.0
2026-10-10,18,2,wk inc flu hosp,2026-10-24,quantile,0.6,108.5
2026-10-10,18,2,wk inc flu hosp,2026-10-24,quantile,0.65,115.5
2026-10-10,18,2,wk inc flu hosp,2026-10-24,quantile,0.7,122.5
2026-10-10,18,2,wk inc flu hosp,2026-10-24,quantile,0.75,131.0
2026-10-10,18,2,wk inc flu hosp,2026-10-24,quantile,0.8,145.0
2026-10-10,18,2,wk inc flu hosp,2026-10-24,quantile,0.85,168.5
2026-10-10,18,2,wk inc flu hosp,2026-10-24,quantile,0.9,203.5
2026-10-10,18,2,wk inc flu hosp,2026-10-24,quantile,0.95,239.42219712251722
2026-10-10,18,2,wk inc flu hosp,2026-10-24,quantile,0.975,275.9996028502988
2026-10-10,18,2,wk inc flu hosp,2026-10-24,quantile,0.99,365.9114011703003
2026-10-10,18,3,wk inc flu hosp,2026-10-31,quantile,0.01,18.0
2026-10-10,18,3,wk inc flu hosp,2026-10-31,quantile,0.025,24.5
2026-10-10,18,3,wk inc flu hosp,2026-10-31,quantile,0.05,31.13848413262718
2026-10-10,18,3,wk inc flu hosp,2026-10-31,quantile,0.1,47.26985771492717
2026-10-10,18,3,wk inc flu hosp,2026-10-31,quantile,0.15,55.680271369723485
2026-10-10,18,3,wk inc flu hosp,2026-10-31,quantile,0.2,68.13940309758839
2026-10-10,18,3,wk inc flu hosp,2026-10-31,quantile,0.25,75.79390828490634
2026-10-10,18,3,wk inc flu hosp,2026-10-31,quantile,0.3,84.67586002446862
2026-10-10,18,3,wk inc flu hosp,2026-10-31,quantile,0.35,93.5
2026-10-10,18,3,wk inc flu hosp,2026-10-31,quantile,0.4,102.5
2026-10-10,18,3,wk inc flu hosp,2026-10-31,quantile,0.45,112.0
2026-10-10,18,3,wk inc flu hosp,2026-10-31,quantile,0.5,122.5
2026-10-10,18,3,wk inc flu hosp,2026-10-31,quantile,0.55,131.5
2026-10-10,18,3,wk inc flu hosp,2026-10-31,quantile,0.6,139.0
2026-10-10,18,3,wk inc flu hosp,2026-10-31,quantile,0.65,148.0
2026-10-10,18,3,wk inc flu hosp,2026-10-31,quantile,0.7,168.5
2026-10-10,18,3,wk inc flu hosp,2026-10-31,quantile,0.75,193.0
2026-10-10,18,3,wk inc flu hosp,2026-10-31,quantile,0.8,220.0
2026-10-10,18,3,wk inc flu hosp,2026-10-31,quantile,0.85,261.5
2026-10-10,18,3,wk inc flu hosp,2026-10-31,quantile,0.9,317.5
2026-10-10,18,3,wk inc flu hosp,2026-10-31,quantile,0.95,395.0
2026-10-10,18,3,wk inc flu hosp,2026-10-31,quantile,0.975,459.0
2026-10-10,18,3,wk inc flu hosp,2026-10-31,quantile,0.99,568.5
2026-10-10,19,0,wk inc flu hosp,2026-10-10,quantile,0.01,3.5
2026-10-10,19,0,wk inc flu hosp,2026-10-10,quantile,0.025,5.292967156448368
2026-10-10,19,0,wk inc flu hosp,2026-10-10,quantile,0.05,7.0
2026-10-10,19,0,wk inc flu hosp,2026-10-10,quantile,0.1,8.5
2026-10-10,19,0,wk inc flu hosp,2026-10-10,quantile,0.15,10.5
2026-10-10,19,0,wk inc flu hosp,2026-10-10,quantile,0.2,11.5
2026-10-10,19,0,wk inc flu hosp,2026-10-10,quantile,0.25,12.5
2026-10-10,19,0,wk inc flu hosp,2026-10-10,quantile,0.3,14.0
2026-10-10,19,0,wk inc flu hosp,2026-10-10,quantile,0.35,14.0
2026-10-10,19,0,wk inc flu hosp,2026-10-10,quantile,0.4,15.0
2026-10-10,19,0,wk inc flu hosp,2026-10-10,quantile,0.45,16.0
2026-10-10,19,0,wk inc flu hosp,2026-10-10,quantile,0.5,17.0
2026-10-10,19,0,wk inc flu hosp,2026-10-10,quantile,0.55,18.5
2026-10-10,19,0,wk inc flu hosp,2026-10-10,quantile,0.6,19.0
2026-10-10,19,0,wk inc flu hosp,2026-10-10,quantile,0.65,20.5
2026-10-10,19,0,wk inc flu hosp,2026-10-10,quantile,0.7,22.5
2026-10-10,19,0,wk inc flu hosp,2026-10-10,quantile,0.75,24.0
2026-10-10,19,0,wk inc flu hosp,2026-10-10,quantile,0.8,26.5
2026-10-10,19,0,wk inc flu hosp,2026-10-10,quantile,0.85,29.5
2026-10-10,19,0,wk inc flu hosp,2026-10-10,quantile,0.9,34.0
2026-10-10,19,0,wk inc flu hosp,2026-10-10,quantile,0.95,43.5
2026-10-10,19,0,wk inc flu hosp,2026-10-10,quantile,0.975,56.5
2026-10-10,19,0,wk inc flu hosp,2026-10-10,quantile,0.99,78.0
2026-10-10,19,1,wk inc flu hosp,2026-10-17,quantile,0.01,3.0
2026-10-10,19,1,wk inc flu hosp,2026-10-17,quantile,0.025,4.5
2026-10-10,19,1,wk inc flu hosp,2026-10-17,quantile,0.05,6.5
2026-10-10,19,1,wk inc flu hosp,2026-10-17,quantile,0.1,9.0
2026-10-10,19,1,wk inc flu hosp,2026-10-17,quantile,0.15,10.5
2026-10-10,19,1,wk inc flu hosp,2026-10-17,quantile,0.2,11.5
2026-10-10,19,1,wk inc flu hosp,2026-10-17,quantile,0.25,13.5
2026-10-10,19,1,wk inc flu hosp,2026-10-17,quantile,0.3,15.0
2026-10-10,19,1,wk inc flu hosp,2026-10-17,quantile,0.35,16.0
2026-10-10,19,1,wk inc flu hosp,2026-10-17,quantile,0.4,17.5
2026-10-10,19,1,wk inc flu hosp,2026-10-17,quantile,0.45,19.0
2026-10-10,19,1,wk inc flu hosp,2026-10-17,quantile,0.5,21.0
2026-10-10,19,1,wk inc flu hosp,2026-10-17,quantile,0.55,22.5
2026-10-10,19,1,wk inc flu hosp,2026-10-17,quantile,0.6,24.0
2026-10-10,19,1,wk inc flu hosp,2026-10-17,quantile,0.65,26.370849580816305
2026-10-10,19,1,wk inc flu hosp,2026-10-17,quantile,0.7,27.396519152815795
2026-10-10,19,1,wk inc flu hosp,2026-10-17,quantile,0.75,29.171635194527862
2026-10-10,19,1,wk inc flu hosp,2026-10-17,quantile,0.8,33.13856222058929
2026-10-10,19,1,wk inc flu hosp,2026-10-17,quantile,0.85,36.28322710676583
2026-10-10,19,1,wk inc flu hosp,2026-10-17,quantile,0.9,40.116905925374795
2026-10-10,19,1,wk inc flu hosp,2026-10-17,quantile,0.95,48.397709385400596
2026-10-10,19,1,wk inc flu hosp,2026-10-17,quantile,0.975,60.549976085638605
2026-10-10,19,1,wk inc flu hosp,2026-10-17,quantile,0.99,89.30739397773175
2026-10-10,19,2,wk inc flu hosp,2026-10-24,quantile,0.01,3.0
2026-10-10,19,2,wk inc flu hosp,2026-10-24,quantile,0.025,5.0
2026-10-10,19,2,wk inc flu hosp,2026-10-24,quantile,0.05,7.5
2026-10-10,19,2,wk inc flu hosp,2026-10-24,quantile,0.1,10.0
2026-10-10,19,2,wk inc flu hosp,2026-10-24,quantile,0.15,12.5
2026-10-10,19,2,wk inc flu hosp,2026-10-24,quantile,0.2,14.0
2026-10-10,19,2,wk inc flu hosp,2026-10-24,quantile,0.25,16.5
2026-10-10,19,2,wk inc flu hosp,2026-10-24,quantile,0.3,18.0
2026-10-10,19,2,wk inc flu hosp,2026-10-24,quantile,0.35,20.0
2026-10-10,19,2,wk inc flu hosp,2026-10-24,quantile,0.4,22.5
2026-10-10,19,2,wk inc flu hosp,2026-10-24,quantile,0.45,24.5
2026-10-10,19,2,wk inc flu hosp,2026-10-24,quantile,0.5,27.0
2026-10-10,19,2,wk inc flu hosp,2026-10-24,quantile,0.55,30.0
2026-10-10,19,2,wk inc flu hosp,2026-10-24,quantile,0.6,32.0
2026-10-10,19,2,wk inc flu hosp,2026-10-24,quantile,0.65,35.5
2026-10-10,19,2,wk inc flu hosp,2026-10-24,quantile,0.7,37.720217790890246
2026-10-10,19,2,wk inc flu hosp,2026-10-24,quantile,0.75,39.678913748089585
2026-10-10,19,2,wk inc flu hosp,2026-10-24,quantile,0.8,42.95328930609001
2026-10-10,19,2,wk inc flu hosp,2026-10-24,quantile,0.85,46.1618324586626
2026-10-10,19,2,wk inc flu hosp,2026-10-24,quantile,0.9,62.80255478269383
2026-10-10,19,2,wk inc flu hosp,2026-10-24,quantile,0.95,81.76171911099715
2026-10-10,19,2,wk inc flu hosp,2026-10-24,quantile,0.975,100.37611665694837
2026-10-10,19,2,wk inc flu hosp,2026-10-24,quantile,0.99,139.15421789212448
2026-10-10,19,3,wk inc flu hosp,2026-10-31,quantile,0.01,3.5
2026-10-10,19,3,wk inc flu hosp,2026-10-31,quantile,0.025,5.0
2026-10-10,19,3,wk inc flu hosp,2026-10-31,quantile,0.05,8.5
2026-10-10,19,3,wk inc flu hosp,2026-10-31,quantile,0.1,11.5
2026-10-10,19,3,wk inc flu hosp,2026-10-31,quantile,0.15,14.0
2026-10-10,19,3,wk inc flu hosp,2026-10-31,quantile,0.2,17.0
2026-10-10,19,3,wk inc flu hosp,2026-10-31,quantile,0.25,20.0
2026-10-10,19,3,wk inc flu hosp,2026-10-31,quantile,0.3,22.5
2026-10-10,19,3,wk inc flu hosp,2026-10-31,quantile,0.35,25.0
2026-10-10,19,3,wk inc flu hosp,2026-10-31,quantile,0.4,29.0
2026-10-10,19,3,wk inc flu hosp,2026-10-31,quantile,0.45,32.0
2026-10-10,19,3,wk inc flu hosp,2026-10-31,quantile,0.5,35.154095093360496
2026-10-10,19,3,wk inc flu hosp,2026-10-31,quantile,0.55,38.2678766735075
2026-10-10,19,3,wk inc flu hosp,2026-10-31,quantile,0.6,40.42713835349862
2026-10-10,19,3,wk inc flu hosp,2026-10-31,quantile,0.65,43.16014198276477
2026-10-10,19,3,wk inc flu hosp,2026-10-31,quantile,0.7,46.401430104380616
2026-10-10,19,3,wk inc flu hosp,2026-10-31,quantile,0.75,49.0
2026-10-10,19,3,wk inc flu hosp,2026-10-31,quantile,0.8,54.58861656667279
2026-10-10,19,3,wk inc flu hosp,2026-10-31,quantile,0.85,61.0
2026-10-10,19,3,wk inc flu hosp,2026-10-31,quantile,0.9,77.0
2026-10-10,19,3,wk inc flu hosp,2026-10-31,quantile,0.95,113.0
2026-10-10,19,3,wk inc flu hosp,2026-10-31,quantile,0.975,145.36980494820966
2026-10-10,19,3,wk inc flu hosp,2026-10-31,quantile,0.99,194.3540429081678
2026-10-10,20,0,wk inc flu hosp,2026-10-10,quantile,0.01,3.0
2026-10-10,20,0,wk inc flu hosp,2026-10-10,quantile,0.025,4.630422588158077
2026-10-10,20,0,wk inc flu hosp,2026-10-10,quantile,0.05,6.930622661776609
2026-10-10,20,0,wk inc flu hosp,2026-10-10,quantile,0.1,8.0
2026-10-10,20,0,wk inc flu hosp,2026-10-10,quantile,0.15,9.0
2026-10-10,20,0,wk inc flu hosp,2026-10-10,quantile,0.2,10.0
2026-10-10,20,0,wk inc flu hosp,2026-10-10,quantile,0.25,10.5
2026-10-10,20,0,wk inc flu hosp,2026-10-10,quantile,0.3,11.0
2026-10-10,20,0,wk inc flu hosp,2026-10-10,quantile,0.35,12.0
2026-10-10,20,0,wk inc flu hosp,2026-10-10,quantile,0.4,13.0
2026-10-10,20,0,wk inc flu hosp,2026-10-10,quantile,0.45,14.0
2026-10-10,20,0,wk inc flu hosp,2026-10-10,quantile,0.5,15.5
2026-10-10,20,0,wk inc flu hosp,2026-10-10,quantile,0.55,16.5
2026-10-10,20,0,wk inc flu hosp,2026-10-10,quantile,0.6,18.0
2026-10-10,20,0,wk inc flu hosp,2026-10-10,quantile,0.65,19.0
2026-10-10,20,0,wk inc flu hosp,2026-10-10,quantile,0.7,20.5
2026-10-10,20,0,wk inc flu hosp,2026-10-10,quantile,0.75,22.0
2026-10-10,20,0,wk inc flu hosp,2026-10-10,quantile,0.8,23.5
2026-10-10,20,0,wk inc flu hosp,2026-10-10,quantile,0.85,26.5
2026-10-10,20,0,wk inc flu hosp,2026-10-10,quantile,0.9,30.0
2026-10-10,20,0,wk inc flu hosp,2026-10-10,quantile,0.95,36.5
2026-10-10,20,0,wk inc flu hosp,2026-10-10,quantile,0.975,46.5
2026-10-10,20,0,wk inc flu hosp,2026-10-10,quantile,0.99,64.0
2026-10-10,20,1,wk inc flu hosp,2026-10-17,quantile,0.01,3.0
2026-10-10,20,1,wk inc flu hosp,2026-10-17,quantile,0.025,4.0
2026-10-10,20,1,wk inc flu hosp,2026-10-17,quantile,0.05,6.422042746021463
2026-10-10,20,1,wk inc flu hosp,2026-10-17,quantile,0.1,7.5
2026-10-10,20,1,wk inc flu hosp,2026-10-17,quantile,0.15,9.5
2026-10-10,20,1,wk inc flu hosp,2026-10-17,quantile,0.2,10.357188920863944
2026-10-10,20,1,wk inc flu hosp,2026-10-17,quantile,0.25,11.0
2026-10-10,20,1,wk inc flu hosp,2026-10-17,quantile,0.3,12.410513116575748
2026-10-10,20,1,wk inc flu hosp,2026-10-17,quantile,0.35,13.499259296313955
2026-10-10,20,1,wk inc flu hosp,2026-10-17,quantile,0.4,14.5
2026-10-10,20,1,wk inc flu hosp,2026-10-17,quantile,0.45,16.0
2026-10-10,20,1,wk inc flu hosp,2026-10-17,quantile,0.5,16.841826527030783
2026-10-10,20,1,wk inc flu hosp,2026-10-17,quantile,0.55,17.650849886815806
2026-10-10,20,1,wk inc flu hosp,2026-10-17,quantile,0.6,18.658892360031142
2026-10-10,20,1,wk inc flu hosp,2026-10-17,quantile,0.65,20.659710382913246
2026-10-10,20,1,wk inc flu hosp,2026-10-17,quantile,0.7,22.384895964075035
2026-10-10,20,1,wk inc flu hosp,2026-10-17,quantile,0.75,23.24494342019609
2026-10-10,20,1,wk inc flu hosp,2026-10-17,quantile,0.8,24.587232066034257
2026-10-10,20,1,wk inc flu hosp,2026-10-17,quantile,0.85,26.775334855118654
2026-10-10,20,1,wk inc flu hosp,2026-10-17,quantile,0.9,31.0
2026-10-10,20,1,wk inc flu hosp,2026-10-17,quantile,0.95,38.5
2026-10-10,20,1,wk inc flu hosp,2026-10-17,quantile,0.975,48.5
2026-10-10,20,1,wk inc flu hosp,2026-10-17,quantile,0.99,65.0
2026-10-10,20,2,wk inc flu hosp,2026-10-24,quantile,0.01,3.0
2026-10-10,20,2,wk inc flu hosp,2026-10-24,quantile,0.025,4.5
2026-10-10,20,2,wk inc flu hosp,2026-10-24,quantile,0.05,6.0
2026-10-10,20,2,wk inc flu hosp,2026-10-24,quantile,0.1,9.0
2026-10-10,20,2,wk inc flu hosp,2026-10-24,quantile,0.15,10.45999657160716
2026-10-10,20,2,wk inc flu hosp,2026-10-24,quantile,0.2,12.0
2026-10-10,20,2,wk inc flu hosp,2026-10-24,quantile,0.25,13.289800740301732
2026-10-10,20,2,wk inc flu hosp,2026-10-24,quantile,0.3,15.383514539839467
2026-10-10,20,2,wk inc flu hosp,2026-10-24,quantile,0.35,16.23944641977513
2026-10-10,20,2,wk inc flu hosp,2026-10-24,quantile,0.4,17.855402105005407
2026-10-10,20,2,wk inc flu hosp,2026-10-24,quantile,0.45,19.913167495351388
2026-10-10,20,2,wk inc flu hosp,2026-10-24,quantile,0.5,21.25074142531394
2026-10-10,20,2,wk inc flu hosp,2026-10-24,quantile,0.55,23.506251445909392
2026-10-10,20,2,wk inc flu hosp,2026-10-24,quantile,0.6,24.380207417121092
2026-10-10,20,2,wk inc flu hosp,2026-10-24,quantile,0.65,26.082482273065786
2026-10-10,20,2,wk inc flu hosp,2026-10-24,quantile,0.7,28.342232549229085
2026-10-10,20,2,wk inc flu hosp,2026-10-24,quantile,0.75,30.163116383945155
2026-10-10,20,2,wk inc flu hosp,2026-10-24,quantile,0.8,33.0
2026-10-10,20,2,wk inc flu hosp,2026-10-24,quantile,0.85,37.5
2026-10-10,20,2,wk inc flu hosp,2026-10-24,quantile,0.9,43.5
2026-10-10,20,2,wk inc flu hosp,2026-10-24,quantile,0.95,55.5
2026-10-10,20,2,wk inc flu hosp,2026-10-24,quantile,0.975,69.5
2026-10-10,20,2,wk inc flu hosp,2026-10-24,quantile,0.99,97.0
2026-10-10,20,3,wk inc flu hosp,2026-10-31,quantile,0.01,3.5
2026-10-10,20,3,wk inc flu hosp,2026-10-31,quantile,0.025,5.0
2026-10-10,20,3,wk inc flu hosp,2026-10-31,quantile,0.05,7.0
2026-10-10,20,3,wk inc flu hosp,2026-10-31,quantile,0.1,10.0
2026-10-10,20,3,wk inc flu hosp,2026-10-31,quantile,0.15,12.11446228074389
2026-10-10,20,3,wk inc flu hosp,2026-10-31,quantile,0.2,13.472574191914095
2026-10-10,20,3,wk inc flu hosp,2026-10-31,quantile,0.25,16.865060939264342
2026-10-10,20,3,wk inc flu hosp,2026-10-31,quantile,0.3,19.0
2026-10-10,20,3,wk inc flu hosp,2026-10-31,quantile,0.35,21.0444429474402
2026-10-10,20,3,wk inc flu hosp,2026-10-31,quantile,0.4,23.187825996110668
2026-10-10,20,3,wk inc flu hosp,2026-10-31,quantile,0.45,24.7948659328773
2026-10-10,20,3,wk inc flu hosp,2026-10-31,quantile,0.5,27.083878117480584
2026-10-10,20,3,wk inc flu hosp,2026-10-31,quantile,0.55,29.360495336949302
2026-10-10,20,3,wk inc flu hosp,2026-10-31,quantile,0.6,32.0
2026-10-10,20,3,wk inc flu hosp,2026-10-31,quantile,0.65,35.5
2026-10-10,20,3,wk inc flu hosp,2026-10-31,quantile,0.7,38.5
2026-10-10,20,3,wk inc flu hosp,2026-10-31,quantile,0.75,44.5
2026-10-10,20,3,wk inc flu hosp,2026-10-31,quantile,0.8,50.5
2026-10-10,20,3,wk inc flu hosp,2026-10-31,quantile,0.85,58.5
2026-10-10,20,3,wk inc flu hosp,2026-10-31,quantile,0.9,73.0
2026-10-10,20,3,wk inc flu hosp,2026-10-31,quantile,0.95,92.5
2026-10-10,20,3,wk inc flu hosp,2026-10-31,quantile,0.975,118.0
2026-10-10,20,3,wk inc flu hosp,2026-10-31,quantile,0.99,146.5
2026-10-10,21,0,wk inc flu hosp,2026-10-10,quantile,0.01,13.0
2026-10-10,21,0,wk inc flu hosp,2026-10-10,quantile,0.025,20.36814705533475
2026-10-10,21,0,wk inc flu hosp,2026-10-10,quantile,0.05,25.60241841786443
2026-10-10,21,0,wk inc flu hosp,2026-10-10,quantile,0.1,31.22404515920408
2026-10-10,21,0,wk inc flu hosp,2026-10-10,quantile,0.15,35.0
2026-10-10,21,0,wk inc flu hosp,2026-10-10,quantile,0.2,38.5
2026-10-10,21,0,wk inc flu hosp,2026-10-10,quantile,0.25,40.0
2026-10-10,21,0,wk inc flu hosp,2026-10-10,quantile,0.3,42.0
2026-10-10,21,0,wk inc flu hosp,2026-10-10,quantile,0.35,43.5
2026-10-10,21,0,wk inc flu hosp,2026-10-10,quantile,0.4,46.0
2026-10-10,21,0,wk inc flu hosp,2026-10-10,quantile,0.45,49.0
2026-10-10,21,0,wk inc flu hosp,2026-10-10,quantile,0.5,53.0
2026-10-10,21,0,wk inc flu hosp,2026-10-10,quantile,0.55,56.5
2026-10-10,21,0,wk inc flu hosp,2026-10-10,quantile,0.6,60.0
2026-10-10,21,0,wk inc flu hosp,2026-10-10,quantile,0.65,64.5
2026-10-10,21,0,wk inc flu hosp,2026-10-10,quantile,0.7,68.5
2026-10-10,21,0,wk inc flu hosp,2026-10-10,quantile,0.75,73.0
2026-10-10,21,0,wk inc flu hosp,2026-10-10,quantile,0.8,76.83029896739251
2026-10-10,21,0,wk inc flu hosp,2026-10-10,quantile,0.85,81.36323873048053
2026-10-10,21,0,wk inc flu hosp,2026-10-10,quantile,0.9,90.1124804695614
2026-10-10,21,0,wk inc flu hosp,2026-10-10,quantile,0.95,109.04753347554798
2026-10-10,21,0,wk inc flu hosp,2026-10-10,quantile,0.975,140.1340063915605
2026-10-10,21,0,wk inc flu hosp,2026-10-10,quantile,0.99,191.0
2026-10-10,21,1,wk inc flu hosp,2026-10-17,quantile,0.01,13.0
2026-10-10,21,1,wk inc flu hosp,2026-10-17,quantile,0.025,17.5
2026-10-10,21,1,wk inc flu hosp,2026-10-17,quantile,0.05,22.334417487411276
2026-10-10,21,1,wk inc flu hosp,2026-10-17,quantile,0.1,29.541323201704063
2026-10-10,21,1,wk inc flu hosp,2026-10-17,quantile,0.15,33.0
2026-10-10,21,1,wk inc flu hosp,2026-10-17,quantile,0.2,38.417421334447745
2026-10-10,21,1,wk inc flu hosp,2026-10-17,quantile,0.25,41.80970365778043
2026-10-10,21,1,wk inc flu hosp,2026-10-17,quantile,0.3,45.5
2026-10-10,21,1,wk inc flu hosp,2026-10-17,quantile,0.35,49.5
2026-10-10,21,1,wk inc flu hosp,2026-10-17,quantile,0.4,54.0
2026-10-10,21,1,wk inc flu hosp,2026-10-17,quantile,0.45,58.0
2026-10-10,21,1,wk inc flu hosp,2026-10-17,quantile,0.5,61.0
2026-10-10,21,1,wk inc flu hosp,2026-10-17,quantile,0.55,63.0
2026-10-10,21,1,wk inc flu hosp,2026-10-17,quantile,0.6,66.5
2026-10-10,21,1,wk inc flu hosp,2026-10-17,quantile,0.65,70.0
2026-10-10,21,1,wk inc flu hosp,2026-10-17,quantile,0.7,75.0
2026-10-10,21,1,wk inc flu hosp,2026-10-17,quantile,0.75,79.5
2026-10-10,21,1,wk inc flu hosp,2026-10-17,quantile,0.8,86.0
2026-10-10,21,1,wk inc flu hosp,2026-10-17,quantile,0.85,93.0
2026-10-10,21,1,wk inc flu hosp,2026-10-17,quantile,0.9,110.5
2026-10-10,21,1,wk inc flu hosp,2026-10-17,quantile,0.95,132.5
2026-10-10,21,1,wk inc flu hosp,2026-10-17,quantile,0.975,157.0
2026-10-10,21,1,wk inc flu hosp,2026-10-17,quantile,0.99,211.5
2026-10-10,21,2,wk inc flu hosp,2026-10-24,quantile,0.01,13.5
2026-10-10,21,2,wk inc flu hosp,2026-10-24,quantile,0.025,19.5
2026-10-10,21,2,wk inc flu hosp,2026-10-24,quantile,0.05,25.0
2026-10-10,21,2,wk inc flu hosp,2026-10-24,quantile,0.1,31.938309650290527
2026-10-10,21,2,wk inc flu hosp,2026-10-24,quantile,0.15,37.0
2026-10-10,21,2,wk inc flu hosp,2026-10-24,quantile,0.2,43.0
2026-10-10,21,2,wk inc flu hosp,2026-10-24,quantile,0.25,48.5
2026-10-10,21,2,wk inc flu hosp,2026-10-24,quantile,0.3,53.5
2026-10-10,21,2,wk inc flu hosp,2026-10-24,quantile,0.35,59.5
2026-10-10,21,2,wk inc flu hosp,2026-10-24,quantile,0.4,65.0
2026-10-10,21,2,wk inc flu hosp,2026-10-24,quantile,0.45,70.5
2026-10-10,21,2,wk inc flu hosp,2026-10-24,quantile,0.5,76.0
2026-10-10,21,2,wk inc flu hosp,2026-10-24,quantile,0.55,80.0
2026-10-10,21,2,wk inc flu hosp,2026-10-24,quantile,0.6,84.0
2026-10-10,21,2,wk inc flu hosp,2026-10-24,quantile,0.65,89.5
2026-10-10,21,2,wk inc flu hosp,2026-10-24,quantile,0.7,96.0
2026-10-10,21,2,wk inc flu hosp,2026-10-24,quantile,0.75,105.0
2026-10-10,21,2,wk inc flu hosp,2026-10-24,quantile,0.8,118.0
2026-10-10,21,2,wk inc flu hosp,2026-10-24,quantile,0.85,140.0
2026-10-10,21,2,wk inc flu hosp,2026-10-24,quantile,0.9,161.0
2026-10-10,21,2,wk inc flu hosp,2026-10-24,quantile,0.95,188.0
2026-10-10,21,2,wk inc flu hosp,2026-10-24,quantile,0.975,240.5
2026-10-10,21,2,wk inc flu hosp,2026-10-24,quantile,0.99,297.5
2026-10-10,21,3,wk inc flu hosp,2026-10-31,quantile,0.01,15.5
2026-10-10,21,3,wk inc flu hosp,2026-10-31,quantile,0.025,19.5
2026-10-10,21,3,wk inc flu hosp,2026-10-31,quantile,0.05,24.0
2026-10-10,21,3,wk inc flu hosp,2026-10-31,quantile,0.1,34.72850517298937
2026-10-10,21,3,wk inc flu hosp,2026-10-31,quantile,0.15,41.0
2026-10-10,21,3,wk inc flu hosp,2026-10-31,quantile,0.2,51.71284008152125
2026-10-10,21,3,wk inc flu hosp,2026-10-31,quantile,0.25,57.655641218113054
2026-10-10,21,3,wk inc flu hosp,2026-10-31,quantile,0.3,64.5
2026-10-10,21,3,wk inc flu hosp,2026-10-31,quantile,0.35,72.5
2026-10-10,21,3,wk inc flu hosp,2026-10-31,quantile,0.4,81.5
2026-10-10,21,3,wk inc flu hosp,2026-10-31,quantile,0.45,89.0
2026-10-10,21,3,wk inc flu hosp,2026-10-31,quantile,0.5,98.5
2026-10-10,21,3,wk inc flu hosp,2026-10-31,quantile,0.55,107.0
2026-10-10,21,3,wk inc flu hosp,2026-10-31,quantile,0.6,113.5
2026-10-10,21,3,wk inc flu hosp,2026-10-31,quantile,0.65,122.0
2026-10-10,21,3,wk inc flu hosp,2026-10-31,quantile,0.7,134.5
2026-10-10,21,3,wk inc flu hosp,2026-10-31,quantile,0.75,156.0
2026-10-10,21,3,wk inc flu hosp,2026-10-31,quantile,0.8,187.0
2026-10-10,21,3,wk inc flu hosp,2026-10-31,quantile,0.85,217.5
2026-10-10,21,3,wk inc flu hosp,2026-10-31,quantile,0.9,255.0
2026-10-10,21,3,wk inc flu hosp,2026-10-31,quantile,0.95,313.5
2026-10-10,21,3,wk inc flu hosp,2026-10-31,quantile,0.975,369.0
2026-10-10,21,3,wk inc flu hosp,2026-10-31,quantile,0.99,443.0
2026-10-10,22,0,wk inc flu hosp,2026-10-10,quantile,0.01,36.0
2026-10-10,22,0,wk inc flu hosp,2026-10-10,quantile,0.025,46.91622237411424
2026-10-10,22,0,wk inc flu hosp,2026-10-10,quantile,0.05,57.0777563778978
2026-10-10,22,0,wk inc flu hosp,2026-10-10,quantile,0.1,69.035611039538
2026-10-10,22,0,wk inc flu hosp,2026-10-10,quantile,0.15,75.3334861319953
2026-10-10,22,0,wk inc flu hosp,2026-10-10,quantile,0.2,83.47464082192906
2026-10-10,22,0,wk inc flu hosp,2026-10-10,quantile,0.25,88.7089450040526
2026-10-10,22,0,wk inc flu hosp,2026-10-10,quantile,0.3,92.76437329463985
2026-10-10,22,0,wk inc flu hosp,2026-10-10,quantile,0.35,98.0
2026-10-10,22,0,wk inc flu hosp,2026-10-10,quantile,0.4,102.0
2026-10-10,22,0,wk inc flu hosp,2026-10-10,quantile,0.45,106.17786907891869
2026-10-10,22,0,wk inc flu hosp,2026-10-10,quantile,0.5,111.13174344646245
2026-10-10,22,0,wk inc flu hosp,2026-10-10,quantile,0.55,116.19399538512963
2026-10-10,22,0,wk inc flu hosp,2026-10-10,quantile,0.6,121.4694466091162
2026-10-10,22,0,wk inc flu hosp,2026-10-10,quantile,0.65,126.12997401433914
2026-10-10,22,0,wk inc flu hosp,2026-10-10,quantile,0.7,131.1539872223513
2026-10-10,22,0,wk inc flu hosp,2026-10-10,quantile,0.75,137.6458895685248
2026-10-10,22,0,wk inc flu hosp,2026-10-10,quantile,0.8,144.32353687754113
2026-10-10,22,0,wk inc flu hosp,2026-10-10,quantile,0.85,151.89718704617474
2026-10-10,22,0,wk inc flu hosp,2026-10-10,quantile,0.9,172.1881205067442
2026-10-10,22,0,wk inc flu hosp,2026-10-10,quantile,0.95,208.74267728640314
2026-10-10,22,0,wk inc flu hosp,2026-10-10,quantile,0.975,260.2563900881247
2026-10-10,22,0,wk inc flu hosp,2026-10-10,quantile,0.99,339.0
2026-10-10,22,1,wk inc flu hosp,2026-10-17,quantile,0.01,34.0
2026-10-10,22,1,wk inc flu hosp,2026-10-17,quantile,0.025,46.0
2026-10-10,22,1,wk inc flu hosp,2026-10-17,quantile,0.05,57.109065220322506
2026-10-10,22,1,wk inc flu hosp,2026-10-17,quantile,0.1,69.5
2026-10-10,22,1,wk inc flu hosp,2026-10-17,quantile,0.15,79.5
2026-10-10,22,1,wk inc flu hosp,2026-10-17,quantile,0.2,87.0
2026-10-10,22,1,wk inc flu hosp,2026-10-17,quantile,0.25,93.0
2026-10-10,22,1,wk inc flu hosp,2026-10-17,quantile,0.3,100.0
2026-10-10,22,1,wk inc flu hosp,2026-10-17,quantile,0.35,108.5
2026-10-10,22,1,wk inc flu hosp,2026-10-17,quantile,0.4,114.0
2026-10-10,22,1,wk inc flu hosp,2026-10-17,quantile,0.45,120.0
2026-10-10,22,1,wk inc flu hosp,2026-10-17,quantile,0.5,127.0
2026-10-10,22,1,wk inc flu hosp,2026-10-17,quantile,0.55,134.5
2026-10-10,22,1,wk inc flu hosp,2026-10-17,quantile,0.6,141.5
2026-10-10,22,1,wk inc flu hosp,2026-10-17,quantile,0.65,151.5
2026-10-10,22,1,wk inc flu hosp,2026-10-17,quantile,0.7,158.5
2026-10-10,22,1,wk inc flu hosp,2026-10-17,quantile,0.75,169.5
2026-10-10,22,1,wk inc flu hosp,2026-10-17,quantile,0.8,182.5
2026-10-10,22,1,wk inc flu hosp,2026-10-17,quantile,0.85,196.5
2026-10-10,22,1,wk inc flu hosp,2026-10-17,quantile,0.9,227.0
2026-10-10,22,1,wk inc flu hosp,2026-10-17,quantile,0.95,271.0
2026-10-10,22,1,wk inc flu hosp,2026-10-17,quantile,0.975,296.0
2026-10-10,22,1,wk inc flu hosp,2026-10-17,quantile,0.99,367.5
2026-10-10,22,2,wk inc flu hosp,2026-10-24,quantile,0.01,35.0
2026-10-10,22,2,wk inc flu hosp,2026-10-24,quantile,0.025,47.5
2026-10-10,22,2,wk inc flu hosp,2026-10-24,quantile,0.05,62.0
2026-10-10,22,2,wk inc flu hosp,2026-10-24,quantile,0.1,75.5
2026-10-10,22,2,wk inc flu hosp,2026-10-24,quantile,0.15,85.5
2026-10-10,22,2,wk inc flu hosp,2026-10-24,quantile,0.2,98.5
2026-10-10,22,2,wk inc flu hosp,2026-10-24,quantile,0.25,108.5
2026-10-10,22,2,wk inc flu hosp,2026-10-24,quantile,0.3,117.0
2026-10-10,22,2,wk inc flu hosp,2026-10-24,quantile,0.35,125.5
2026-10-10,22,2,wk inc flu hosp,2026-10-24,quantile,0.4,133.5
2026-10-10,22,2,wk inc flu hosp,2026-10-24,quantile,0.45,139.5
2026-10-10,22,2,wk inc flu hosp,2026-10-24,quantile,0.5,149.5
2026-10-10,22,2,wk inc flu hosp,2026-10-24,quantile,0.55,155.0
2026-10-10,22,2,wk inc flu hosp,2026-10-24,quantile,0.6,166.0
2026-10-10,22,2,wk inc flu hosp,2026-10-24,quantile,0.65,182.5
2026-10-10,22,2,wk inc flu hosp,2026-10-24,quantile,0.7,197.5
2026-10-10,22,2,wk inc flu hosp,2026-10-24,quantile,0.75,216.5
2026-10-10,22,2,wk inc flu hosp,2026-10-24,quantile,0.8,228.0
2026-10-10,22,2,wk inc flu hosp,2026-10-24,quantile,0.85,250.5
2026-10-10,22,2,wk inc flu hosp,2026-10-24,quantile,0.9,306.5
2026-10-10,22,2,wk inc flu hosp,2026-10-24,quantile,0.95,389.0
2026-10-10,22,2,wk inc flu hosp,2026-10-24,quantile,0.975,430.0
2026-10-10,22,2,wk inc flu hosp,2026-10-24,quantile,0.99,526.5
2026-10-10,22,3,wk inc flu hosp,2026-10-31,quantile,0.01,36.0
2026-10-10,22,3,wk inc flu hosp,2026-10-31,quantile,0.025,50.0
2026-10-10,22,3,wk inc flu hosp,2026-10-31,quantile,0.05,60.5
2026-10-10,22,3,wk inc flu hosp,2026-10-31,quantile,0.1,78.5
2026-10-10,22,3,wk inc flu hosp,2026-10-31,quantile,0.15,95.0
2026-10-10,22,3,wk inc flu hosp,2026-10-31,quantile,0.2,108.0
2026-10-10,22,3,wk inc flu hosp,2026-10-31,quantile,0.25,119.5
2026-10-10,22,3,wk inc flu hosp,2026-10-31,quantile,0.3,131.5
2026-10-10,22,3,wk inc flu hosp,2026-10-31,quantile,0.35,143.5
2026-10-10,22,3,wk inc flu hosp,2026-10-31,quantile,0.4,155.0
2026-10-10,22,3,wk inc flu hosp,2026-10-31,quantile,0.45,163.5
2026-10-10,22,3,wk inc flu hosp,2026-10-31,quantile,0.5,179.5
2026-10-10,22,3,wk inc flu hosp,2026-10-31,quantile,0.55,195.0
2026-10-10,22,3,wk inc flu hosp,2026-10-31,quantile,0.6,233.0
2026-10-10,22,3,wk inc flu hosp,2026-10-31,quantile,0.65,248.5
2026-10-10,22,3,wk inc flu hosp,2026-10-31,quantile,0.7,270.0
2026-10-10,22,3,wk inc flu hosp,2026-10-31,quantile,0.75,292.5
2026-10-10,22,3,wk inc flu hosp,2026-10-31,quantile,0.8,332.5
2026-10-10,22,3,wk inc flu hosp,2026-10-31,quantile,0.85,371.5
2026-10-10,22,3,wk inc flu hosp,2026-10-31,quantile,0.9,459.5
2026-10-10,22,3,wk inc flu hosp,2026-10-31,quantile,0.95,581.5
2026-10-10,22,3,wk inc flu hosp,2026-10-31,quantile,0.975,701.0
2026-10-10,22,3,wk inc flu hosp,2026-10-31,quantile,0.99,827.5
2026-10-10,23,0,wk inc flu hosp,2026-10-10,quantile,0.01,2.950378373885682
2026-10-10,23,0,wk inc flu hosp,2026-10-10,quantile,0.025,4.8188923915831765
2026-10-10,23,0,wk inc flu hosp,2026-10-10,quantile,0.05,6.0
2026-10-10,23,0,wk inc flu hosp,2026-10-10,quantile,0.1,7.0
2026-10-10,23,0,wk inc flu hosp,2026-10-10,quantile,0.15,8.0
2026-10-10,23,0,wk inc flu hosp,2026-10-10,quantile,0.2,9.0
2026-10-10,23,0,wk inc flu hosp,2026-10-10,quantile,0.25,9.5
2026-10-10,23,0,wk inc flu hosp,2026-10-10,quantile,0.3,11.0
2026-10-10,23,0,wk inc flu hosp,2026-10-10,quantile,0.35,12.0
2026-10-10,23,0,wk inc flu hosp,2026-10-10,quantile,0.4,13.0
2026-10-10,23,0,wk inc flu hosp,2026-10-10,quantile,0.45,13.5
2026-10-10,23,0,wk inc flu hosp,2026-10-10,quantile,0.5,14.5
2026-10-10,23,0,wk inc flu hosp,2026-10-10,quantile,0.55,14.5
2026-10-10,23,0,wk inc flu hosp,2026-10-10,quantile,0.6,16.0
2026-10-10,23,0,wk inc flu hosp,2026-10-10,quantile,0.65,17.0
2026-10-10,23,0,wk inc flu hosp,2026-10-10,quantile,0.7,19.0
2026-10-10,23,0,wk inc flu hosp,2026-10-10,quantile,0.75,21.0
2026-10-10,23,0,wk inc flu hosp,2026-10-10,quantile,0.8,23.0
2026-10-10,23,0,wk inc flu hosp,2026-10-10,quantile,0.85,25.5
2026-10-10,23,0,wk inc flu hosp,2026-10-10,quantile,0.9,30.0
2026-10-10,23,0,wk inc flu hosp,2026-10-10,quantile,0.95,37.000768611458284
2026-10-10,23,0,wk inc flu hosp,2026-10-10,quantile,0.975,48.5
2026-10-10,23,0,wk inc flu hosp,2026-10-10,quantile,0.99,66.0
2026-10-10,23,1,wk inc flu hosp,2026-10-17,quantile,0.01,2.0
2026-10-10,23,1,wk inc flu hosp,2026-10-17,quantile,0.025,3.5815593343143832
2026-10-10,23,1,wk inc flu hosp,2026-10-17,quantile,0.05,5.014789322176533
2026-10-10,23,1,wk inc flu hosp,2026-10-17,quantile,0.1,6.00027809533734
2026-10-10,23,1,wk inc flu hosp,2026-10-17,quantile,0.15,7.644907575619319
2026-10-10,23,1,wk inc flu hosp,2026-10-17,quantile,0.2,8.5
2026-10-10,23,1,wk inc flu hosp,2026-10-17,quantile,0.25,9.693328511065996
2026-10-10,23,1,wk inc flu hosp,2026-10-17,quantile,0.3,10.544026068163795
2026-10-10,23,1,wk inc flu hosp,2026-10-17,quantile,0.35,12.0
2026-10-10,23,1,wk inc flu hosp,2026-10-17,quantile,0.4,13.5
2026-10-10,23,1,wk inc flu hosp,2026-10-17,quantile,0.45,15.0
2026-10-10,23,1,wk inc flu hosp,2026-10-17,quantile,0.5,16.5
2026-10-10,23,1,wk inc flu hosp,2026-10-17,quantile,0.55,18.0
2026-10-10,23,1,wk inc flu hosp,2026-10-17,quantile,0.6,19.82609913367546
2026-10-10,23,1,wk inc flu hosp,2026-10-17,quantile,0.65,21.5
2026-10-10,23,1,wk inc flu hosp,2026-10-17,quantile,0.7,23.0
2026-10-10,23,1,wk inc flu hosp,2026-10-17,quantile,0.75,25.0
2026-10-10,23,1,wk inc flu hosp,2026-10-17,quantile,0.8,27.5
2026-10-10,23,1,wk inc flu hosp,2026-10-17,quantile,0.85,30.5
2026-10-10,23,1,wk inc flu hosp,2026-10-17,quantile,0.9,35.5
2026-10-10,23,1,wk inc flu hosp,2026-10-17,quantile,0.95,42.5
2026-10-10,23,1,wk inc flu hosp,2026-10-17,quantile,0.975,54.0
2026-10-10,23,1,wk inc flu hosp,2026-10-17,quantile,0.99,72.0
2026-10-10,23,2,wk inc flu hosp,2026-10-24,quantile,0.01,2.0
2026-10-10,23,2,wk inc flu hosp,2026-10-24,quantile,0.025,3.0
2026-10-10,23,2,wk inc flu hosp,2026-10-24,quantile,0.05,4.0
2026-10-10,23,2,wk inc flu hosp,2026-10-24,quantile,0.1,6.4534057864107055
2026-10-10,23,2,wk inc flu hosp,2026-10-24,quantile,0.15,8.0
2026-10-10,23,2,wk inc flu hosp,2026-10-24,quantile,0.2,10.0
2026-10-10,23,2,wk inc flu hosp,2026-10-24,quantile,0.25,11.5
2026-10-10,23,2,wk inc flu hosp,2026-10-24,quantile,0.3,13.0
2026-10-10,23,2,wk inc flu hosp,2026-10-24,quantile,0.35,15.0
2026-10-10,23,2,wk inc flu hosp,2026-10-24,quantile,0.4,17.0
2026-10-10,23,2,wk inc flu hosp,2026-10-24,quantile,0.45,18.205233786785755
2026-10-10,23,2,wk inc flu hosp,2026-10-24,quantile,0.5,20.5
2026-10-10,23,2,wk inc flu hosp,2026-10-24,quantile,0.55,22.0
2026-10-10,23,2,wk inc flu hosp,2026-10-24,quantile,0.6,25.0
2026-10-10,23,2,wk inc flu hosp,2026-10-24,quantile,0.65,27.5
2026-10-10,23,2,wk inc flu hosp,2026-10-24,quantile,0.7,31.0
2026-10-10,23,2,wk inc flu hosp,2026-10-24,quantile,0.75,35.0
2026-10-10,23,2,wk inc flu hosp,2026-10-24,quantile,0.8,37.0
2026-10-10,23,2,wk inc flu hosp,2026-10-24,quantile,0.85,41.0
2026-10-10,23,2,wk inc flu hosp,2026-10-24,quantile,0.9,51.5
2026-10-10,23,2,wk inc flu hosp,2026-10-24,quantile,0.95,62.5
2026-10-10,23,2,wk inc flu hosp,2026-10-24,quantile,0.975,87.5
2026-10-10,23,2,wk inc flu hosp,2026-10-24,quantile,0.99,107.5
2026-10-10,23,3,wk inc flu hosp,2026-10-31,quantile,0.01,2.0
2026-10-10,23,3,wk inc flu hosp,2026-10-31,quantile,0.025,3.0
2026-10-10,23,3,wk inc flu hosp,2026-10-31,quantile,0.05,5.0
2026-10-10,23,3,wk inc flu hosp,2026-10-31,quantile,0.1,7.5
2026-10-10,23,3,wk inc flu hosp,2026-10-31,quantile,0.15,9.37629557083675
2026-10-10,23,3,wk inc flu hosp,2026-10-31,quantile,0.2,11.5
2026-10-10,23,3,wk inc flu hosp,2026-10-31,quantile,0.25,13.634279615338759
2026-10-10,23,3,wk inc flu hosp,2026-10-31,quantile,0.3,15.0
2026-10-10,23,3,wk inc flu hosp,2026-10-31,quantile,0.35,17.5
2026-10-10,23,3,wk inc flu hosp,2026-10-31,quantile,0.4,20.0
2026-10-10,23,3,wk inc flu hosp,2026-10-31,quantile,0.45,22.5
2026-10-10,23,3,wk inc flu hosp,2026-10-31,quantile,0.5,25.0
2026-10-10,23,3,wk inc flu hosp,2026-10-31,quantile,0.55,28.5
2026-10-10,23,3,wk inc flu hosp,2026-10-31,quantile,0.6,32.5
2026-10-10,23,3,wk inc flu hosp,2026-10-31,quantile,0.65,35.5
2026-10-10,23,3,wk inc flu hosp,2026-10-31,quantile,0.7,42.0
2026-10-10,23,3,wk inc flu hosp,2026-10-31,quantile,0.75,49.5
2026-10-10,23,3,wk inc flu hosp,2026-10-31,quantile,0.8,57.0
2026-10-10,23,3,wk inc flu hosp,2026-10-31,quantile,0.85,65.5
2026-10-10,23,3,wk inc flu hosp,2026-10-31,quantile,0.9,76.0
2026-10-10,23,3,wk inc flu hosp,2026-10-31,quantile,0.95,95.0
2026-10-10,23,3,wk inc flu hosp,2026-10-31,quantile,0.975,135.5
2026-10-10,23,3,wk inc flu hosp,2026-10-31,quantile,0.99,158.5
2026-10-10,24,0,wk inc flu hosp,2026-10-10,quantile,0.01,6.5
2026-10-10,24,0,wk inc flu hosp,2026-10-10,quantile,0.025,8.5
2026-10-10,24,0,wk inc flu hosp,2026-10-10,quantile,0.05,11.5
2026-10-10,24,0,wk inc flu hosp,2026-10-10,quantile,0.1,13.0
2026-10-10,24,0,wk inc flu hosp,2026-10-10,quantile,0.15,14.5
2026-10-10,24,0,wk inc flu hosp,2026-10-10,quantile,0.2,16.0
2026-10-10,24,0,wk inc flu hosp,2026-10-10,quantile,0.25,17.5
2026-10-10,24,0,wk inc flu hosp,2026-10-10,quantile,0.3,18.5
2026-10-10,24,0,wk inc flu hosp,2026-10-10,quantile,0.35,19.5
2026-10-10,24,0,wk inc flu hosp,2026-10-10,quantile,0.4,20.5
2026-10-10,24,0,wk inc flu hosp,2026-10-10,quantile,0.45,22.0
2026-10-10,24,0,wk inc flu hosp,2026-10-10,quantile,0.5,23.5
2026-10-10,24,0,wk inc flu hosp,2026-10-10,quantile,0.55,25.0
2026-10-10,24,0,wk inc flu hosp,2026-10-10,quantile,0.6,27.0
2026-10-10,24,0,wk inc flu hosp,2026-10-10,quantile,0.65,28.5
2026-10-10,24,0,wk inc flu hosp,2026-10-10,quantile,0.7,31.0
2026-10-10,24,0,wk inc flu hosp,2026-10-10,quantile,0.75,33.5
2026-10-10,24,0,wk inc flu hosp,2026-10-10,quantile,0.8,36.5
2026-10-10,24,0,wk inc flu hosp,2026-10-10,quantile,0.85,41.0
2026-10-10,24,0,wk inc flu hosp,2026-10-10,quantile,0.9,47.5
2026-10-10,24,0,wk inc flu hosp,2026-10-10,quantile,0.95,57.0
2026-10-10,24,0,wk inc flu hosp,2026-10-10,quantile,0.975,71.0
2026-10-10,24,0,wk inc flu hosp,2026-10-10,quantile,0.99,95.0
2026-10-10,24,1,wk inc flu hosp,2026-10-17,quantile,0.01,6.0
2026-10-10,24,1,wk inc flu hosp,2026-10-17,quantile,0.025,7.5
2026-10-10,24,1,wk inc flu hosp,2026-10-17,quantile,0.05,9.296628379399946
2026-10-10,24,1,wk inc flu hosp,2026-10-17,quantile,0.1,12.87691580314548
2026-10-10,24,1,wk inc flu hosp,2026-10-17,quantile,0.15,15.0
2026-10-10,24,1,wk inc flu hosp,2026-10-17,quantile,0.2,16.5
2026-10-10,24,1,wk inc flu hosp,2026-10-17,quantile,0.25,19.0
2026-10-10,24,1,wk inc flu hosp,2026-10-17,quantile,0.3,20.5
2026-10-10,24,1,wk inc flu hosp,2026-10-17,quantile,0.35,22.441298026177506
2026-10-10,24,1,wk inc flu hosp,2026-10-17,quantile,0.4,24.191861227540503
2026-10-10,24,1,wk inc flu hosp,2026-10-17,quantile,0.45,25.64407864514333
2026-10-10,24,1,wk inc flu hosp,2026-10-17,quantile,0.5,27.722622565675337
2026-10-10,24,1,wk inc flu hosp,2026-10-17,quantile,0.55,30.06781048819684
2026-10-10,24,1,wk inc flu hosp,2026-10-17,quantile,0.6,32.387544561082194
2026-10-10,24,1,wk inc flu hosp,2026-10-17,quantile,0.65,34.66216902378633
2026-10-10,24,1,wk inc flu hosp,2026-10-17,quantile,0.7,36.13723610433351
2026-10-10,24,1,wk inc flu hosp,2026-10-17,quantile,0.75,38.66922300698243
2026-10-10,24,1,wk inc flu hosp,2026-10-17,quantile,0.8,41.78836913025782
2026-10-10,24,1,wk inc flu hosp,2026-10-17,quantile,0.85,45.333134283019646
2026-10-10,24,1,wk inc flu hosp,2026-10-17,quantile,0.9,51.181319053196916
2026-10-10,24,1,wk inc flu hosp,2026-10-17,quantile,0.95,62.5
2026-10-10,24,1,wk inc flu hosp,2026-10-17,quantile,0.975,76.5
2026-10-10,24,1,wk inc flu hosp,2026-10-17,quantile,0.99,105.22375466365989
2026-10-10,24,2,wk inc flu hosp,2026-10-24,quantile,0.01,6.5
2026-10-10,24,2,wk inc flu hosp,2026-10-24,quantile,0.025,8.0
2026-10-10,24,2,wk inc flu hosp,2026-10-24,quantile,0.05,9.5
2026-10-10,24,2,wk inc flu hosp,2026-10-24,quantile,0.1,13.0
2026-10-10,24,2,wk inc flu hosp,2026-10-24,quantile,0.15,16.0
2026-10-10,24,2,wk inc flu hosp,2026-10-24,quantile,0.2,19.0
2026-10-10,24,2,wk inc flu hosp,2026-10-24,quantile,0.25,22.0
2026-10-10,24,2,wk inc flu hosp,2026-10-24,quantile,0.3,25.0
2026-10-10,24,2,wk inc flu hosp,2026-10-24,quantile,0.35,27.361761826761708
2026-10-10,24,2,wk inc flu hosp,2026-10-24,quantile,0.4,30.25821355232345
2026-10-10,24,2,wk inc flu hosp,2026-10-24,quantile,0.45,32.87000564031697
2026-10-10,24,2,wk inc flu hosp,2026-10-24,quantile,0.5,35.34471063836082
2026-10-10,24,2,wk inc flu hosp,2026-10-24,quantile,0.55,37.82705741134059
2026-10-10,24,2,wk inc flu hosp,2026-10-24,quantile,0.6,40.63591997677336
2026-10-10,24,2,wk inc flu hosp,2026-10-24,quantile,0.65,43.16162352768839
2026-10-10,24,2,wk inc flu hosp,2026-10-24,quantile,0.7,46.607456906447624
2026-10-10,24,2,wk inc flu hosp,2026-10-24,quantile,0.75,51.66644962153194
2026-10-10,24,2,wk inc flu hosp,2026-10-24,quantile,0.8,55.39690153891936
2026-10-10,24,2,wk inc flu hosp,2026-10-24,quantile,0.85,61.0
2026-10-10,24,2,wk inc flu hosp,2026-10-24,quantile,0.9,85.5
2026-10-10,24,2,wk inc flu hosp,2026-10-24,quantile,0.95,102.5
2026-10-10,24,2,wk inc flu hosp,2026-10-24,quantile,0.975,129.0
2026-10-10,24,2,wk inc flu hosp,2026-10-24,quantile,0.99,188.0
2026-10-10,24,3,wk inc flu hosp,2026-10-31,quantile,0.01,5.5
2026-10-10,24,3,wk inc flu hosp,2026-10-31,quantile,0.025,7.5
2026-10-10,24,3,wk inc flu hosp,2026-10-31,quantile,0.05,10.5
2026-10-10,24,3,wk inc flu hosp,2026-10-31,quantile,0.1,14.558359715665077
2026-10-10,24,3,wk inc flu hosp,2026-10-31,quantile,0.15,18.68399755405774
2026-10-10,24,3,wk inc flu hosp,2026-10-31,quantile,0.2,21.890963053592237
2026-10-10,24,3,wk inc flu hosp,2026-10-31,quantile,0.25,24.600882750336186
2026-10-10,24,3,wk inc flu hosp,2026-10-31,quantile,0.3,28.63249733534203
2026-10-10,24,3,wk inc flu hosp,2026-10-31,quantile,0.35,31.30049125048088
2026-10-10,24,3,wk inc flu hosp,2026-10-31,quantile,0.4,35.19322737080132
2026-10-10,24,3,wk inc flu hosp,2026-10-31,quantile,0.45,39.239723723520044
2026-10-10,24,3,wk inc flu hosp,2026-10-31,quantile,0.5,42.66751520218875
2026-10-10,24,3,wk inc flu hosp,2026-10-31,quantile,0.55,46.93539885275075
2026-10-10,24,3,wk inc flu hosp,2026-10-31,quantile,0.6,50.77129875011238
2026-10-10,24,3,wk inc flu hosp,2026-10-31,quantile,0.65,56.87612848450625
2026-10-10,24,3,wk inc flu hosp,2026-10-31,quantile,0.7,61.350119216289805
2026-10-10,24,3,wk inc flu hosp,2026-10-31,quantile,0.75,65.43923758694784
2026-10-10,24,3,wk inc flu hosp,2026-10-31,quantile,0.8,73.5
2026-10-10,24,3,wk inc flu hosp,2026-10-31,quantile,0.85,94.5
2026-10-10,24,3,wk inc flu hosp,2026-10-31,quantile,0.9,140.0
2026-10-10,24,3,wk inc flu hosp,2026-10-31,quantile,0.95,191.5
2026-10-10,24,3,wk inc flu hosp,2026-10-31,quantile,0.975,250.5
2026-10-10,24,3,wk inc flu hosp,2026-10-31,quantile,0.99,350.0
2026-10-10,25,0,wk inc flu hosp,2026-10-10,quantile,0.01,5.5
2026-10-10,25,0,wk inc flu hosp,2026-10-10,quantile,0.025,7.769802253556728
2026-10-10,25,0,wk inc flu hosp,2026-10-10,quantile,0.05,10.0
2026-10-10,25,0,wk inc flu hosp,2026-10-10,quantile,0.1,11.0
2026-10-10,25,0,wk inc flu hosp,2026-10-10,quantile,0.15,13.0
2026-10-10,25,0,wk inc flu hosp,2026-10-10,quantile,0.2,15.0
2026-10-10,25,0,wk inc flu hosp,2026-10-10,quantile,0.25,16.0
2026-10-10,25,0,wk inc flu hosp,2026-10-10,quantile,0.3,17.5
2026-10-10,25,0,wk inc flu hosp,2026-10-10,quantile,0.35,18.5
2026-10-10,25,0,wk inc flu hosp,2026-10-10,quantile,0.4,20.0
2026-10-10,25,0,wk inc flu hosp,2026-10-10,quantile,0.45,21.5
2026-10-10,25,0,wk inc flu hosp,2026-10-10,quantile,0.5,23.0
2026-10-10,25,0,wk inc flu hosp,2026-10-10,quantile,0.55,24.0
2026-10-10,25,0,wk inc flu hosp,2026-10-10,quantile,0.6,25.5
2026-10-10,25,0,wk inc flu hosp,2026-10-10,quantile,0.65,27.0
2026-10-10,25,0,wk inc flu hosp,2026-10-10,quantile,0.7,28.5
2026-10-10,25,0,wk inc flu hosp,2026-10-10,quantile,0.75,30.5
2026-10-10,25,0,wk inc flu hosp,2026-10-10,quantile,0.8,34.0
2026-10-10,25,0,wk inc flu hosp,2026-10-10,quantile,0.85,37.5
2026-10-10,25,0,wk inc flu hosp,2026-10-10,quantile,0.9,44.0
2026-10-10,25,0,wk inc flu hosp,2026-10-10,quantile,0.95,53.5
2026-10-10,25,0,wk inc flu hosp,2026-10-10,quantile,0.975,67.0
2026-10-10,25,0,wk inc flu hosp,2026-10-10,quantile,0.99,90.0
2026-10-10,25,1,wk inc flu hosp,2026-10-17,quantile,0.01,4.0
2026-10-10,25,1,wk inc flu hosp,2026-10-17,quantile,0.025,6.0
2026-10-10,25,1,wk inc flu hosp,2026-10-17,quantile,0.05,8.0
2026-10-10,25,1,wk inc flu hosp,2026-10-17,quantile,0.1,11.047237835755219
2026-10-10,25,1,wk inc flu hosp,2026-10-17,quantile,0.15,13.427681304553898
2026-10-10,25,1,wk inc flu hosp,2026-10-17,quantile,0.2,16.055406654672478
2026-10-10,25,1,wk inc flu hosp,2026-10-17,quantile,0.25,17.899422693746786
2026-10-10,25,1,wk inc flu hosp,2026-10-17,quantile,0.3,19.85495221885991
2026-10-10,25,1,wk inc flu hosp,2026-10-17,quantile,0.35,21.723197611942282
2026-10-10,25,1,wk inc flu hosp,2026-10-17,quantile,0.4,24.0
2026-10-10,25,1,wk inc flu hosp,2026-10-17,quantile,0.45,26.5
2026-10-10,25,1,wk inc flu hosp,2026-10-17,quantile,0.5,28.0
2026-10-10,25,1,wk inc flu hosp,2026-10-17,quantile,0.55,30.0
2026-10-10,25,1,wk inc flu hosp,2026-10-17,quantile,0.6,32.5
2026-10-10,25,1,wk inc flu hosp,2026-10-17,quantile,0.65,36.448013101828096
2026-10-10,25,1,wk inc flu hosp,2026-10-17,quantile,0.7,38.97057264266974
2026-10-10,25,1,wk inc flu hosp,2026-10-17,quantile,0.75,40.96382964334806
2026-10-10,25,1,wk inc flu hosp,2026-10-17,quantile,0.8,44.41610108948624
2026-10-10,25,1,wk inc flu hosp,2026-10-17,quantile,0.85,47.24296519025172
2026-10-10,25,1,wk inc flu hosp,2026-10-17,quantile,0.9,51.0
2026-10-10,25,1,wk inc flu hosp,2026-10-17,quantile,0.95,60.0
2026-10-10,25,1,wk inc flu hosp,2026-10-17,quantile,0.975,78.5
2026-10-10,25,1,wk inc flu hosp,2026-10-17,quantile,0.99,100.51051599494164
2026-10-10,25,2,wk inc flu hosp,2026-10-24,quantile,0.01,4.5
2026-10-10,25,2,wk inc flu hosp,2026-10-24,quantile,0.025,6.5
2026-10-10,25,2,wk inc flu hosp,2026-10-24,quantile,0.05,8.5
2026-10-10,25,2,wk inc flu hosp,2026-10-24,quantile,0.1,12.5
2026-10-10,25,2,wk inc flu hosp,2026-10-24,quantile,0.15,16.0
2026-10-10,25,2,wk inc flu hosp,2026-10-24,quantile,0.2,18.934631654009422
2026-10-10,25,2,wk inc flu hosp,2026-10-24,quantile,0.25,21.612669833641668
2026-10-10,25,2,wk inc flu hosp,2026-10-24,quantile,0.3,26.38230508066038
2026-10-10,25,2,wk inc flu hosp,2026-10-24,quantile,0.35,28.326983838235343
2026-10-10,25,2,wk inc flu hosp,2026-10-24,quantile,0.4,31.686888889308058
2026-10-10,25,2,wk inc flu hosp,2026-10-24,quantile,0.45,34.5
2026-10-10,25,2,wk inc flu hosp,2026-10-24,quantile,0.5,37.0
2026-10-10,25,2,wk inc flu hosp,2026-10-24,quantile,0.55,40.5
2026-10-10,25,2,wk inc flu hosp,2026-10-24,quantile,0.6,44.0
2026-10-10,25,2,wk inc flu hosp,2026-10-24,quantile,0.65,48.5
2026-10-10,25,2,wk inc flu hosp,2026-10-24,quantile,0.7,53.0
2026-10-10,25,2,wk inc flu hosp,2026-10-24,quantile,0.75,58.5
2026-10-10,25,2,wk inc flu hosp,2026-10-24,quantile,0.8,64.5
2026-10-10,25,2,wk inc flu hosp,2026-10-24,quantile,0.85,72.0
2026-10-10,25,2,wk inc flu hosp,2026-10-24,quantile,0.9,83.0
2026-10-10,25,2,wk inc flu hosp,2026-10-24,quantile,0.95,113.0
2026-10-10,25,2,wk inc flu hosp,2026-10-24,quantile,0.975,136.0
2026-10-10,25,2,wk inc flu hosp,2026-10-24,quantile,0.99,183.5
2026-10-10,25,3,wk inc flu hosp,2026-10-31,quantile,0.01,4.5
2026-10-10,25,3,wk inc flu hosp,2026-10-31,quantile,0.025,7.5
2026-10-10,25,3,wk inc flu hosp,2026-10-31,quantile,0.05,10.0
2026-10-10,25,3,wk inc flu hosp,2026-10-31,quantile,0.1,14.5
2026-10-10,25,3,wk inc flu hosp,2026-10-31,quantile,0.15,19.0
2026-10-10,25,3,wk inc flu hosp,2026-10-31,quantile,0.2,23.5
2026-10-10,25,3,wk inc flu hosp,2026-10-31,quantile,0.25,27.5
2026-10-10,25,3,wk inc flu hosp,2026-10-31,quantile,0.3,32.0
2026-10-10,25,3,wk inc flu hosp,2026-10-31,quantile,0.35,36.5
2026-10-10,25,3,wk inc flu hosp,2026-10-31,quantile,0.4,40.5
2026-10-10,25,3,wk inc flu hosp,2026-10-31,quantile,0.45,45.0
2026-10-10,25,3,wk inc flu hosp,2026-10-31,quantile,0.5,49.0
2026-10-10,25,3,wk inc flu hosp,2026-10-31,quantile,0.55,54.0
2026-10-10,25,3,wk inc flu hosp,2026-10-31,quantile,0.6,59.5
2026-10-10,25,3,wk inc flu hosp,2026-10-31,quantile,0.65,66.0
2026-10-10,25,3,wk inc flu hosp,2026-10-31,quantile,0.7,73.0
2026-10-10,25,3,wk inc flu hosp,2026-10-31,quantile,0.75,81.0
2026-10-10,25,3,wk inc flu hosp,2026-10-31,quantile,0.8,91.5
2026-10-10,25,3,wk inc flu hosp,2026-10-31,quantile,0.85,113.0
2026-10-10,25,3,wk inc flu hosp,2026-10-31,quantile,0.9,158.0
2026-10-10,25,3,wk inc flu hosp,2026-10-31,quantile,0.95,213.0
2026-10-10,25,3,wk inc flu hosp,2026-10-31,quantile,0.975,270.5
2026-10-10,25,3,wk inc flu hosp,2026-10-31,quantile,0.99,356.0
2026-10-10,26,0,wk inc flu hosp,2026-10-10,quantile,0.01,16.5
2026-10-10,26,0,wk inc flu hosp,2026-10-10,quantile,0.025,21.0
2026-10-10,26,0,wk inc flu hosp,2026-10-10,quantile,0.05,26.91227901427581
2026-10-10,26,0,wk inc flu hosp,2026-10-10,quantile,0.1,30.0
2026-10-10,26,0,wk inc flu hosp,2026-10-10,quantile,0.15,33.0
2026-10-10,26,0,wk inc flu hosp,2026-10-10,quantile,0.2,35.5
2026-10-10,26,0,wk inc flu hosp,2026-10-10,quantile,0.25,38.0
2026-10-10,26,0,wk inc flu hosp,2026-10-10,quantile,0.3,41.0
2026-10-10,26,0,wk inc flu hosp,2026-10-10,quantile,0.35,43.5
2026-10-10,26,0,wk inc flu hosp,2026-10-10,quantile,0.4,45.5
2026-10-10,26,0,wk inc flu hosp,2026-10-10,quantile,0.45,47.5
2026-10-10,26,0,wk inc flu hosp,2026-10-10,quantile,0.5,50.0
2026-10-10,26,0,wk inc flu hosp,2026-10-10,quantile,0.55,53.0
2026-10-10,26,0,wk inc flu hosp,2026-10-10,quantile,0.6,56.0
2026-10-10,26,0,wk inc flu hosp,2026-10-10,quantile,0.65,59.5
2026-10-10,26,0,wk inc flu hosp,2026-10-10,quantile,0.7,63.0
2026-10-10,26,0,wk inc flu hosp,2026-10-10,quantile,0.75,68.0
2026-10-10,26,0,wk inc flu hosp,2026-10-10,quantile,0.8,72.5
2026-10-10,26,0,wk inc flu hosp,2026-10-10,quantile,0.85,79.0
2026-10-10,26,0,wk inc flu hosp,2026-10-10,quantile,0.9,90.0
2026-10-10,26,0,wk inc flu hosp,2026-10-10,quantile,0.95,110.0
2026-10-10,26,0,wk inc flu hosp,2026-10-10,quantile,0.975,132.0
2026-10-10,26,0,wk inc flu hosp,2026-10-10,quantile,0.99,168.0
2026-10-10,26,1,wk inc flu hosp,2026-10-17,quantile,0.01,16.0
2026-10-10,26,1,wk inc flu hosp,2026-10-17,quantile,0.025,18.5
2026-10-10,26,1,wk inc flu hosp,2026-10-17,quantile,0.05,22.0
2026-10-10,26,1,wk inc flu hosp,2026-10-17,quantile,0.1,27.810512422791252
2026-10-10,26,1,wk inc flu hosp,2026-10-17,quantile,0.15,35.79017632043784
2026-10-10,26,1,wk inc flu hosp,2026-10-17,quantile,0.2,38.551269580063774
2026-10-10,26,1,wk inc flu hosp,2026-10-17,quantile,0.25,41.331277806024474
2026-10-10,26,1,wk inc flu hosp,2026-10-17,quantile,0.3,44.58039624390001
2026-10-10,26,1,wk inc flu hosp,2026-10-17,quantile,0.35,48.0
2026-10-10,26,1,wk inc flu hosp,2026-10-17,quantile,0.4,51.25953130919695
2026-10-10,26,1,wk inc flu hosp,2026-10-17,quantile,0.45,54.0
2026-10-10,26,1,wk inc flu hosp,2026-10-17,quantile,0.5,57.5
2026-10-10,26,1,wk inc flu hosp,2026-10-17,quantile,0.55,61.0
2026-10-10,26,1,wk inc flu hosp,2026-10-17,quantile,0.6,64.0
2026-10-10,26,1,wk inc flu hosp,2026-10-17,quantile,0.65,68.50579876520442
2026-10-10,26,1,wk inc flu hosp,2026-10-17,quantile,0.7,73.96007059145228
2026-10-10,26,1,wk inc flu hosp,2026-10-17,quantile,0.75,76.89183180145753
2026-10-10,26,1,wk inc flu hosp,2026-10-17,quantile,0.8,81.2043227042986
2026-10-10,26,1,wk inc flu hosp,2026-10-17,quantile,0.85,89.0
2026-10-10,26,1,wk inc flu hosp,2026-10-17,quantile,0.9,101.5
2026-10-10,26,1,wk inc flu hosp,2026-10-17,quantile,0.95,121.0
2026-10-10,26,1,wk inc flu hosp,2026-10-17,quantile,0.975,145.5
2026-10-10,26,1,wk inc flu hosp,2026-10-17,quantile,0.99,185.0
2026-10-10,26,2,wk inc flu hosp,2026-10-24,quantile,0.01,13.5
2026-10-10,26,2,wk inc flu hosp,2026-10-24,quantile,0.025,18.0
2026-10-10,26,2,wk inc flu hosp,2026-10-24,quantile,0.05,23.0
2026-10-10,26,2,wk inc flu hosp,2026-10-24,quantile,0.1,31.42154570743071
2026-10-10,26,2,wk inc flu hosp,2026-10-24,quantile,0.15,38.863813801034816
2026-10-10,26,2,wk inc flu hosp,2026-10-24,quantile,0.2,43.23723036062131
2026-10-10,26,2,wk inc flu hosp,2026-10-24,quantile,0.25,46.5
2026-10-10,26,2,wk inc flu hosp,2026-10-24,quantile,0.3,52.066493032544464
2026-10-10,26,2,wk inc flu hosp,2026-10-24,quantile,0.35,55.43557025303013
2026-10-10,26,2,wk inc flu hosp,2026-10-24,quantile,0.4,59.5
2026-10-10,26,2,wk inc flu hosp,2026-10-24,quantile,0.45,64.5
2026-10-10,26,2,wk inc flu hosp,2026-10-24,quantile,0.5,70.04186452159612
2026-10-10,26,2,wk inc flu hosp,2026-10-24,quantile,0.55,75.0
2026-10-10,26,2,wk inc flu hosp,2026-10-24,quantile,0.6,79.5
2026-10-10,26,2,wk inc flu hosp,2026-10-24,quantile,0.65,85.5
2026-10-10,26,2,wk inc flu hosp,2026-10-24,quantile,0.7,90.0
2026-10-10,26,2,wk inc flu hosp,2026-10-24,quantile,0.75,96.0
2026-10-10,26,2,wk inc flu hosp,2026-10-24,quantile,0.8,108.0
2026-10-10,26,2,wk inc flu hosp,2026-10-24,quantile,0.85,130.5
2026-10-10,26,2,wk inc flu hosp,2026-10-24,quantile,0.9,162.0
2026-10-10,26,2,wk inc flu hosp,2026-10-24,quantile,0.95,197.5
2026-10-10,26,2,wk inc flu hosp,2026-10-24,quantile,0.975,235.0
2026-10-10,26,2,wk inc flu hosp,2026-10-24,quantile,0.99,284.5
2026-10-10,26,3,wk inc flu hosp,2026-10-31,quantile,0.01,13.5
2026-10-10,26,3,wk inc flu hosp,2026-10-31,quantile,0.025,18.5
2026-10-10,26,3,wk inc flu hosp,2026-10-31,quantile,0.05,25.009380226932873
2026-10-10,26,3,wk inc flu hosp,2026-10-31,quantile,0.1,33.662622101976226
2026-10-10,26,3,wk inc flu hosp,2026-10-31,quantile,0.15,39.0
2026-10-10,26,3,wk inc flu hosp,2026-10-31,quantile,0.2,45.5
2026-10-10,26,3,wk inc flu hosp,2026-10-31,quantile,0.25,51.229583653458576
2026-10-10,26,3,wk inc flu hosp,2026-10-31,quantile,0.3,56.98204222881658
2026-10-10,26,3,wk inc flu hosp,2026-10-31,quantile,0.35,64.03350735690785
2026-10-10,26,3,wk inc flu hosp,2026-10-31,quantile,0.4,69.92521616591355
2026-10-10,26,3,wk inc flu hosp,2026-10-31,quantile,0.45,75.62315061344802
2026-10-10,26,3,wk inc flu hosp,2026-10-31,quantile,0.5,83.0
2026-10-10,26,3,wk inc flu hosp,2026-10-31,quantile,0.55,91.22480131329492
2026-10-10,26,3,wk inc flu hosp,2026-10-31,quantile,0.6,100.0
2026-10-10,26,3,wk inc flu hosp,2026-10-31,quantile,0.65,113.0
2026-10-10,26,3,wk inc flu hosp,2026-10-31,quantile,0.7,126.0
2026-10-10,26,3,wk inc flu hosp,2026-10-31,quantile,0.75,138.5
2026-10-10,26,3,wk inc flu hosp,2026-10-31,quantile,0.8,166.5
2026-10-10,26,3,wk inc flu hosp,2026-10-31,quantile,0.85,206.5
2026-10-10,26,3,wk inc flu hosp,2026-10-31,quantile,0.9,257.0
2026-10-10,26,3,wk inc flu hosp,2026-10-31,quantile,0.95,342.0
2026-10-10,26,3,wk inc flu hosp,2026-10-31,quantile,0.975,415.0
2026-10-10,26,3,wk inc flu hosp,2026-10-31,quantile,0.99,538.0
2026-10-10,27,0,wk inc flu hosp,2026-10-10,quantile,0.01,9.0
2026-10-10,27,0,wk inc flu hosp,2026-10-10,quantile,0.025,11.5
2026-10-10,27,0,wk inc flu hosp,2026-10-10,quantile,0.05,16.5
2026-10-10,27,0,wk inc flu hosp,2026-10-10,quantile,0.1,20.5
2026-10-10,27,0,wk inc flu hosp,2026-10-10,quantile,0.15,21.5
2026-10-10,27,0,wk inc flu hosp,2026-10-10,quantile,0.2,24.0
2026-10-10,27,0,wk inc flu hosp,2026-10-10,quantile,0.25,25.5
2026-10-10,27,0,wk inc flu hosp,2026-10-10,quantile,0.3,27.0
2026-10-10,27,0,wk inc flu hosp,2026-10-10,quantile,0.35,29.0
2026-10-10,27,0,wk inc flu hosp,2026-10-10,quantile,0.4,30.0
2026-10-10,27,0,wk inc flu hosp,2026-10-10,quantile,0.45,32.0
2026-10-10,27,0,wk inc flu hosp,2026-10-10,quantile,0.5,34.0
2026-10-10,27,0,wk inc flu hosp,2026-10-10,quantile,0.55,36.0
2026-10-10,27,0,wk inc flu hosp,2026-10-10,quantile,0.6,38.5
2026-10-10,27,0,wk inc flu hosp,2026-10-10,quantile,0.65,40.5
2026-10-10,27,0,wk inc flu hosp,2026-10-10,quantile,0.7,44.0
2026-10-10,27,0,wk inc flu hosp,2026-10-10,quantile,0.75,47.0
2026-10-10,27,0,wk inc flu hosp,2026-10-10,quantile,0.8,50.85025874578848
2026-10-10,27,0,wk inc flu hosp,2026-10-10,quantile,0.85,53.895646398401325
2026-10-10,27,0,wk inc flu hosp,2026-10-10,quantile,0.9,62.70110871949911
2026-10-10,27,0,wk inc flu hosp,2026-10-10,quantile,0.95,74.3062198849695
2026-10-10,27,0,wk inc flu hosp,2026-10-10,quantile,0.975,98.26974916205631
2026-10-10,27,0,wk inc flu hosp,2026-10-10,quantile,0.99,135.0
2026-10-10,27,1,wk inc flu hosp,2026-10-17,quantile,0.01,9.5
2026-10-10,27,1,wk inc flu hosp,2026-10-17,quantile,0.025,11.5
2026-10-10,27,1,wk inc flu hosp,2026-10-17,quantile,0.05,14.5
2026-10-10,27,1,wk inc flu hosp,2026-10-17,quantile,0.1,19.248780958601714
2026-10-10,27,1,wk inc flu hosp,2026-10-17,quantile,0.15,22.039600039232905
2026-10-10,27,1,wk inc flu hosp,2026-10-17,quantile,0.2,26.0
2026-10-10,27,1,wk inc flu hosp,2026-10-17,quantile,0.25,29.0
2026-10-10,27,1,wk inc flu hosp,2026-10-17,quantile,0.3,31.0
2026-10-10,27,1,wk inc flu hosp,2026-10-17,quantile,0.35,33.0
2026-10-10,27,1,wk inc flu hosp,2026-10-17,quantile,0.4,36.0
2026-10-10,27,1,wk inc flu hosp,2026-10-17,quantile,0.45,40.0
2026-10-10,27,1,wk inc flu hosp,2026-10-17,quantile,0.5,41.84802799969659
2026-10-10,27,1,wk inc flu hosp,2026-10-17,quantile,0.55,44.212119941404865
2026-10-10,27,1,wk inc flu hosp,2026-10-17,quantile,0.6,45.9773862492044
2026-10-10,27,1,wk inc flu hosp,2026-10-17,quantile,0.65,48.68026726568935
2026-10-10,27,1,wk inc flu hosp,2026-10-17,quantile,0.7,51.02700412241385
2026-10-10,27,1,wk inc flu hosp,2026-10-17,quantile,0.75,54.0
2026-10-10,27,1,wk inc flu hosp,2026-10-17,quantile,0.8,58.5
2026-10-10,27,1,wk inc flu hosp,2026-10-17,quantile,0.85,67.0
2026-10-10,27,1,wk inc flu hosp,2026-10-17,quantile,0.9,77.0
2026-10-10,27,1,wk inc flu hosp,2026-10-17,quantile,0.95,97.0
2026-10-10,27,1,wk inc flu hosp,2026-10-17,quantile,0.975,122.0
2026-10-10,27,1,wk inc flu hosp,2026-10-17,quantile,0.99,155.0
2026-10-10,27,2,wk inc flu hosp,2026-10-24,quantile,0.01,7.0
2026-10-10,27,2,wk inc flu hosp,2026-10-24,quantile,0.025,9.5
2026-10-10,27,2,wk inc flu hosp,2026-10-24,quantile,0.05,13.361940204062769
2026-10-10,27,2,wk inc flu hosp,2026-10-24,quantile,0.1,19.21361629400888
2026-10-10,27,2,wk inc flu hosp,2026-10-24,quantile,0.15,25.34221871053573
2026-10-10,27,2,wk inc flu hosp,2026-10-24,quantile,0.2,28.5
2026-10-10,27,2,wk inc flu hosp,2026-10-24,quantile,0.25,32.357627976703014
2026-10-10,27,2,wk inc flu hosp,2026-10-24,quantile,0.3,35.8855162721974
2026-10-10,27,2,wk inc flu hosp,2026-10-24,quantile,0.35,39.43815485343302
2026-10-10,27,2,wk inc flu hosp,2026-10-24,quantile,0.4,43.31014991443445
2026-10-10,27,2,wk inc flu hosp,2026-10-24,quantile,0.45,47.20125242074198
2026-10-10,27,2,wk inc flu hosp,2026-10-24,quantile,0.5,51.43842883592989
2026-10-10,27,2,wk inc flu hosp,2026-10-24,quantile,0.55,54.413187127290946
2026-10-10,27,2,wk inc flu hosp,2026-10-24,quantile,0.6,57.59280242763125
2026-10-10,27,2,wk inc flu hosp,2026-10-24,quantile,0.65,62.5
2026-10-10,27,2,wk inc flu hosp,2026-10-24,quantile,0.7,69.0
2026-10-10,27,2,wk inc flu hosp,2026-10-24,quantile,0.75,78.0
2026-10-10,27,2,wk inc flu hosp,2026-10-24,quantile,0.8,89.0
2026-10-10,27,2,wk inc flu hosp,2026-10-24,quantile,0.85,107.0
2026-10-10,27,2,wk inc flu hosp,2026-10-24,quantile,0.9,131.0
2026-10-10,27,2,wk inc flu hosp,2026-10-24,quantile,0.95,185.0
2026-10-10,27,2,wk inc flu hosp,2026-10-24,quantile,0.975,222.0
2026-10-10,27,2,wk inc flu hosp,2026-10-24,quantile,0.99,268.0
2026-10-10,27,3,wk inc flu hosp,2026-10-31,quantile,0.01,6.5
2026-10-10,27,3,wk inc flu hosp,2026-10-31,quantile,0.025,10.5
2026-10-10,27,3,wk inc flu hosp,2026-10-31,quantile,0.05,15.055303871293976
2026-10-10,27,3,wk inc flu hosp,2026-10-31,quantile,0.1,23.0
2026-10-10,27,3,wk inc flu hosp,2026-10-31,quantile,0.15,28.446434190684712
2026-10-10,27,3,wk inc flu hosp,2026-10-31,quantile,0.2,33.0
2026-10-10,27,3,wk inc flu hosp,2026-10-31,quantile,0.25,38.27737008572953
2026-10-10,27,3,wk inc flu hosp,2026-10-31,quantile,0.3,41.62619419002465
2026-10-10,27,3,wk inc flu hosp,2026-10-31,quantile,0.35,47.04019086573283
2026-10-10,27,3,wk inc flu hosp,2026-10-31,quantile,0.4,51.0016479827678
2026-10-10,27,3,wk inc flu hosp,2026-10-31,quantile,0.45,55.33872090259242
2026-10-10,27,3,wk inc flu hosp,2026-10-31,quantile,0.5,60.5
2026-10-10,27,3,wk inc flu hosp,2026-10-31,quantile,0.55,69.5
2026-10-10,27,3,wk inc flu hosp,2026-10-31,quantile,0.6,76.5
2026-10-10,27,3,wk inc flu hosp,2026-10-31,quantile,0.65,92.0
2026-10-10,27,3,wk inc flu hosp,2026-10-31,quantile,0.7,105.5
2026-10-10,27,3,wk inc flu hosp,2026-10-31,quantile,0.75,123.5
2026-10-10,27,3,wk inc flu hosp,2026-10-31,quantile,0.8,139.5
2026-10-10,27,3,wk inc flu hosp,2026-10-31,quantile,0.85,165.5
2026-10-10,27,3,wk inc flu hosp,2026-10-31,quantile,0.9,209.5
2026-10-10,27,3,wk inc flu hosp,2026-10-31,quantile,0.95,289.0
2026-10-10,27,3,wk inc flu hosp,2026-10-31,quantile,0.975,380.5
2026-10-10,27,3,wk inc flu hosp,2026-10-31,quantile,0.99,482.0
2026-10-10,28,0,wk inc flu hosp,2026-10-10,quantile,0.01,9.0
2026-10-10,28,0,wk inc flu hosp,2026-10-10,quantile,0.025,10.5
2026-10-10,28,0,wk inc flu hosp,2026-10-10,quantile,0.05,12.071944856393237
2026-10-10,28,0,wk inc flu hosp,2026-10-10,quantile,0.1,15.378840553469608
2026-10-10,28,0,wk inc flu hosp,2026-10-10,quantile,0.15,17.5
2026-10-10,28,0,wk inc flu hosp,2026-10-10,quantile,0.2,18.5
2026-10-10,28,0,wk inc flu hosp,2026-10-10,quantile,0.25,20.5
2026-10-10,28,0,wk inc flu hosp,2026-10-10,quantile,0.3,21.0
2026-10-10,28,0,wk inc flu hosp,2026-10-10,quantile,0.35,23.0
2026-10-10,28,0,wk inc flu hosp,2026-10-10,quantile,0.4,24.0
2026-10-10,28,0,wk inc flu hosp,2026-10-10,quantile,0.45,25.5
2026-10-10,28,0,wk inc flu hosp,2026-10-10,quantile,0.5,26.5
2026-10-10,28,0,wk inc flu hosp,2026-10-10,quantile,0.55,28.0
2026-10-10,28,0,wk inc flu hosp,2026-10-10,quantile,0.6,29.389242367753265
2026-10-10,28,0,wk inc flu hosp,2026-10-10,quantile,0.65,31.12333648586626
2026-10-10,28,0,wk inc flu hosp,2026-10-10,quantile,0.7,32.17563668708878
2026-10-10,28,0,wk inc flu hosp,2026-10-10,quantile,0.75,34.22240979716493
2026-10-10,28,0,wk inc flu hosp,2026-10-10,quantile,0.8,36.3990293308479
2026-10-10,28,0,wk inc flu hosp,2026-10-10,quantile,0.85,39.3649578738995
2026-10-10,28,0,wk inc flu hosp,2026-10-10,quantile,0.9,44.31986122865172
2026-10-10,28,0,wk inc flu hosp,2026-10-10,quantile,0.95,54.77232801543619
2026-10-10,28,0,wk inc flu hosp,2026-10-10,quantile,0.975,65.5
2026-10-10,28,0,wk inc flu hosp,2026-10-10,quantile,0.99,81.5
2026-10-10,28,1,wk inc flu hosp,2026-10-17,quantile,0.01,8.0
2026-10-10,28,1,wk inc flu hosp,2026-10-17,quantile,0.025,10.5
2026-10-10,28,1,wk inc flu hosp,2026-10-17,quantile,0.05,13.0
2026-10-10,28,1,wk inc flu hosp,2026-10-17,quantile,0.1,16.0
2026-10-10,28,1,wk inc flu hosp,2026-10-17,quantile,0.15,18.0
2026-10-10,28,1,wk inc flu hosp,2026-10-17,quantile,0.2,20.5
2026-10-10,28,1,wk inc flu hosp,2026-10-17,quantile,0.25,22.5
2026-10-10,28,1,wk inc flu hosp,2026-10-17,quantile,0.3,24.5
2026-10-10,28,1,wk inc flu hosp,2026-10-17,quantile,0.35,26.0
2026-10-10,28,1,wk inc flu hosp,2026-10-17,quantile,0.4,28.0
2026-10-10,28,1,wk inc flu hosp,2026-10-17,quantile,0.45,28.5
2026-10-10,28,1,wk inc flu hosp,2026-10-17,quantile,0.5,29.5
2026-10-10,28,1,wk inc flu hosp,2026-10-17,quantile,0.55,31.0
2026-10-10,28,1,wk inc flu hosp,2026-10-17,quantile,0.6,33.5
2026-10-10,28,1,wk inc flu hosp,2026-10-17,quantile,0.65,35.0
2026-10-10,28,1,wk inc flu hosp,2026-10-17,quantile,0.7,38.0
2026-10-10,28,1,wk inc flu hosp,2026-10-17,quantile,0.75,40.5
2026-10-10,28,1,wk inc flu hosp,2026-10-17,quantile,0.8,43.5
2026-10-10,28,1,wk inc flu hosp,2026-10-17,quantile,0.85,45.5
2026-10-10,28,1,wk inc flu hosp,2026-10-17,quantile,0.9,51.0
2026-10-10,28,1,wk inc flu hosp,2026-10-17,quantile,0.95,60.5
2026-10-10,28,1,wk inc flu hosp,2026-10-17,quantile,0.975,75.5
2026-10-10,28,1,wk inc flu hosp,2026-10-17,quantile,0.99,102.0
2026-10-10,28,2,wk inc flu hosp,2026-10-24,quantile,0.01,8.5
2026-10-10,28,2,wk inc flu hosp,2026-10-24,quantile,0.025,11.0
2026-10-10,28,2,wk inc flu hosp,2026-10-24,quantile,0.05,14.0
2026-10-10,28,2,wk inc flu hosp,2026-10-24,quantile,0.1,18.0
2026-10-10,28,2,wk inc flu hosp,2026-10-24,quantile,0.15,21.0
2026-10-10,28,2,wk inc flu hosp,2026-10-24,quantile,0.2,23.5
2026-10-10,28,2,wk inc flu hosp,2026-10-24,quantile,0.25,25.5
2026-10-10,28,2,wk inc flu hosp,2026-10-24,quantile,0.3,28.0
2026-10-10,28,2,wk inc flu hosp,2026-10-24,quantile,0.35,30.0
2026-10-10,28,2,wk inc flu hosp,2026-10-24,quantile,0.4,32.0
2026-10-10,28,2,wk inc flu hosp,2026-10-24,quantile,0.45,34.0
2026-10-10,28,2,wk inc flu hosp,2026-10-24,quantile,0.5,36.0
2026-10-10,28,2,wk inc flu hosp,2026-10-24,quantile,0.55,38.0
2026-10-10,28,2,wk inc flu hosp,2026-10-24,quantile,0.6,40.5
2026-10-10,28,2,wk inc flu hosp,2026-10-24,quantile,0.65,43.5
2026-10-10,28,2,wk inc flu hosp,2026-10-24,quantile,0.7,46.5
2026-10-10,28,2,wk inc flu hosp,2026-10-24,quantile,0.75,49.5
2026-10-10,28,2,wk inc flu hosp,2026-10-24,quantile,0.8,56.0
2026-10-10,28,2,wk inc flu hosp,2026-10-24,quantile,0.85,62.0
2026-10-10,28,2,wk inc flu hosp,2026-10-24,quantile,0.9,76.0
2026-10-10,28,2,wk inc flu hosp,2026-10-24,quantile,0.95,93.0
2026-10-10,28,2,wk inc flu hosp,2026-10-24,quantile,0.975,111.5
2026-10-10,28,2,wk inc flu hosp,2026-10-24,quantile,0.99,147.5
2026-10-10,28,3,wk inc flu hosp,2026-10-31,quantile,0.01,9.0
2026-10-10,28,3,wk inc flu hosp,2026-10-31,quantile,0.025,12.5
2026-10-10,28,3,wk inc flu hosp,2026-10-31,quantile,0.05,15.0
2026-10-10,28,3,wk inc flu hosp,2026-10-31,quantile,0.1,19.0
2026-10-10,28,3,wk inc flu hosp,2026-10-31,quantile,0.15,22.5
2026-10-10,28,3,wk inc flu hosp,2026-10-31,quantile,0.2,25.5
2026-10-10,28,3,wk inc flu hosp,2026-10-31,quantile,0.25,28.5
2026-10-10,28,3,wk inc flu hosp,2026-10-31,quantile,0.3,32.0
2026-10-10,28,3,wk inc flu hosp,2026-10-31,quantile,0.35,35.0
2026-10-10,28,3,wk inc flu hosp,2026-10-31,quantile,0.4,38.0
2026-10-10,28,3,wk inc flu hosp,2026-10-31,quantile,0.45,41.0
2026-10-10,28,3,wk inc flu hosp,2026-10-31,quantile,0.5,44.0
2026-10-10,28,3,wk inc flu hosp,2026-10-31,quantile,0.55,47.5
2026-10-10,28,3,wk inc flu hosp,2026-10-31,quantile,0.6,51.0
2026-10-10,28,3,wk inc flu hosp,2026-10-31,quantile,0.65,59.5
2026-10-10,28,3,wk inc flu hosp,2026-10-31,quantile,0.7,65.0
2026-10-10,28,3,wk inc flu hosp,2026-10-31,quantile,0.75,72.0
2026-10-10,28,3,wk inc flu hosp,2026-10-31,quantile,0.8,88.5
2026-10-10,28,3,wk inc flu hosp,2026-10-31,quantile,0.85,96.0
2026-10-10,28,3,wk inc flu hosp,2026-10-31,quantile,0.9,123.5
2026-10-10,28,3,wk inc flu hosp,2026-10-31,quantile,0.95,160.5
2026-10-10,28,3,wk inc flu hosp,2026-10-31,quantile,0.975,192.0
2026-10-10,28,3,wk inc flu hosp,2026-10-31,quantile,0.99,231.0
2026-10-10,29,0,wk inc flu hosp,2026-10-10,quantile,0.01,13.5
2026-10-10,29,0,wk inc flu hosp,2026-10-10,quantile,0.025,17.5
2026-10-10,29,0,wk inc flu hosp,2026-10-10,quantile,0.05,22.0
2026-10-10,29,0,wk inc flu hosp,2026-10-10,quantile,0.1,24.5
2026-10-10,29,0,wk inc flu hosp,2026-10-10,quantile,0.15,26.5
2026-10-10,29,0,wk inc flu hosp,2026-10-10,quantile,0.2,28.5
2026-10-10,29,0,wk inc flu hosp,2026-10-10,quantile,0.25,30.5
2026-10-10,29,0,wk inc flu hosp,2026-10-10,quantile,0.3,33.0
2026-10-10,29,0,wk inc flu hosp,2026-10-10,quantile,0.35,35.0
2026-10-10,29,0,wk inc flu hosp,2026-10-10,quantile,0.4,37.5
2026-10-10,29,0,wk inc flu hosp,2026-10-10,quantile,0.45,39.0
2026-10-10,29,0,wk inc flu hosp,2026-10-10,quantile,0.5,40.5
2026-10-10,29,0,wk inc flu hosp,2026-10-10,quantile,0.55,43.0
2026-10-10,29,0,wk inc flu hosp,2026-10-10,quantile,0.6,45.5
2026-10-10,29,0,wk inc flu hosp,2026-10-10,quantile,0.65,48.0
2026-10-10,29,0,wk inc flu hosp,2026-10-10,quantile,0.7,51.5
2026-10-10,29,0,wk inc flu hosp,2026-10-10,quantile,0.75,54.5
2026-10-10,29,0,wk inc flu hosp,2026-10-10,quantile,0.8,59.5
2026-10-10,29,0,wk inc flu hosp,2026-10-10,quantile,0.85,64.0
2026-10-10,29,0,wk inc flu hosp,2026-10-10,quantile,0.9,75.0
2026-10-10,29,0,wk inc flu hosp,2026-10-10,quantile,0.95,88.5
2026-10-10,29,0,wk inc flu hosp,2026-10-10,quantile,0.975,106.5
2026-10-10,29,0,wk inc flu hosp,2026-10-10,quantile,0.99,129.0
2026-10-10,29,1,wk inc flu hosp,2026-10-17,quantile,0.01,13.0
2026-10-10,29,1,wk inc flu hosp,2026-10-17,quantile,0.025,17.0
2026-10-10,29,1,wk inc flu hosp,2026-10-17,quantile,0.05,20.5
2026-10-10,29,1,wk inc flu hosp,2026-10-17,quantile,0.1,24.0
2026-10-10,29,1,wk inc flu hosp,2026-10-17,quantile,0.15,27.5
2026-10-10,29,1,wk inc flu hosp,2026-10-17,quantile,0.2,31.0
2026-10-10,29,1,wk inc flu hosp,2026-10-17,quantile,0.25,34.5
2026-10-10,29,1,wk inc flu hosp,2026-10-17,quantile,0.3,38.0
2026-10-10,29,1,wk inc flu hosp,2026-10-17,quantile,0.35,41.0
2026-10-10,29,1,wk inc flu hosp,2026-10-17,quantile,0.4,43.470199060338544
2026-10-10,29,1,wk inc flu hosp,2026-10-17,quantile,0.45,45.4997789391196
2026-10-10,29,1,wk inc flu hosp,2026-10-17,quantile,0.5,47.45442116822202
2026-10-10,29,1,wk inc flu hosp,2026-10-17,quantile,0.55,50.85456116898788
2026-10-10,29,1,wk inc flu hosp,2026-10-17,quantile,0.6,53.65635215294008
2026-10-10,29,1,wk inc flu hosp,2026-10-17,quantile,0.65,54.80227659442804
2026-10-10,29,1,wk inc flu hosp,2026-10-17,quantile,0.7,57.45941191153699
2026-10-10,29,1,wk inc flu hosp,2026-10-17,quantile,0.75,59.40602015893802
2026-10-10,29,1,wk inc flu hosp,2026-10-17,quantile,0.8,62.85591422377271
2026-10-10,29,1,wk inc flu hosp,2026-10-17,quantile,0.85,67.17425532653745
2026-10-10,29,1,wk inc flu hosp,2026-10-17,quantile,0.9,80.5
2026-10-10,29,1,wk inc flu hosp,2026-10-17,quantile,0.95,99.0
2026-10-10,29,1,wk inc flu hosp,2026-10-17,quantile,0.975,120.5
2026-10-10,29,1,wk inc flu hosp,2026-10-17,quantile,0.99,160.5
2026-10-10,29,2,wk inc flu hosp,2026-10-24,quantile,0.01,13.0
2026-10-10,29,2,wk inc flu hosp,2026-10-24,quantile,0.025,16.0
2026-10-10,29,2,wk inc flu hosp,2026-10-24,quantile,0.05,18.5
2026-10-10,29,2,wk inc flu hosp,2026-10-24,quantile,0.1,25.563540729855134
2026-10-10,29,2,wk inc flu hosp,2026-10-24,quantile,0.15,30.37713787082734
2026-10-10,29,2,wk inc flu hosp,2026-10-24,quantile,0.2,35.2581330235276
2026-10-10,29,2,wk inc flu hosp,2026-10-24,quantile,0.25,39.00499976132365
2026-10-10,29,2,wk inc flu hosp,2026-10-24,quantile,0.3,45.662608020082075
2026-10-10,29,2,wk inc flu hosp,2026-10-24,quantile,0.35,48.77802865801523
2026-10-10,29,2,wk inc flu hosp,2026-10-24,quantile,0.4,52.54139696310283
2026-10-10,29,2,wk inc flu hosp,2026-10-24,quantile,0.45,55.4651880653074
2026-10-10,29,2,wk inc flu hosp,2026-10-24,quantile,0.5,58.896013595645435
2026-10-10,29,2,wk inc flu hosp,2026-10-24,quantile,0.55,60.17317293818169
2026-10-10,29,2,wk inc flu hosp,2026-10-24,quantile,0.6,66.16132129786223
2026-10-10,29,2,wk inc flu hosp,2026-10-24,quantile,0.65,68.39265095685121
2026-10-10,29,2,wk inc flu hosp,2026-10-24,quantile,0.7,71.43584093909256
2026-10-10,29,2,wk inc flu hosp,2026-10-24,quantile,0.75,75.81902373417836
2026-10-10,29,2,wk inc flu hosp,2026-10-24,quantile,0.8,79.67823172385091
2026-10-10,29,2,wk inc flu hosp,2026-10-24,quantile,0.85,90.5
2026-10-10,29,2,wk inc flu hosp,2026-10-24,quantile,0.9,111.5
2026-10-10,29,2,wk inc flu hosp,2026-10-24,quantile,0.95,147.5
2026-10-10,29,2,wk inc flu hosp,2026-10-24,quantile,0.975,186.0
2026-10-10,29,2,wk inc flu hosp,2026-10-24,quantile,0.99,244.5
2026-10-10,29,3,wk inc flu hosp,2026-10-31,quantile,0.01,12.0
2026-10-10,29,3,wk inc flu hosp,2026-10-31,quantile,0.025,15.5
2026-10-10,29,3,wk inc flu hosp,2026-10-31,quantile,0.05,20.201275224917634
2026-10-10,29,3,wk inc flu hosp,2026-10-31,quantile,0.1,29.49857344528028
2026-10-10,29,3,wk inc flu hosp,2026-10-31,quantile,0.15,34.25825895770153
2026-10-10,29,3,wk inc flu hosp,2026-10-31,quantile,0.2,40.479945698009885
2026-10-10,29,3,wk inc flu hosp,2026-10-31,quantile,0.25,45.198239834637434
2026-10-10,29,3,wk inc flu hosp,2026-10-31,quantile,0.3,51.35991637868063
2026-10-10,29,3,wk inc flu hosp,2026-10-31,quantile,0.35,56.47945115968698
2026-10-10,29,3,wk inc flu hosp,2026-10-31,quantile,0.4,63.63170605218943
2026-10-10,29,3,wk inc flu hosp,2026-10-31,quantile,0.45,68.71417203269678
2026-10-10,29,3,wk inc flu hosp,2026-10-31,quantile,0.5,72.58022108813785
2026-10-10,29,3,wk inc flu hosp,2026-10-31,quantile,0.55,77.85831877819447
2026-10-10,29,3,wk inc flu hosp,2026-10-31,quantile,0.6,80.19822201170365
2026-10-10,29,3,wk inc flu hosp,2026-10-31,quantile,0.65,85.46488032909039
2026-10-10,29,3,wk inc flu hosp,2026-10-31,quantile,0.7,89.77530681927792
2026-10-10,29,3,wk inc flu hosp,2026-10-31,quantile,0.75,96.66481898631673
2026-10-10,29,3,wk inc flu hosp,2026-10-31,quantile,0.8,109.5
2026-10-10,29,3,wk inc flu hosp,2026-10-31,quantile,0.85,128.0
2026-10-10,29,3,wk inc flu hosp,2026-10-31,quantile,0.9,172.0
2026-10-10,29,3,wk inc flu hosp,2026-10-31,quantile,0.95,237.5
2026-10-10,29,3,wk inc flu hosp,2026-10-31,quantile,0.975,321.5
2026-10-10,29,3,wk inc flu hosp,2026-10-31,quantile,0.99,401.5
2026-10-10,30,0,wk inc flu hosp,2026-10-10,quantile,0.01,3.5
2026-10-10,30,0,wk inc flu hosp,2026-10-10,quantile,0.025,5.0
2026-10-10,30,0,wk inc flu hosp,2026-10-10,quantile,0.05,6.5
2026-10-10,30,0,wk inc flu hosp,2026-10-10,quantile,0.1,9.057419882824004
2026-10-10,30,0,wk inc flu hosp,2026-10-10,quantile,0.15,10.578202014023786
2026-10-10,30,0,wk inc flu hosp,2026-10-10,quantile,0.2,12.144906728727648
2026-10-10,30,0,wk inc flu hosp,2026-10-10,quantile,0.25,13.387565055191537
2026-10-10,30,0,wk inc flu hosp,2026-10-10,quantile,0.3,14.447527690161838
2026-10-10,30,0,wk inc flu hosp,2026-10-10,quantile,0.35,15.871502293573995
2026-10-10,30,0,wk inc flu hosp,2026-10-10,quantile,0.4,16.95065043170272
2026-10-10,30,0,wk inc flu hosp,2026-10-10,quantile,0.45,18.0
2026-10-10,30,0,wk inc flu hosp,2026-10-10,quantile,0.5,19.0
2026-10-10,30,0,wk inc flu hosp,2026-10-10,quantile,0.55,20.0
2026-10-10,30,0,wk inc flu hosp,2026-10-10,quantile,0.6,21.56945525125778
2026-10-10,30,0,wk inc flu hosp,2026-10-10,quantile,0.65,23.143026772524124
2026-10-10,30,0,wk inc flu hosp,2026-10-10,quantile,0.7,24.988621910279846
2026-10-10,30,0,wk inc flu hosp,2026-10-10,quantile,0.75,26.961937132577233
2026-10-10,30,0,wk inc flu hosp,2026-10-10,quantile,0.8,28.74026317494083
2026-10-10,30,0,wk inc flu hosp,2026-10-10,quantile,0.85,32.37681116921429
2026-10-10,30,0,wk inc flu hosp,2026-10-10,quantile,0.9,37.03193089060274
2026-10-10,30,0,wk inc flu hosp,2026-10-10,quantile,0.95,45.878953937247196
2026-10-10,30,0,wk inc flu hosp,2026-10-10,quantile,0.975,58.23642887061135
2026-10-10,30,0,wk inc flu hosp,2026-10-10,quantile,0.99,84.66750893922395
2026-10-10,30,1,wk inc flu hosp,2026-10-17,quantile,0.01,3.5
2026-10-10,30,1,wk inc flu hosp,2026-10-17,quantile,0.025,5.0
2026-10-10,30,1,wk inc flu hosp,2026-10-17,quantile,0.05,7.0
2026-10-10,30,1,wk inc flu hosp,2026-10-17,quantile,0.1,9.0
2026-10-10,30,1,wk inc flu hosp,2026-10-17,quantile,0.15,11.0
2026-10-10,30,1,wk inc flu hosp,2026-10-17,quantile,0.2,12.5
2026-10-10,30,1,wk inc flu hosp,2026-10-17,quantile,0.25,14.0
2026-10-10,30,1,wk inc flu hosp,2026-10-17,quantile,0.3,15.5
2026-10-10,30,1,wk inc flu hosp,2026-10-17,quantile,0.35,17.0
2026-10-10,30,1,wk inc flu hosp,2026-10-17,quantile,0.4,18.5
2026-10-10,30,1,wk inc flu hosp,2026-10-17,quantile,0.45,19.5
2026-10-10,30,1,wk inc flu hosp,2026-10-17,quantile,0.5,21.156687820305947
2026-10-10,30,1,wk inc flu hosp,2026-10-17,quantile,0.55,23.0
2026-10-10,30,1,wk inc flu hosp,2026-10-17,quantile,0.6,24.564638171940786
2026-10-10,30,1,wk inc flu hosp,2026-10-17,quantile,0.65,26.977420481684835
2026-10-10,30,1,wk inc flu hosp,2026-10-17,quantile,0.7,28.36036861366299
2026-10-10,30,1,wk inc flu hosp,2026-10-17,quantile,0.75,31.220300156780247
2026-10-10,30,1,wk inc flu hosp,2026-10-17,quantile,0.8,33.28723424692419
2026-10-10,30,1,wk inc flu hosp,2026-10-17,quantile,0.85,37.3445342068343
2026-10-10,30,1,wk inc flu hosp,2026-10-17,quantile,0.9,41.794448135373116
2026-10-10,30,1,wk inc flu hosp,2026-10-17,quantile,0.95,53.85714930054113
2026-10-10,30,1,wk inc flu hosp,2026-10-17,quantile,0.975,62.17616639648725
2026-10-10,30,1,wk inc flu hosp,2026-10-17,quantile,0.99,92.06190084059685
2026-10-10,30,2,wk inc flu hosp,2026-10-24,quantile,0.01,3.5
2026-10-10,30,2,wk inc flu hosp,2026-10-24,quantile,0.025,5.0
2026-10-10,30,2,wk inc flu hosp,2026-10-24,quantile,0.05,7.0
2026-10-10,30,2,wk inc flu hosp,2026-10-24,quantile,0.1,9.5
2026-10-10,30,2,wk inc flu hosp,2026-10-24,quantile,0.15,12.0
2026-10-10,30,2,wk inc flu hosp,2026-10-24,quantile,0.2,13.5
2026-10-10,30,2,wk inc flu hosp,2026-10-24,quantile,0.25,15.0
2026-10-10,30,2,wk inc flu hosp,2026-10-24,quantile,0.3,16.5
2026-10-10,30,2,wk inc flu hosp,2026-10-24,quantile,0.35,18.5
2026-10-10,30,2,wk inc flu hosp,2026-10-24,quantile,0.4,20.0
2026-10-10,30,2,wk inc flu hosp,2026-10-24,quantile,0.45,22.0
2026-10-10,30,2,wk inc flu hosp,2026-10-24,quantile,0.5,24.0
2026-10-10,30,2,wk inc flu hosp,2026-10-24,quantile,0.55,25.5
2026-10-10,30,2,wk inc flu hosp,2026-10-24,quantile,0.6,29.441015178663477
2026-10-10,30,2,wk inc flu hosp,2026-10-24,quantile,0.65,31.903442407899842
2026-10-10,30,2,wk inc flu hosp,2026-10-24,quantile,0.7,33.54607287728731
2026-10-10,30,2,wk inc flu hosp,2026-10-24,quantile,0.75,37.50260218397217
2026-10-10,30,2,wk inc flu hosp,2026-10-24,quantile,0.8,40.45878550228994
2026-10-10,30,2,wk inc flu hosp,2026-10-24,quantile,0.85,45.96558765271169
2026-10-10,30,2,wk inc flu hosp,2026-10-24,quantile,0.9,56.11958114513222
2026-10-10,30,2,wk inc flu hosp,2026-10-24,quantile,0.95,77.96978839924644
2026-10-10,30,2,wk inc flu hosp,2026-10-24,quantile,0.975,97.89735591138613
2026-10-10,30,2,wk inc flu hosp,2026-10-24,quantile,0.99,131.03940108527888
2026-10-10,30,3,wk inc flu hosp,2026-10-31,quantile,0.01,3.0
2026-10-10,30,3,wk inc flu hosp,2026-10-31,quantile,0.025,5.0
2026-10-10,30,3,wk inc flu hosp,2026-10-31,quantile,0.05,6.5
2026-10-10,30,3,wk inc flu hosp,2026-10-31,quantile,0.1,9.5
2026-10-10,30,3,wk inc flu hosp,2026-10-31,quantile,0.15,11.5
2026-10-10,30,3,wk inc flu hosp,2026-10-31,quantile,0.2,14.5
2026-10-10,30,3,wk inc flu hosp,2026-10-31,quantile,0.25,17.5
2026-10-10,30,3,wk inc flu hosp,2026-10-31,quantile,0.3,19.5
2026-10-10,30,3,wk inc flu hosp,2026-10-31,quantile,0.35,22.0
2026-10-10,30,3,wk inc flu hosp,2026-10-31,quantile,0.4,24.5
2026-10-10,30,3,wk inc flu hosp,2026-10-31,quantile,0.45,27.0
2026-10-10,30,3,wk inc flu hosp,2026-10-31,quantile,0.5,30.5
2026-10-10,30,3,wk inc flu hosp,2026-10-31,quantile,0.55,33.0
2026-10-10,30,3,wk inc flu hosp,2026-10-31,quantile,0.6,37.5
2026-10-10,30,3,wk inc flu hosp,2026-10-31,quantile,0.65,40.5
2026-10-10,30,3,wk inc flu hosp,2026-10-31,quantile,0.7,45.0
2026-10-10,30,3,wk inc flu hosp,2026-10-31,quantile,0.75,49.5
2026-10-10,30,3,wk inc flu hosp,2026-10-31,quantile,0.8,53.5
2026-10-10,30,3,wk inc flu hosp,2026-10-31,quantile,0.85,60.5
2026-10-10,30,3,wk inc flu hosp,2026-10-31,quantile,0.9,73.5
2026-10-10,30,3,wk inc flu hosp,2026-10-31,quantile,0.95,101.5
2026-10-10,30,3,wk inc flu hosp,2026-10-31,quantile,0.975,139.23849292391628
2026-10-10,30,3,wk inc flu hosp,2026-10-31,quantile,0.99,213.01498937493093
2026-10-10,31,0,wk inc flu hosp,2026-10-10,quantile,0.01,2.3735078768854443
2026-10-10,31,0,wk inc flu hosp,2026-10-10,quantile,0.025,4.052808241490178
2026-10-10,31,0,wk inc flu hosp,2026-10-10,quantile,0.05,6.175548406560877
2026-10-10,31,0,wk inc flu hosp,2026-10-10,quantile,0.1,7.5
2026-10-10,31,0,wk inc flu hosp,2026-10-10,quantile,0.15,8.5
2026-10-10,31,0,wk inc flu hosp,2026-10-10,quantile,0.2,10.0
2026-10-10,31,0,wk inc flu hosp,2026-10-10,quantile,0.25,11.5
2026-10-10,31,0,wk inc flu hosp,2026-10-10,quantile,0.3,11.5
2026-10-10,31,0,wk inc flu hosp,2026-10-10,quantile,0.35,12.5
2026-10-10,31,0,wk inc flu hosp,2026-10-10,quantile,0.4,13.5
2026-10-10,31,0,wk inc flu hosp,2026-10-10,quantile,0.45,14.5
2026-10-10,31,0,wk inc flu hosp,2026-10-10,quantile,0.5,15.5
2026-10-10,31,0,wk inc flu hosp,2026-10-10,quantile,0.55,16.0
2026-10-10,31,0,wk inc flu hosp,2026-10-10,quantile,0.6,17.5
2026-10-10,31,0,wk inc flu hosp,2026-10-10,quantile,0.65,19.5
2026-10-10,31,0,wk inc flu hosp,2026-10-10,quantile,0.7,21.0
2026-10-10,31,0,wk inc flu hosp,2026-10-10,quantile,0.75,23.5
2026-10-10,31,0,wk inc flu hosp,2026-10-10,quantile,0.8,26.0
2026-10-10,31,0,wk inc flu hosp,2026-10-10,quantile,0.85,29.5
2026-10-10,31,0,wk inc flu hosp,2026-10-10,quantile,0.9,34.02285374249347
2026-10-10,31,0,wk inc flu hosp,2026-10-10,quantile,0.95,43.2174661408019
2026-10-10,31,0,wk inc flu hosp,2026-10-10,quantile,0.975,56.80291188970491
2026-10-10,31,0,wk inc flu hosp,2026-10-10,quantile,0.99,88.0
2026-10-10,31,1,wk inc flu hosp,2026-10-17,quantile,0.01,1.5
2026-10-10,31,1,wk inc flu hosp,2026-10-17,quantile,0.025,2.602945871652218
2026-10-10,31,1,wk inc flu hosp,2026-10-17,quantile,0.05,4.153954298579169
2026-10-10,31,1,wk inc flu hosp,2026-10-17,quantile,0.1,5.991497357287453
2026-10-10,31,1,wk inc flu hosp,2026-10-17,quantile,0.15,8.86508418133991
2026-10-10,31,1,wk inc flu hosp,2026-10-17,quantile,0.2,10.468203745063446
2026-10-10,31,1,wk inc flu hosp,2026-10-17,quantile,0.25,12.0
2026-10-10,31,1,wk inc flu hosp,2026-10-17,quantile,0.3,12.5
2026-10-10,31,1,wk inc flu hosp,2026-10-17,quantile,0.35,13.5
2026-10-10,31,1,wk inc flu hosp,2026-10-17,quantile,0.4,15.0
2026-10-10,31,1,wk inc flu hosp,2026-10-17,quantile,0.45,16.5
2026-10-10,31,1,wk inc flu hosp,2026-10-17,quantile,0.5,18.0
2026-10-10,31,1,wk inc flu hosp,2026-10-17,quantile,0.55,20.0
2026-10-10,31,1,wk inc flu hosp,2026-10-17,quantile,0.6,21.5
2026-10-10,31,1,wk inc flu hosp,2026-10-17,quantile,0.65,23.5
2026-10-10,31,1,wk inc flu hosp,2026-10-17,quantile,0.7,25.5
2026-10-10,31,1,wk inc flu hosp,2026-10-17,quantile,0.75,27.434791676447812
2026-10-10,31,1,wk inc flu hosp,2026-10-17,quantile,0.8,28.47027067988906
2026-10-10,31,1,wk inc flu hosp,2026-10-17,quantile,0.85,30.578504886067005
2026-10-10,31,1,wk inc flu hosp,2026-10-17,quantile,0.9,35.5656129066689
2026-10-10,31,1,wk inc flu hosp,2026-10-17,quantile,0.95,47.332095756850464
2026-10-10,31,1,wk inc flu hosp,2026-10-17,quantile,0.975,61.0579502946758
2026-10-10,31,1,wk inc flu hosp,2026-10-17,quantile,0.99,83.25832556819094
2026-10-10,31,2,wk inc flu hosp,2026-10-24,quantile,0.01,1.5
2026-10-10,31,2,wk inc flu hosp,2026-10-24,quantile,0.025,2.5
2026-10-10,31,2,wk inc flu hosp,2026-10-24,quantile,0.05,4.5
2026-10-10,31,2,wk inc flu hosp,2026-10-24,quantile,0.1,7.5
2026-10-10,31,2,wk inc flu hosp,2026-10-24,quantile,0.15,9.5
2026-10-10,31,2,wk inc flu hosp,2026-10-24,quantile,0.2,10.0
2026-10-10,31,2,wk inc flu hosp,2026-10-24,quantile,0.25,12.5
2026-10-10,31,2,wk inc flu hosp,2026-10-24,quantile,0.3,14.0
2026-10-10,31,2,wk inc flu hosp,2026-10-24,quantile,0.35,16.0
2026-10-10,31,2,wk inc flu hosp,2026-10-24,quantile,0.4,18.0
2026-10-10,31,2,wk inc flu hosp,2026-10-24,quantile,0.45,20.5
2026-10-10,31,2,wk inc flu hosp,2026-10-24,quantile,0.5,23.5
2026-10-10,31,2,wk inc flu hosp,2026-10-24,quantile,0.55,25.5
2026-10-10,31,2,wk inc flu hosp,2026-10-24,quantile,0.6,28.0
2026-10-10,31,2,wk inc flu hosp,2026-10-24,quantile,0.65,30.07875208731371
2026-10-10,31,2,wk inc flu hosp,2026-10-24,quantile,0.7,31.35843746802182
2026-10-10,31,2,wk inc flu hosp,2026-10-24,quantile,0.75,33.99382729534992
2026-10-10,31,2,wk inc flu hosp,2026-10-24,quantile,0.8,38.28540387137198
2026-10-10,31,2,wk inc flu hosp,2026-10-24,quantile,0.85,41.420440726151824
2026-10-10,31,2,wk inc flu hosp,2026-10-24,quantile,0.9,58.3728068079667
2026-10-10,31,2,wk inc flu hosp,2026-10-24,quantile,0.95,70.66241312921423
2026-10-10,31,2,wk inc flu hosp,2026-10-24,quantile,0.975,88.68569375812964
2026-10-10,31,2,wk inc flu hosp,2026-10-24,quantile,0.99,116.65557640250664
2026-10-10,31,3,wk inc flu hosp,2026-10-31,quantile,0.01,2.5
2026-10-10,31,3,wk inc flu hosp,2026-10-31,quantile,0.025,3.0
2026-10-10,31,3,wk inc flu hosp,2026-10-31,quantile,0.05,4.5
2026-10-10,31,3,wk inc flu hosp,2026-10-31,quantile,0.1,7.5
2026-10-10,31,3,wk inc flu hosp,2026-10-31,quantile,0.15,10.311910024898328
2026-10-10,31,3,wk inc flu hosp,2026-10-31,quantile,0.2,12.5
2026-10-10,31,3,wk inc flu hosp,2026-10-31,quantile,0.25,15.0
2026-10-10,31,3,wk inc flu hosp,2026-10-31,quantile,0.3,17.5
2026-10-10,31,3,wk inc flu hosp,2026-10-31,quantile,0.35,20.5
2026-10-10,31,3,wk inc flu hosp,2026-10-31,quantile,0.4,23.0
2026-10-10,31,3,wk inc flu hosp,2026-10-31,quantile,0.45,25.251914180613404
2026-10-10,31,3,wk inc flu hosp,2026-10-31,quantile,0.5,28.113583613995964
2026-10-10,31,3,wk inc flu hosp,2026-10-31,quantile,0.55,30.0
2026-10-10,31,3,wk inc flu hosp,2026-10-31,quantile,0.6,33.0
2026-10-10,31,3,wk inc flu hosp,2026-10-31,quantile,0.65,35.59887136102398
2026-10-10,31,3,wk inc flu hosp,2026-10-31,quantile,0.7,39.5
2026-10-10,31,3,wk inc flu hosp,2026-10-31,quantile,0.75,44.5
2026-10-10,31,3,wk inc flu hosp,2026-10-31,quantile,0.8,48.5
2026-10-10,31,3,wk inc flu hosp,2026-10-31,quantile,0.85,57.0
2026-10-10,31,3,wk inc flu hosp,2026-10-31,quantile,0.9,72.0
2026-10-10,31,3,wk inc flu hosp,2026-10-31,quantile,0.95,96.76028584079404
2026-10-10,31,3,wk inc flu hosp,2026-10-31,quantile,0.975,128.91533944745083
2026-10-10,31,3,wk inc flu hosp,2026-10-31,quantile,0.99,164.68756793634182
2026-10-10,32,0,wk inc flu hosp,2026-10-10,quantile,0.01,14.0
2026-10-10,32,0,wk inc flu hosp,2026-10-10,quantile,0.025,17.5
2026-10-10,32,0,wk inc flu hosp,2026-10-10,quantile,0.05,22.53172572897342
2026-10-10,32,0,wk inc flu hosp,2026-10-10,quantile,0.1,28.4019470206618
2026-10-10,32,0,wk inc flu hosp,2026-10-10,quantile,0.15,31.217541822579896
2026-10-10,32,0,wk inc flu hosp,2026-10-10,quantile,0.2,33.7945787891771
2026-10-10,32,0,wk inc flu hosp,2026-10-10,quantile,0.25,35.93065287284115
2026-10-10,32,0,wk inc flu hosp,2026-10-10,quantile,0.3,38.89842720928721
2026-10-10,32,0,wk inc flu hosp,2026-10-10,quantile,0.35,40.80469979222708
2026-10-10,32,0,wk inc flu hosp,2026-10-10,quantile,0.4,42.5
2026-10-10,32,0,wk inc flu hosp,2026-10-10,quantile,0.45,45.0
2026-10-10,32,0,wk inc flu hosp,2026-10-10,quantile,0.5,47.0
2026-10-10,32,0,wk inc flu hosp,2026-10-10,quantile,0.55,48.0
2026-10-10,32,0,wk inc flu hosp,2026-10-10,quantile,0.6,49.5
2026-10-10,32,0,wk inc flu hosp,2026-10-10,quantile,0.65,51.5
2026-10-10,32,0,wk inc flu hosp,2026-10-10,quantile,0.7,54.0
2026-10-10,32,0,wk inc flu hosp,2026-10-10,quantile,0.75,58.0
2026-10-10,32,0,wk inc flu hosp,2026-10-10,quantile,0.8,61.5
2026-10-10,32,0,wk inc flu hosp,2026-10-10,quantile,0.85,66.0
2026-10-10,32,0,wk inc flu hosp,2026-10-10,quantile,0.9,72.45966267281875
2026-10-10,32,0,wk inc flu hosp,2026-10-10,quantile,0.95,83.40165757201825
2026-10-10,32,0,wk inc flu hosp,2026-10-10,quantile,0.975,106.55156629088778
2026-10-10,32,0,wk inc flu hosp,2026-10-10,quantile,0.99,154.0
2026-10-10,32,1,wk inc flu hosp,2026-10-17,quantile,0.01,13.0
2026-10-10,32,1,wk inc flu hosp,2026-10-17,quantile,0.025,18.0
2026-10-10,32,1,wk inc flu hosp,2026-10-17,quantile,0.05,22.5
2026-10-10,32,1,wk inc flu hosp,2026-10-17,quantile,0.1,29.0
2026-10-10,32,1,wk inc flu hosp,2026-10-17,quantile,0.15,32.75210524080727
2026-10-10,32,1,wk inc flu hosp,2026-10-17,quantile,0.2,35.372051143274945
2026-10-10,32,1,wk inc flu hosp,2026-10-17,quantile,0.25,38.5
2026-10-10,32,1,wk inc flu hosp,2026-10-17,quantile,0.3,41.5
2026-10-10,32,1,wk inc flu hosp,2026-10-17,quantile,0.35,46.0
2026-10-10,32,1,wk inc flu hosp,2026-10-17,quantile,0.4,49.5
2026-10-10,32,1,wk inc flu hosp,2026-10-17,quantile,0.45,53.5
2026-10-10,32,1,wk inc flu hosp,2026-10-17,quantile,0.5,55.5
2026-10-10,32,1,wk inc flu hosp,2026-10-17,quantile,0.55,57.5
2026-10-10,32,1,wk inc flu hosp,2026-10-17,quantile,0.6,61.0
2026-10-10,32,1,wk inc flu hosp,2026-10-17,quantile,0.65,63.5
2026-10-10,32,1,wk inc flu hosp,2026-10-17,quantile,0.7,66.0
2026-10-10,32,1,wk inc flu hosp,2026-10-17,quantile,0.75,71.5
2026-10-10,32,1,wk inc flu hosp,2026-10-17,quantile,0.8,76.5
2026-10-10,32,1,wk inc flu hosp,2026-10-17,quantile,0.85,82.0
2026-10-10,32,1,wk inc flu hosp,2026-10-17,quantile,0.9,91.0
2026-10-10,32,1,wk inc flu hosp,2026-10-17,quantile,0.95,109.0
2026-10-10,32,1,wk inc flu hosp,2026-10-17,quantile,0.975,128.0
2026-10-10,32,1,wk inc flu hosp,2026-10-17,quantile,0.99,152.5
2026-10-10,32,2,wk inc flu hosp,2026-10-24,quantile,0.01,14.0
2026-10-10,32,2,wk inc flu hosp,2026-10-24,quantile,0.025,19.0
2026-10-10,32,2,wk inc flu hosp,2026-10-24,quantile,0.05,23.5
2026-10-10,32,2,wk inc flu hosp,2026-10-24,quantile,0.1,29.5
2026-10-10,32,2,wk inc flu hosp,2026-10-24,quantile,0.15,34.5
2026-10-10,32,2,wk inc flu hosp,2026-10-24,quantile,0.2,40.5
2026-10-10,32,2,wk inc flu hosp,2026-10-24,quantile,0.25,46.5
2026-10-10,32,2,wk inc flu hosp,2026-10-24,quantile,0.3,52.0
2026-10-10,32,2,wk inc flu hosp,2026-10-24,quantile,0.35,56.5
2026-10-10,32,2,wk inc flu hosp,2026-10-24,quantile,0.4,60.5
2026-10-10,32,2,wk inc flu hosp,2026-10-24,quantile,0.45,63.0
2026-10-10,32,2,wk inc flu hosp,2026-10-24,quantile,0.5,66.5
2026-10-10,32,2,wk inc flu hosp,2026-10-24,quantile,0.55,70.0
2026-10-10,32,2,wk inc flu hosp,2026-10-24,quantile,0.6,74.0
2026-10-10,32,2,wk inc flu hosp,2026-10-24,quantile,0.65,78.5
2026-10-10,32,2,wk inc flu hosp,2026-10-24,quantile,0.7,84.0
2026-10-10,32,2,wk inc flu hosp,2026-10-24,quantile,0.75,90.5
2026-10-10,32,2,wk inc flu hosp,2026-10-24,quantile,0.8,99.0
2026-10-10,32,2,wk inc flu hosp,2026-10-24,quantile,0.85,105.5
2026-10-10,32,2,wk inc flu hosp,2026-10-24,quantile,0.9,122.5
2026-10-10,32,2,wk inc flu hosp,2026-10-24,quantile,0.95,152.0
2026-10-10,32,2,wk inc flu hosp,2026-10-24,quantile,0.975,178.5
2026-10-10,32,2,wk inc flu hosp,2026-10-24,quantile,0.99,237.54816536483509
2026-10-10,32,3,wk inc flu hosp,2026-10-31,quantile,0.01,15.0
2026-10-10,32,3,wk inc flu hosp,2026-10-31,quantile,0.025,20.0
2026-10-10,32,3,wk inc flu hosp,2026-10-31,quantile,0.05,24.0
2026-10-10,32,3,wk inc flu hosp,2026-10-31,quantile,0.1,32.0
2026-10-10,32,3,wk inc flu hosp,2026-10-31,quantile,0.15,39.5
2026-10-10,32,3,wk inc flu hosp,2026-10-31,quantile,0.2,47.0
2026-10-10,32,3,wk inc flu hosp,2026-10-31,quantile,0.25,54.0
2026-10-10,32,3,wk inc flu hosp,2026-10-31,quantile,0.3,60.0
2026-10-10,32,3,wk inc flu hosp,2026-10-31,quantile,0.35,65.5
2026-10-10,32,3,wk inc flu hosp,2026-10-31,quantile,0.4,71.0
2026-10-10,32,3,wk inc flu hosp,2026-10-31,quantile,0.45,75.5
2026-10-10,32,3,wk inc flu hosp,2026-10-31,quantile,0.5,79.5
2026-10-10,32,3,wk inc flu hosp,2026-10-31,quantile,0.55,86.0
2026-10-10,32,3,wk inc flu hosp,2026-10-31,quantile,0.6,92.5
2026-10-10,32,3,wk inc flu hosp,2026-10-31,quantile,0.65,100.5
2026-10-10,32,3,wk inc flu hosp,2026-10-31,quantile,0.7,114.5
2026-10-10,32,3,wk inc flu hosp,2026-10-31,quantile,0.75,125.5
2026-10-10,32,3,wk inc flu hosp,2026-10-31,quantile,0.8,140.5
2026-10-10,32,3,wk inc flu hosp,2026-10-31,quantile,0.85,150.0
2026-10-10,32,3,wk inc flu hosp,2026-10-31,quantile,0.9,180.0
2026-10-10,32,3,wk inc flu hosp,2026-10-31,quantile,0.95,223.0
2026-10-10,32,3,wk inc flu hosp,2026-10-31,quantile,0.975,276.0
2026-10-10,32,3,wk inc flu hosp,2026-10-31,quantile,0.99,371.7784006221291
2026-10-10,33,0,wk inc flu hosp,2026-10-10,quantile,0.01,1.017917232050837
2026-10-10,33,0,wk inc flu hosp,2026-10-10,quantile,0.025,2.0
2026-10-10,33,0,wk inc flu hosp,2026-10-10,quantile,0.05,2.5
2026-10-10,33,0,wk inc flu hosp,2026-10-10,quantile,0.1,3.5
2026-10-10,33,0,wk inc flu hosp,2026-10-10,quantile,0.15,4.5
2026-10-10,33,0,wk inc flu hosp,2026-10-10,quantile,0.2,4.5
2026-10-10,33,0,wk inc flu hosp,2026-10-10,quantile,0.25,5.5
2026-10-10,33,0,wk inc flu hosp,2026-10-10,quantile,0.3,6.0
2026-10-10,33,0,wk inc flu hosp,2026-10-10,quantile,0.35,6.5
2026-10-10,33,0,wk inc flu hosp,2026-10-10,quantile,0.4,7.0
2026-10-10,33,0,wk inc flu hosp,2026-10-10,quantile,0.45,8.0
2026-10-10,33,0,wk inc flu hosp,2026-10-10,quantile,0.5,8.0
2026-10-10,33,0,wk inc flu hosp,2026-10-10,quantile,0.55,9.0
2026-10-10,33,0,wk inc flu hosp,2026-10-10,quantile,0.6,10.0
2026-10-10,33,0,wk inc flu hosp,2026-10-10,quantile,0.65,11.0
2026-10-10,33,0,wk inc flu hosp,2026-10-10,quantile,0.7,12.0
2026-10-10,33,0,wk inc flu hosp,2026-10-10,quantile,0.75,12.5
2026-10-10,33,0,wk inc flu hosp,2026-10-10,quantile,0.8,13.5
2026-10-10,33,0,wk inc flu hosp,2026-10-10,quantile,0.85,15.0
2026-10-10,33,0,wk inc flu hosp,2026-10-10,quantile,0.9,18.5
2026-10-10,33,0,wk inc flu hosp,2026-10-10,quantile,0.95,24.0
2026-10-10,33,0,wk inc flu hosp,2026-10-10,quantile,0.975,31.0
2026-10-10,33,0,wk inc flu hosp,2026-10-10,quantile,0.99,43.5
2026-10-10,33,1,wk inc flu hosp,2026-10-17,quantile,0.01,1.0
2026-10-10,33,1,wk inc flu hosp,2026-10-17,quantile,0.025,1.5
2026-10-10,33,1,wk inc flu hosp,2026-10-17,quantile,0.05,2.0
2026-10-10,33,1,wk inc flu hosp,2026-10-17,quantile,0.1,3.0
2026-10-10,33,1,wk inc flu hosp,2026-10-17,quantile,0.15,4.0
2026-10-10,33,1,wk inc flu hosp,2026-10-17,quantile,0.2,5.0
2026-10-10,33,1,wk inc flu hosp,2026-10-17,quantile,0.25,6.0
2026-10-10,33,1,wk inc flu hosp,2026-10-17,quantile,0.3,7.0
2026-10-10,33,1,wk inc flu hosp,2026-10-17,quantile,0.35,7.0
2026-10-10,33,1,wk inc flu hosp,2026-10-17,quantile,0.4,8.0
2026-10-10,33,1,wk inc flu hosp,2026-10-17,quantile,0.45,9.0
2026-10-10,33,1,wk inc flu hosp,2026-10-17,quantile,0.5,10.0
2026-10-10,33,1,wk inc flu hosp,2026-10-17,quantile,0.55,11.0
2026-10-10,33,1,wk inc flu hosp,2026-10-17,quantile,0.6,12.123523863030444
2026-10-10,33,1,wk inc flu hosp,2026-10-17,quantile,0.65,14.0
2026-10-10,33,1,wk inc flu hosp,2026-10-17,quantile,0.7,15.313471232417939
2026-10-10,33,1,wk inc flu hosp,2026-10-17,quantile,0.75,16.526317567600543
2026-10-10,33,1,wk inc flu hosp,2026-10-17,quantile,0.8,18.156230755385813
2026-10-10,33,1,wk inc flu hosp,2026-10-17,quantile,0.85,20.735406467832636
2026-10-10,33,1,wk inc flu hosp,2026-10-17,quantile,0.9,22.47209836458432
2026-10-10,33,1,wk inc flu hosp,2026-10-17,quantile,0.95,28.606467761613814
2026-10-10,33,1,wk inc flu hosp,2026-10-17,quantile,0.975,36.88586792253536
2026-10-10,33,1,wk inc flu hosp,2026-10-17,quantile,0.99,50.02088717083008
2026-10-10,33,2,wk inc flu hosp,2026-10-24,quantile,0.01,1.0
2026-10-10,33,2,wk inc flu hosp,2026-10-24,quantile,0.025,2.0
2026-10-10,33,2,wk inc flu hosp,2026-10-24,quantile,0.05,2.0
2026-10-10,33,2,wk inc flu hosp,2026-10-24,quantile,0.1,4.0
2026-10-10,33,2,wk inc flu hosp,2026-10-24,quantile,0.15,5.0
2026-10-10,33,2,wk inc flu hosp,2026-10-24,quantile,0.2,6.0
2026-10-10,33,2,wk inc flu hosp,2026-10-24,quantile,0.25,7.0
2026-10-10,33,2,wk inc flu hosp,2026-10-24,quantile,0.3,8.0
2026-10-10,33,2,wk inc flu hosp,2026-10-24,quantile,0.35,9.339094762010118
2026-10-10,33,2,wk inc flu hosp,2026-10-24,quantile,0.4,10.348988173911556
2026-10-10,33,2,wk inc flu hosp,2026-10-24,quantile,0.45,12.14047228327773
2026-10-10,33,2,wk inc flu hosp,2026-10-24,quantile,0.5,13.065034414459213
2026-10-10,33,2,wk inc flu hosp,2026-10-24,quantile,0.55,14.693186241999452
2026-10-10,33,2,wk inc flu hosp,2026-10-24,quantile,0.6,15.5
2026-10-10,33,2,wk inc flu hosp,2026-10-24,quantile,0.65,17.5
2026-10-10,33,2,wk inc flu hosp,2026-10-24,quantile,0.7,19.180750380700296
2026-10-10,33,2,wk inc flu hosp,2026-10-24,quantile,0.75,21.671663343585486
2026-10-10,33,2,wk inc flu hosp,2026-10-24,quantile,0.8,24.16356235208387
2026-10-10,33,2,wk inc flu hosp,2026-10-24,quantile,0.85,26.0
2026-10-10,33,2,wk inc flu hosp,2026-10-24,quantile,0.9,31.6078044560063
2026-10-10,33,2,wk inc flu hosp,2026-10-24,quantile,0.95,41.92517039762245
2026-10-10,33,2,wk inc flu hosp,2026-10-24,quantile,0.975,58.0
2026-10-10,33,2,wk inc flu hosp,2026-10-24,quantile,0.99,76.0333353913329
2026-10-10,33,3,wk inc flu hosp,2026-10-31,quantile,0.01,1.0
2026-10-10,33,3,wk inc flu hosp,2026-10-31,quantile,0.025,2.0
2026-10-10,33,3,wk inc flu hosp,2026-10-31,quantile,0.05,3.0
2026-10-10,33,3,wk inc flu hosp,2026-10-31,quantile,0.1,4.517985281223226
2026-10-10,33,3,wk inc flu hosp,2026-10-31,quantile,0.15,6.0
2026-10-10,33,3,wk inc flu hosp,2026-10-31,quantile,0.2,7.1480537992703415
2026-10-10,33,3,wk inc flu hosp,2026-10-31,quantile,0.25,9.0
2026-10-10,33,3,wk inc flu hosp,2026-10-31,quantile,0.3,10.053992673988592
2026-10-10,33,3,wk inc flu hosp,2026-10-31,quantile,0.35,11.05909881857789
2026-10-10,33,3,wk inc flu hosp,2026-10-31,quantile,0.4,13.0
2026-10-10,33,3,wk inc flu hosp,2026-10-31,quantile,0.45,14.5
2026-10-10,33,3,wk inc flu hosp,2026-10-31,quantile,0.5,16.0
2026-10-10,33,3,wk inc flu hosp,2026-10-31,quantile,0.55,18.0
2026-10-10,33,3,wk inc flu hosp,2026-10-31,quantile,0.6,20.5
2026-10-10,33,3,wk inc flu hosp,2026-10-31,quantile,0.65,23.0
2026-10-10,33,3,wk inc flu hosp,2026-10-31,quantile,0.7,26.5
2026-10-10,33,3,wk inc flu hosp,2026-10-31,quantile,0.75,30.0
2026-10-10,33,3,wk inc flu hosp,2026-10-31,quantile,0.8,35.5
2026-10-10,33,3,wk inc flu hosp,2026-10-31,quantile,0.85,40.0
2026-10-10,33,3,wk inc flu hosp,2026-10-31,quantile,0.9,50.5
2026-10-10,33,3,wk inc flu hosp,2026-10-31,quantile,0.95,70.0
2026-10-10,33,3,wk inc flu hosp,2026-10-31,quantile,0.975,103.5
2026-10-10,33,3,wk inc flu hosp,2026-10-31,quantile,0.99,131.0
2026-10-10,34,0,wk inc flu hosp,2026-10-10,quantile,0.01,28.5
2026-10-10,34,0,wk inc flu hosp,2026-10-10,quantile,0.025,35.0
2026-10-10,34,0,wk inc flu hosp,2026-10-10,quantile,0.05,43.0
2026-10-10,34,0,wk inc flu hosp,2026-10-10,quantile,0.1,51.5
2026-10-10,34,0,wk inc flu hosp,2026-10-10,quantile,0.15,57.0
2026-10-10,34,0,wk inc flu hosp,2026-10-10,quantile,0.2,62.5
2026-10-10,34,0,wk inc flu hosp,2026-10-10,quantile,0.25,67.0
2026-10-10,34,0,wk inc flu hosp,2026-10-10,quantile,0.3,71.5
2026-10-10,34,0,wk inc flu hosp,2026-10-10,quantile,0.35,76.0
2026-10-10,34,0,wk inc flu hosp,2026-10-10,quantile,0.4,79.5
2026-10-10,34,0,wk inc flu hosp,2026-10-10,quantile,0.45,83.5
2026-10-10,34,0,wk inc flu hosp,2026-10-10,quantile,0.5,87.0
2026-10-10,34,0,wk inc flu hosp,2026-10-10,quantile,0.55,92.0
2026-10-10,34,0,wk inc flu hosp,2026-10-10,quantile,0.6,96.5
2026-10-10,34,0,wk inc flu hosp,2026-10-10,quantile,0.65,101.5
2026-10-10,34,0,wk inc flu hosp,2026-10-10,quantile,0.7,108.0
2026-10-10,34,0,wk inc flu hosp,2026-10-10,quantile,0.75,115.0
2026-10-10,34,0,wk inc flu hosp,2026-10-10,quantile,0.8,124.0
2026-10-10,34,0,wk inc flu hosp,2026-10-10,quantile,0.85,133.21857502795774
2026-10-10,34,0,wk inc flu hosp,2026-10-10,quantile,0.9,150.92295262508446
2026-10-10,34,0,wk inc flu hosp,2026-10-10,quantile,0.95,178.5
2026-10-10,34,0,wk inc flu hosp,2026-10-10,quantile,0.975,219.0
2026-10-10,34,0,wk inc flu hosp,2026-10-10,quantile,0.99,276.0
2026-10-10,34,1,wk inc flu hosp,2026-10-17,quantile,0.01,27.0
2026-10-10,34,1,wk inc flu hosp,2026-10-17,quantile,0.025,31.5
2026-10-10,34,1,wk inc flu hosp,2026-10-17,quantile,0.05,37.5
2026-10-10,34,1,wk inc flu hosp,2026-10-17,quantile,0.1,48.833590305020465
2026-10-10,34,1,wk inc flu hosp,2026-10-17,quantile,0.15,55.65193886875641
2026-10-10,34,1,wk inc flu hosp,2026-10-17,quantile,0.2,65.91628684191875
2026-10-10,34,1,wk inc flu hosp,2026-10-17,quantile,0.25,70.88410517919444
2026-10-10,34,1,wk inc flu hosp,2026-10-17,quantile,0.3,76.6865583866892
2026-10-10,34,1,wk inc flu hosp,2026-10-17,quantile,0.35,82.0
2026-10-10,34,1,wk inc flu hosp,2026-10-17,quantile,0.4,89.5
2026-10-10,34,1,wk inc flu hosp,2026-10-17,quantile,0.45,94.5
2026-10-10,34,1,wk inc flu hosp,2026-10-17,quantile,0.5,100.87690613826811
2026-10-10,34,1,wk inc flu hosp,2026-10-17,quantile,0.55,107.18285332347696
2026-10-10,34,1,wk inc flu hosp,2026-10-17,quantile,0.6,113.66707669263572
2026-10-10,34,1,wk inc flu hosp,2026-10-17,quantile,0.65,118.29390020861571
2026-10-10,34,1,wk inc flu hosp,2026-10-17,quantile,0.7,124.68757447693159
2026-10-10,34,1,wk inc flu hosp,2026-10-17,quantile,0.75,130.5010948573564
2026-10-10,34,1,wk inc flu hosp,2026-10-17,quantile,0.8,138.58263431638127
2026-10-10,34,1,wk inc flu hosp,2026-10-17,quantile,0.85,156.37125974123202
2026-10-10,34,1,wk inc flu hosp,2026-10-17,quantile,0.9,175.5
2026-10-10,34,1,wk inc flu hosp,2026-10-17,quantile,0.95,216.0
2026-10-10,34,1,wk inc flu hosp,2026-10-17,quantile,0.975,257.5
2026-10-10,34,1,wk inc flu hosp,2026-10-17,quantile,0.99,340.0
2026-10-10,34,2,wk inc flu hosp,2026-10-24,quantile,0.01,24.0
2026-10-10,34,2,wk inc flu hosp,2026-10-24,quantile,0.025,31.5
2026-10-10,34,2,wk inc flu hosp,2026-10-24,quantile,0.05,39.0
2026-10-10,34,2,wk inc flu hosp,2026-10-24,quantile,0.1,51.5
2026-10-10,34,2,wk inc flu hosp,2026-10-24,quantile,0.15,65.50901648601166
2026-10-10,34,2,wk inc flu hosp,2026-10-24,quantile,0.2,73.42967550854048
2026-10-10,34,2,wk inc flu hosp,2026-10-24,quantile,0.25,82.0
2026-10-10,34,2,wk inc flu hosp,2026-10-24,quantile,0.3,90.06163108257837
2026-10-10,34,2,wk inc flu hosp,2026-10-24,quantile,0.35,97.45710748233995
2026-10-10,34,2,wk inc flu hosp,2026-10-24,quantile,0.4,104.5
2026-10-10,34,2,wk inc flu hosp,2026-10-24,quantile,0.45,114.10926602352717
2026-10-10,34,2,wk inc flu hosp,2026-10-24,quantile,0.5,123.18041604773919
2026-10-10,34,2,wk inc flu hosp,2026-10-24,quantile,0.55,129.53796458966707
2026-10-10,34,2,wk inc flu hosp,2026-10-24,quantile,0.6,139.0
2026-10-10,34,2,wk inc flu hosp,2026-10-24,quantile,0.65,148.5
2026-10-10,34,2,wk inc flu hosp,2026-10-24,quantile,0.7,156.96683366639604
2026-10-10,34,2,wk inc flu hosp,2026-10-24,quantile,0.75,166.5043717438091
2026-10-10,34,2,wk inc flu hosp,2026-10-24,quantile,0.8,194.5
2026-10-10,34,2,wk inc flu hosp,2026-10-24,quantile,0.85,232.5
2026-10-10,34,2,wk inc flu hosp,2026-10-24,quantile,0.9,291.5
2026-10-10,34,2,wk inc flu hosp,2026-10-24,quantile,0.95,381.0
2026-10-10,34,2,wk inc flu hosp,2026-10-24,quantile,0.975,469.0
2026-10-10,34,2,wk inc flu hosp,2026-10-24,quantile,0.99,624.0
2026-10-10,34,3,wk inc flu hosp,2026-10-31,quantile,0.01,23.5
2026-10-10,34,3,wk inc flu hosp,2026-10-31,quantile,0.025,31.0
2026-10-10,34,3,wk inc flu hosp,2026-10-31,quantile,0.05,40.5
2026-10-10,34,3,wk inc flu hosp,2026-10-31,quantile,0.1,56.02586116175224
2026-10-10,34,3,wk inc flu hosp,2026-10-31,quantile,0.15,68.0
2026-10-10,34,3,wk inc flu hosp,2026-10-31,quantile,0.2,79.5
2026-10-10,34,3,wk inc flu hosp,2026-10-31,quantile,0.25,89.5
2026-10-10,34,3,wk inc flu hosp,2026-10-31,quantile,0.3,99.5
2026-10-10,34,3,wk inc flu hosp,2026-10-31,quantile,0.35,109.68429209299296
2026-10-10,34,3,wk inc flu hosp,2026-10-31,quantile,0.4,120.5
2026-10-10,34,3,wk inc flu hosp,2026-10-31,quantile,0.45,131.5
2026-10-10,34,3,wk inc flu hosp,2026-10-31,quantile,0.5,143.5
2026-10-10,34,3,wk inc flu hosp,2026-10-31,quantile,0.55,157.0
2026-10-10,34,3,wk inc flu hosp,2026-10-31,quantile,0.6,170.5
2026-10-10,34,3,wk inc flu hosp,2026-10-31,quantile,0.65,185.0
2026-10-10,34,3,wk inc flu hosp,2026-10-31,quantile,0.7,201.5
2026-10-10,34,3,wk inc flu hosp,2026-10-31,quantile,0.75,239.5
2026-10-10,34,3,wk inc flu hosp,2026-10-31,quantile,0.8,301.0
2026-10-10,34,3,wk inc flu hosp,2026-10-31,quantile,0.85,343.5
2026-10-10,34,3,wk inc flu hosp,2026-10-31,quantile,0.9,421.0
2026-10-10,34,3,wk inc flu hosp,2026-10-31,quantile,0.95,562.0
2026-10-10,34,3,wk inc flu hosp,2026-10-31,quantile,0.975,735.0
2026-10-10,34,3,wk inc flu hosp,2026-10-31,quantile,0.99,964.0
2026-10-10,35,0,wk inc flu hosp,2026-10-10,quantile,0.01,2.0
2026-10-10,35,0,wk inc flu hosp,2026-10-10,quantile,0.025,3.416025377489621
2026-10-10,35,0,wk inc flu hosp,2026-10-10,quantile,0.05,4.5
2026-10-10,35,0,wk inc flu hosp,2026-10-10,quantile,0.1,5.5
2026-10-10,35,0,wk inc flu hosp,2026-10-10,quantile,0.15,6.5
2026-10-10,35,0,wk inc flu hosp,2026-10-10,quantile,0.2,7.5
2026-10-10,35,0,wk inc flu hosp,2026-10-10,quantile,0.25,8.5
2026-10-10,35,0,wk inc flu hosp,2026-10-10,quantile,0.3,9.5
2026-10-10,35,0,wk inc flu hosp,2026-10-10,quantile,0.35,10.0
2026-10-10,35,0,wk inc flu hosp,2026-10-10,quantile,0.4,10.5
2026-10-10,35,0,wk inc flu hosp,2026-10-10,quantile,0.45,11.0
2026-10-10,35,0,wk inc flu hosp,2026-10-10,quantile,0.5,12.0
2026-10-10,35,0,wk inc flu hosp,2026-10-10,quantile,0.55,13.0
2026-10-10,35,0,wk inc flu hosp,2026-10-10,quantile,0.6,13.5
2026-10-10,35,0,wk inc flu hosp,2026-10-10,quantile,0.65,14.5
2026-10-10,35,0,wk inc flu hosp,2026-10-10,quantile,0.7,15.5
2026-10-10,35,0,wk inc flu hosp,2026-10-10,quantile,0.75,17.0
2026-10-10,35,0,wk inc flu hosp,2026-10-10,quantile,0.8,19.0
2026-10-10,35,0,wk inc flu hosp,2026-10-10,quantile,0.85,21.5
2026-10-10,35,0,wk inc flu hosp,2026-10-10,quantile,0.9,25.5
2026-10-10,35,0,wk inc flu hosp,2026-10-10,quantile,0.95,31.0
2026-10-10,35,0,wk inc flu hosp,2026-10-10,quantile,0.975,39.0
2026-10-10,35,0,wk inc flu hosp,2026-10-10,quantile,0.99,51.0
2026-10-10,35,1,wk inc flu hosp,2026-10-17,quantile,0.01,2.0
2026-10-10,35,1,wk inc flu hosp,2026-10-17,quantile,0.025,3.0
2026-10-10,35,1,wk inc flu hosp,2026-10-17,quantile,0.05,4.141203903641669
2026-10-10,35,1,wk inc flu hosp,2026-10-17,quantile,0.1,6.0
2026-10-10,35,1,wk inc flu hosp,2026-10-17,quantile,0.15,7.45521813172514
2026-10-10,35,1,wk inc flu hosp,2026-10-17,quantile,0.2,9.0
2026-10-10,35,1,wk inc flu hosp,2026-10-17,quantile,0.25,10.0
2026-10-10,35,1,wk inc flu hosp,2026-10-17,quantile,0.3,10.5
2026-10-10,35,1,wk inc flu hosp,2026-10-17,quantile,0.35,11.0
2026-10-10,35,1,wk inc flu hosp,2026-10-17,quantile,0.4,12.5
2026-10-10,35,1,wk inc flu hosp,2026-10-17,quantile,0.45,13.466175337552931
2026-10-10,35,1,wk inc flu hosp,2026-10-17,quantile,0.5,14.133753500905062
2026-10-10,35,1,wk inc flu hosp,2026-10-17,quantile,0.55,15.440499861662596
2026-10-10,35,1,wk inc flu hosp,2026-10-17,quantile,0.6,16.770201237487406
2026-10-10,35,1,wk inc flu hosp,2026-10-17,quantile,0.65,17.78369169791867
2026-10-10,35,1,wk inc flu hosp,2026-10-17,quantile,0.7,18.471568270820182
2026-10-10,35,1,wk inc flu hosp,2026-10-17,quantile,0.75,19.808302283342783
2026-10-10,35,1,wk inc flu hosp,2026-10-17,quantile,0.8,21.61066850444277
2026-10-10,35,1,wk inc flu hosp,2026-10-17,quantile,0.85,23.320447844465164
2026-10-10,35,1,wk inc flu hosp,2026-10-17,quantile,0.9,27.5
2026-10-10,35,1,wk inc flu hosp,2026-10-17,quantile,0.95,36.0
2026-10-10,35,1,wk inc flu hosp,2026-10-17,quantile,0.975,45.5
2026-10-10,35,1,wk inc flu hosp,2026-10-17,quantile,0.99,61.0
2026-10-10,35,2,wk inc flu hosp,2026-10-24,quantile,0.01,2.0
2026-10-10,35,2,wk inc flu hosp,2026-10-24,quantile,0.025,3.0
2026-10-10,35,2,wk inc flu hosp,2026-10-24,quantile,0.05,4.9866457845322945
2026-10-10,35,2,wk inc flu hosp,2026-10-24,quantile,0.1,6.608643654806135
2026-10-10,35,2,wk inc flu hosp,2026-10-24,quantile,0.15,8.910420063618972
2026-10-10,35,2,wk inc flu hosp,2026-10-24,quantile,0.2,10.0
2026-10-10,35,2,wk inc flu hosp,2026-10-24,quantile,0.25,11.0
2026-10-10,35,2,wk inc flu hosp,2026-10-24,quantile,0.3,13.0
2026-10-10,35,2,wk inc flu hosp,2026-10-24,quantile,0.35,14.0
2026-10-10,35,2,wk inc flu hosp,2026-10-24,quantile,0.4,15.620052161869996
2026-10-10,35,2,wk inc flu hosp,2026-10-24,quantile,0.45,17.025709646366007
2026-10-10,35,2,wk inc flu hosp,2026-10-24,quantile,0.5,18.449114620867206
2026-10-10,35,2,wk inc flu hosp,2026-10-24,quantile,0.55,21.273374050989005
2026-10-10,35,2,wk inc flu hosp,2026-10-24,quantile,0.6,22.683163872606322
2026-10-10,35,2,wk inc flu hosp,2026-10-24,quantile,0.65,23.70550429206473
2026-10-10,35,2,wk inc flu hosp,2026-10-24,quantile,0.7,24.824282486757067
2026-10-10,35,2,wk inc flu hosp,2026-10-24,quantile,0.75,26.862598094342275
2026-10-10,35,2,wk inc flu hosp,2026-10-24,quantile,0.8,28.60497711895365
2026-10-10,35,2,wk inc flu hosp,2026-10-24,quantile,0.85,35.0
2026-10-10,35,2,wk inc flu hosp,2026-10-24,quantile,0.9,48.5
2026-10-10,35,2,wk inc flu hosp,2026-10-24,quantile,0.95,61.0
2026-10-10,35,2,wk inc flu hosp,2026-10-24,quantile,0.975,79.5
2026-10-10,35,2,wk inc flu hosp,2026-10-24,quantile,0.99,104.5
2026-10-10,35,3,wk inc flu hosp,2026-10-31,quantile,0.01,2.0
2026-10-10,35,3,wk inc flu hosp,2026-10-31,quantile,0.025,3.5
2026-10-10,35,3,wk inc flu hosp,2026-10-31,quantile,0.05,5.11640297048843
2026-10-10,35,3,wk inc flu hosp,2026-10-31,quantile,0.1,7.423379041024484
2026-10-10,35,3,wk inc flu hosp,2026-10-31,quantile,0.15,9.776358960985199
2026-10-10,35,3,wk inc flu hosp,2026-10-31,quantile,0.2,11.5
2026-10-10,35,3,wk inc flu hosp,2026-10-31,quantile,0.25,12.930810446595618
2026-10-10,35,3,wk inc flu hosp,2026-10-31,quantile,0.3,15.171170619338515
2026-10-10,35,3,wk inc flu hosp,2026-10-31,quantile,0.35,16.889183196796814
2026-10-10,35,3,wk inc flu hosp,2026-10-31,quantile,0.4,18.376554538504667
2026-10-10,35,3,wk inc flu hosp,2026-10-31,quantile,0.45,20.461121440605623
2026-10-10,35,3,wk inc flu hosp,2026-10-31,quantile,0.5,22.209021672167875
2026-10-10,35,3,wk inc flu hosp,2026-10-31,quantile,0.55,24.634272451814248
2026-10-10,35,3,wk inc flu hosp,2026-10-31,quantile,0.6,26.386391119045587
2026-10-10,35,3,wk inc flu hosp,2026-10-31,quantile,0.65,29.620144160466232
2026-10-10,35,3,wk inc flu hosp,2026-10-31,quantile,0.7,31.662434453917378
2026-10-10,35,3,wk inc flu hosp,2026-10-31,quantile,0.75,37.5
2026-10-10,35,3,wk inc flu hosp,2026-10-31,quantile,0.8,42.5
2026-10-10,35,3,wk inc flu hosp,2026-10-31,quantile,0.85,55.5
2026-10-10,35,3,wk inc flu hosp,2026-10-31,quantile,0.9,75.5
2026-10-10,35,3,wk inc flu hosp,2026-10-31,quantile,0.95,107.0
2026-10-10,35,3,wk inc flu hosp,2026-10-31,quantile,0.975,143.0
2026-10-10,35,3,wk inc flu hosp,2026-10-31,quantile,0.99,194.5
2026-10-10,36,0,wk inc flu hosp,2026-10-10,quantile,0.01,60.5
2026-10-10,36,0,wk inc flu hosp,2026-10-10,quantile,0.025,76.0
2026-10-10,36,0,wk inc flu hosp,2026-10-10,quantile,0.05,93.30630849219361
2026-10-10,36,0,wk inc flu hosp,2026-10-10,quantile,0.1,112.0
2026-10-10,36,0,wk inc flu hosp,2026-10-10,quantile,0.15,119.5
2026-10-10,36,0,wk inc flu hosp,2026-10-10,quantile,0.2,128.5
2026-10-10,36,0,wk inc flu hosp,2026-10-10,quantile,0.25,133.0
2026-10-10,36,0,wk inc flu hosp,2026-10-10,quantile,0.3,140.5
2026-10-10,36,0,wk inc flu hosp,2026-10-10,quantile,0.35,146.5
2026-10-10,36,0,wk inc flu hosp,2026-10-10,quantile,0.4,153.0
2026-10-10,36,0,wk inc flu hosp,2026-10-10,quantile,0.45,158.0
2026-10-10,36,0,wk inc flu hosp,2026-10-10,quantile,0.5,163.0
2026-10-10,36,0,wk inc flu hosp,2026-10-10,quantile,0.55,171.0
2026-10-10,36,0,wk inc flu hosp,2026-10-10,quantile,0.6,178.5
2026-10-10,36,0,wk inc flu hosp,2026-10-10,quantile,0.65,188.5
2026-10-10,36,0,wk inc flu hosp,2026-10-10,quantile,0.7,197.0
2026-10-10,36,0,wk inc flu hosp,2026-10-10,quantile,0.75,211.0
2026-10-10,36,0,wk inc flu hosp,2026-10-10,quantile,0.8,225.5
2026-10-10,36,0,wk inc flu hosp,2026-10-10,quantile,0.85,241.5
2026-10-10,36,0,wk inc flu hosp,2026-10-10,quantile,0.9,277.0
2026-10-10,36,0,wk inc flu hosp,2026-10-10,quantile,0.95,324.0
2026-10-10,36,0,wk inc flu hosp,2026-10-10,quantile,0.975,392.5
2026-10-10,36,0,wk inc flu hosp,2026-10-10,quantile,0.99,506.5
2026-10-10,36,1,wk inc flu hosp,2026-10-17,quantile,0.01,59.0
2026-10-10,36,1,wk inc flu hosp,2026-10-17,quantile,0.025,72.0
2026-10-10,36,1,wk inc flu hosp,2026-10-17,quantile,0.05,80.0
2026-10-10,36,1,wk inc flu hosp,2026-10-17,quantile,0.1,101.96129870668332
2026-10-10,36,1,wk inc flu hosp,2026-10-17,quantile,0.15,119.6696574836465
2026-10-10,36,1,wk inc flu hosp,2026-10-17,quantile,0.2,132.65650285653138
2026-10-10,36,1,wk inc flu hosp,2026-10-17,quantile,0.25,149.0
2026-10-10,36,1,wk inc flu hosp,2026-10-17,quantile,0.3,158.0
2026-10-10,36,1,wk inc flu hosp,2026-10-17,quantile,0.35,168.0
2026-10-10,36,1,wk inc flu hosp,2026-10-17,quantile,0.4,178.0
2026-10-10,36,1,wk inc flu hosp,2026-10-17,quantile,0.45,189.0
2026-10-10,36,1,wk inc flu hosp,2026-10-17,quantile,0.5,201.5
2026-10-10,36,1,wk inc flu hosp,2026-10-17,quantile,0.55,211.3059043254426
2026-10-10,36,1,wk inc flu hosp,2026-10-17,quantile,0.6,223.5
2026-10-10,36,1,wk inc flu hosp,2026-10-17,quantile,0.65,234.87836013150272
2026-10-10,36,1,wk inc flu hosp,2026-10-17,quantile,0.7,248.25992375114984
2026-10-10,36,1,wk inc flu hosp,2026-10-17,quantile,0.75,256.5309392805748
2026-10-10,36,1,wk inc flu hosp,2026-10-17,quantile,0.8,280.28859427236137
2026-10-10,36,1,wk inc flu hosp,2026-10-17,quantile,0.85,311.3992829726713
2026-10-10,36,1,wk inc flu hosp,2026-10-17,quantile,0.9,367.5
2026-10-10,36,1,wk inc flu hosp,2026-10-17,quantile,0.95,457.0
2026-10-10,36,1,wk inc flu hosp,2026-10-17,quantile,0.975,556.5
2026-10-10,36,1,wk inc flu hosp,2026-10-17,quantile,0.99,713.0
2026-10-10,36,2,wk inc flu hosp,2026-10-24,quantile,0.01,56.5
2026-10-10,36,2,wk inc flu hosp,2026-10-24,quantile,0.025,67.0
2026-10-10,36,2,wk inc flu hosp,2026-10-24,quantile,0.05,78.0
2026-10-10,36,2,wk inc flu hosp,2026-10-24,quantile,0.1,101.1864982058168
2026-10-10,36,2,wk inc flu hosp,2026-10-24,quantile,0.15,133.09845209550616
2026-10-10,36,2,wk inc flu hosp,2026-10-24,quantile,0.2,148.83042545879985
2026-10-10,36,2,wk inc flu hosp,2026-10-24,quantile,0.25,168.30211869669913
2026-10-10,36,2,wk inc flu hosp,2026-10-24,quantile,0.3,186.0
2026-10-10,36,2,wk inc flu hosp,2026-10-24,quantile,0.35,201.5
2026-10-10,36,2,wk inc flu hosp,2026-10-24,quantile,0.4,218.5
2026-10-10,36,2,wk inc flu hosp,2026-10-24,quantile,0.45,232.28633099696995
2026-10-10,36,2,wk inc flu hosp,2026-10-24,quantile,0.5,248.6714411923507
2026-10-10,36,2,wk inc flu hosp,2026-10-24,quantile,0.55,267.65870381718605
2026-10-10,36,2,wk inc flu hosp,2026-10-24,quantile,0.6,287.24112151053635
2026-10-10,36,2,wk inc flu hosp,2026-10-24,quantile,0.65,301.69704435140676
2026-10-10,36,2,wk inc flu hosp,2026-10-24,quantile,0.7,321.5
2026-10-10,36,2,wk inc flu hosp,2026-10-24,quantile,0.75,357.0
2026-10-10,36,2,wk inc flu hosp,2026-10-24,quantile,0.8,398.5
2026-10-10,36,2,wk inc flu hosp,2026-10-24,quantile,0.85,457.0
2026-10-10,36,2,wk inc flu hosp,2026-10-24,quantile,0.9,546.1556991222793
2026-10-10,36,2,wk inc flu hosp,2026-10-24,quantile,0.95,695.5
2026-10-10,36,2,wk inc flu hosp,2026-10-24,quantile,0.975,866.0
2026-10-10,36,2,wk inc flu hosp,2026-10-24,quantile,0.99,1100.5
2026-10-10,36,3,wk inc flu hosp,2026-10-31,quantile,0.01,50.5
2026-10-10,36,3,wk inc flu hosp,2026-10-31,quantile,0.025,60.5
2026-10-10,36,3,wk inc flu hosp,2026-10-31,quantile,0.05,75.0
2026-10-10,36,3,wk inc flu hosp,2026-10-31,quantile,0.1,111.42144324176942
2026-10-10,36,3,wk inc flu hosp,2026-10-31,quantile,0.15,131.5256772600695
2026-10-10,36,3,wk inc flu hosp,2026-10-31,quantile,0.2,166.45242797177315
2026-10-10,36,3,wk inc flu hosp,2026-10-31,quantile,0.25,185.19385152346757
2026-10-10,36,3,wk inc flu hosp,2026-10-31,quantile,0.3,209.28771509069756
2026-10-10,36,3,wk inc flu hosp,2026-10-31,quantile,0.35,227.96114508074294
2026-10-10,36,3,wk inc flu hosp,2026-10-31,quantile,0.4,239.85065260158768
2026-10-10,36,3,wk inc flu hosp,2026-10-31,quantile,0.45,258.0
2026-10-10,36,3,wk inc flu hosp,2026-10-31,quantile,0.5,279.5
2026-10-10,36,3,wk inc flu hosp,2026-10-31,quantile,0.55,310.0
2026-10-10,36,3,wk inc flu hosp,2026-10-31,quantile,0.6,357.5
2026-10-10,36,3,wk inc flu hosp,2026-10-31,quantile,0.65,395.0
2026-10-10,36,3,wk inc flu hosp,2026-10-31,quantile,0.7,448.5
2026-10-10,36,3,wk inc flu hosp,2026-10-31,quantile,0.75,491.0
2026-10-10,36,3,wk inc flu hosp,2026-10-31,quantile,0.8,550.5
2026-10-10,36,3,wk inc flu hosp,2026-10-31,quantile,0.85,625.5
2026-10-10,36,3,wk inc flu hosp,2026-10-31,quantile,0.9,757.5
2026-10-10,36,3,wk inc flu hosp,2026-10-31,quantile,0.95,1025.0
2026-10-10,36,3,wk inc flu hosp,2026-10-31,quantile,0.975,1341.5
2026-10-10,36,3,wk inc flu hosp,2026-10-31,quantile,0.99,1683.0
2026-10-10,37,0,wk inc flu hosp,2026-10-10,quantile,0.01,27.5
2026-10-10,37,0,wk inc flu hosp,2026-10-10,quantile,0.025,37.29413185287815
2026-10-10,37,0,wk inc flu hosp,2026-10-10,quantile,0.05,50.0
2026-10-10,37,0,wk inc flu hosp,2026-10-10,quantile,0.1,59.0
2026-10-10,37,0,wk inc flu hosp,2026-10-10,quantile,0.15,63.0
2026-10-10,37,0,wk inc flu hosp,2026-10-10,quantile,0.2,67.0
2026-10-10,37,0,wk inc flu hosp,2026-10-10,quantile,0.25,70.0
2026-10-10,37,0,wk inc flu hosp,2026-10-10,quantile,0.3,74.5
2026-10-10,37,0,wk inc flu hosp,2026-10-10,quantile,0.35,79.0
2026-10-10,37,0,wk inc flu hosp,2026-10-10,quantile,0.4,84.0
2026-10-10,37,0,wk inc flu hosp,2026-10-10,quantile,0.45,88.5
2026-10-10,37,0,wk inc flu hosp,2026-10-10,quantile,0.5,91.5
2026-10-10,37,0,wk inc flu hosp,2026-10-10,quantile,0.55,95.0
2026-10-10,37,0,wk inc flu hosp,2026-10-10,quantile,0.6,99.5
2026-10-10,37,0,wk inc flu hosp,2026-10-10,quantile,0.65,106.0
2026-10-10,37,0,wk inc flu hosp,2026-10-10,quantile,0.7,112.0
2026-10-10,37,0,wk inc flu hosp,2026-10-10,quantile,0.75,119.0
2026-10-10,37,0,wk inc flu hosp,2026-10-10,quantile,0.8,129.5
2026-10-10,37,0,wk inc flu hosp,2026-10-10,quantile,0.85,140.0
2026-10-10,37,0,wk inc flu hosp,2026-10-10,quantile,0.9,159.5
2026-10-10,37,0,wk inc flu hosp,2026-10-10,quantile,0.95,189.0
2026-10-10,37,0,wk inc flu hosp,2026-10-10,quantile,0.975,231.0
2026-10-10,37,0,wk inc flu hosp,2026-10-10,quantile,0.99,307.5
2026-10-10,37,1,wk inc flu hosp,2026-10-17,quantile,0.01,27.0
2026-10-10,37,1,wk inc flu hosp,2026-10-17,quantile,0.025,35.5
2026-10-10,37,1,wk inc flu hosp,2026-10-17,quantile,0.05,43.0
2026-10-10,37,1,wk inc flu hosp,2026-10-17,quantile,0.1,53.77252668227433
2026-10-10,37,1,wk inc flu hosp,2026-10-17,quantile,0.15,61.919844855316995
2026-10-10,37,1,wk inc flu hosp,2026-10-17,quantile,0.2,67.51579506669705
2026-10-10,37,1,wk inc flu hosp,2026-10-17,quantile,0.25,73.91874693661963
2026-10-10,37,1,wk inc flu hosp,2026-10-17,quantile,0.3,79.35311923342813
2026-10-10,37,1,wk inc flu hosp,2026-10-17,quantile,0.35,86.0
2026-10-10,37,1,wk inc flu hosp,2026-10-17,quantile,0.4,94.0
2026-10-10,37,1,wk inc flu hosp,2026-10-17,quantile,0.45,103.5
2026-10-10,37,1,wk inc flu hosp,2026-10-17,quantile,0.5,111.5
2026-10-10,37,1,wk inc flu hosp,2026-10-17,quantile,0.55,119.5
2026-10-10,37,1,wk inc flu hosp,2026-10-17,quantile,0.6,127.0
2026-10-10,37,1,wk inc flu hosp,2026-10-17,quantile,0.65,133.5
2026-10-10,37,1,wk inc flu hosp,2026-10-17,quantile,0.7,137.5
2026-10-10,37,1,wk inc flu hosp,2026-10-17,quantile,0.75,144.0
2026-10-10,37,1,wk inc flu hosp,2026-10-17,quantile,0.8,158.0
2026-10-10,37,1,wk inc flu hosp,2026-10-17,quantile,0.85,173.0
2026-10-10,37,1,wk inc flu hosp,2026-10-17,quantile,0.9,204.0
2026-10-10,37,1,wk inc flu hosp,2026-10-17,quantile,0.95,238.5
2026-10-10,37,1,wk inc flu hosp,2026-10-17,quantile,0.975,288.5
2026-10-10,37,1,wk inc flu hosp,2026-10-17,quantile,0.99,365.0
2026-10-10,37,2,wk inc flu hosp,2026-10-24,quantile,0.01,27.5
2026-10-10,37,2,wk inc flu hosp,2026-10-24,quantile,0.025,31.5
2026-10-10,37,2,wk inc flu hosp,2026-10-24,quantile,0.05,39.5
2026-10-10,37,2,wk inc flu hosp,2026-10-24,quantile,0.1,51.563513109226015
2026-10-10,37,2,wk inc flu hosp,2026-10-24,quantile,0.15,63.81706144758785
2026-10-10,37,2,wk inc flu hosp,2026-10-24,quantile,0.2,75.56516743924789
2026-10-10,37,2,wk inc flu hosp,2026-10-24,quantile,0.25,85.5
2026-10-10,37,2,wk inc flu hosp,2026-10-24,quantile,0.3,96.5
2026-10-10,37,2,wk inc flu hosp,2026-10-24,quantile,0.35,107.5
2026-10-10,37,2,wk inc flu hosp,2026-10-24,quantile,0.4,120.0
2026-10-10,37,2,wk inc flu hosp,2026-10-24,quantile,0.45,130.5
2026-10-10,37,2,wk inc flu hosp,2026-10-24,quantile,0.5,142.0
2026-10-10,37,2,wk inc flu hosp,2026-10-24,quantile,0.55,152.5
2026-10-10,37,2,wk inc flu hosp,2026-10-24,quantile,0.6,164.0
2026-10-10,37,2,wk inc flu hosp,2026-10-24,quantile,0.65,176.5
2026-10-10,37,2,wk inc flu hosp,2026-10-24,quantile,0.7,187.5
2026-10-10,37,2,wk inc flu hosp,2026-10-24,quantile,0.75,196.5
2026-10-10,37,2,wk inc flu hosp,2026-10-24,quantile,0.8,224.0
2026-10-10,37,2,wk inc flu hosp,2026-10-24,quantile,0.85,262.5
2026-10-10,37,2,wk inc flu hosp,2026-10-24,quantile,0.9,324.5
2026-10-10,37,2,wk inc flu hosp,2026-10-24,quantile,0.95,407.0
2026-10-10,37,2,wk inc flu hosp,2026-10-24,quantile,0.975,511.5
2026-10-10,37,2,wk inc flu hosp,2026-10-24,quantile,0.99,627.5
2026-10-10,37,3,wk inc flu hosp,2026-10-31,quantile,0.01,24.0
2026-10-10,37,3,wk inc flu hosp,2026-10-31,quantile,0.025,31.5
2026-10-10,37,3,wk inc flu hosp,2026-10-31,quantile,0.05,40.5
2026-10-10,37,3,wk inc flu hosp,2026-10-31,quantile,0.1,60.50360207359322
2026-10-10,37,3,wk inc flu hosp,2026-10-31,quantile,0.15,70.68470563769333
2026-10-10,37,3,wk inc flu hosp,2026-10-31,quantile,0.2,85.5
2026-10-10,37,3,wk inc flu hosp,2026-10-31,quantile,0.25,99.5
2026-10-10,37,3,wk inc flu hosp,2026-10-31,quantile,0.3,116.50095652362593
2026-10-10,37,3,wk inc flu hosp,2026-10-31,quantile,0.35,130.0
2026-10-10,37,3,wk inc flu hosp,2026-10-31,quantile,0.4,146.0
2026-10-10,37,3,wk inc flu hosp,2026-10-31,quantile,0.45,162.0
2026-10-10,37,3,wk inc flu hosp,2026-10-31,quantile,0.5,177.5
2026-10-10,37,3,wk inc flu hosp,2026-10-31,quantile,0.55,196.0
2026-10-10,37,3,wk inc flu hosp,2026-10-31,quantile,0.6,212.5
2026-10-10,37,3,wk inc flu hosp,2026-10-31,quantile,0.65,235.0
2026-10-10,37,3,wk inc flu hosp,2026-10-31,quantile,0.7,261.5
2026-10-10,37,3,wk inc flu hosp,2026-10-31,quantile,0.75,289.0
2026-10-10,37,3,wk inc flu hosp,2026-10-31,quantile,0.8,328.5
2026-10-10,37,3,wk inc flu hosp,2026-10-31,quantile,0.85,377.5
2026-10-10,37,3,wk inc flu hosp,2026-10-31,quantile,0.9,458.5
2026-10-10,37,3,wk inc flu hosp,2026-10-31,quantile,0.95,599.0
2026-10-10,37,3,wk inc flu hosp,2026-10-31,quantile,0.975,802.5
2026-10-10,37,3,wk inc flu hosp,2026-10-31,quantile,0.99,1080.0
2026-10-10,38,0,wk inc flu hosp,2026-10-10,quantile,0.01,1.0
2026-10-10,38,0,wk inc flu hosp,2026-10-10,quantile,0.025,1.0
2026-10-10,38,0,wk inc flu hosp,2026-10-10,quantile,0.05,1.5
2026-10-10,38,0,wk inc flu hosp,2026-10-10,quantile,0.1,2.0
2026-10-10,38,0,wk inc flu hosp,2026-10-10,quantile,0.15,2.5
2026-10-10,38,0,wk inc flu hosp,2026-10-10,quantile,0.2,3.0
2026-10-10,38,0,wk inc flu hosp,2026-10-10,quantile,0.25,3.5
2026-10-10,38,0,wk inc flu hosp,2026-10-10,quantile,0.3,4.0
2026-10-10,38,0,wk inc flu hosp,2026-10-10,quantile,0.35,4.0
2026-10-10,38,0,wk inc flu hosp,2026-10-10,quantile,0.4,4.5
2026-10-10,38,0,wk inc flu hosp,2026-10-10,quantile,0.45,5.0
2026-10-10,38,0,wk inc flu hosp,2026-10-10,quantile,0.5,5.0
2026-10-10,38,0,wk inc flu hosp,2026-10-10,quantile,0.55,5.5
2026-10-10,38,0,wk inc flu hosp,2026-10-10,quantile,0.6,6.0
2026-10-10,38,0,wk inc flu hosp,2026-10-10,quantile,0.65,6.5
2026-10-10,38,0,wk inc flu hosp,2026-10-10,quantile,0.7,7.5
2026-10-10,38,0,wk inc flu hosp,2026-10-10,quantile,0.75,7.5
2026-10-10,38,0,wk inc flu hosp,2026-10-10,quantile,0.8,8.5
2026-10-10,38,0,wk inc flu hosp,2026-10-10,quantile,0.85,9.975291185816513
2026-10-10,38,0,wk inc flu hosp,2026-10-10,quantile,0.9,11.873887494688464
2026-10-10,38,0,wk inc flu hosp,2026-10-10,quantile,0.95,15.249151712601362
2026-10-10,38,0,wk inc flu hosp,2026-10-10,quantile,0.975,19.5
2026-10-10,38,0,wk inc flu hosp,2026-10-10,quantile,0.99,24.5
2026-10-10,38,1,wk inc flu hosp,2026-10-17,quantile,0.01,0.5389458543438721
2026-10-10,38,1,wk inc flu hosp,2026-10-17,quantile,0.025,1.0
2026-10-10,38,1,wk inc flu hosp,2026-10-17,quantile,0.05,2.0
2026-10-10,38,1,wk inc flu hosp,2026-10-17,quantile,0.1,2.0
2026-10-10,38,1,wk inc flu hosp,2026-10-17,quantile,0.15,3.0
2026-10-10,38,1,wk inc flu hosp,2026-10-17,quantile,0.2,3.1438870339832174
2026-10-10,38,1,wk inc flu hosp,2026-10-17,quantile,0.25,4.0
2026-10-10,38,1,wk inc flu hosp,2026-10-17,quantile,0.3,4.0
2026-10-10,38,1,wk inc flu hosp,2026-10-17,quantile,0.35,5.0
2026-10-10,38,1,wk inc flu hosp,2026-10-17,quantile,0.4,5.0
2026-10-10,38,1,wk inc flu hosp,2026-10-17,quantile,0.45,5.5
2026-10-10,38,1,wk inc flu hosp,2026-10-17,quantile,0.5,5.573703030211898
2026-10-10,38,1,wk inc flu hosp,2026-10-17,quantile,0.55,6.5
2026-10-10,38,1,wk inc flu hosp,2026-10-17,quantile,0.6,7.0
2026-10-10,38,1,wk inc flu hosp,2026-10-17,quantile,0.65,7.099588628294353
2026-10-10,38,1,wk inc flu hosp,2026-10-17,quantile,0.7,8.0
2026-10-10,38,1,wk inc flu hosp,2026-10-17,quantile,0.75,9.0
2026-10-10,38,1,wk inc flu hosp,2026-10-17,quantile,0.8,9.5
2026-10-10,38,1,wk inc flu hosp,2026-10-17,quantile,0.85,11.0
2026-10-10,38,1,wk inc flu hosp,2026-10-17,quantile,0.9,13.5
2026-10-10,38,1,wk inc flu hosp,2026-10-17,quantile,0.95,16.5
2026-10-10,38,1,wk inc flu hosp,2026-10-17,quantile,0.975,20.5
2026-10-10,38,1,wk inc flu hosp,2026-10-17,quantile,0.99,31.0
2026-10-10,38,2,wk inc flu hosp,2026-10-24,quantile,0.01,1.0
2026-10-10,38,2,wk inc flu hosp,2026-10-24,quantile,0.025,1.0
2026-10-10,38,2,wk inc flu hosp,2026-10-24,quantile,0.05,2.0
2026-10-10,38,2,wk inc flu hosp,2026-10-24,quantile,0.1,3.0
2026-10-10,38,2,wk inc flu hosp,2026-10-24,quantile,0.15,3.0
2026-10-10,38,2,wk inc flu hosp,2026-10-24,quantile,0.2,4.0
2026-10-10,38,2,wk inc flu hosp,2026-10-24,quantile,0.25,4.5
2026-10-10,38,2,wk inc flu hosp,2026-10-24,quantile,0.3,5.0
2026-10-10,38,2,wk inc flu hosp,2026-10-24,quantile,0.35,5.5
2026-10-10,38,2,wk inc flu hosp,2026-10-24,quantile,0.4,6.048452477389543
2026-10-10,38,2,wk inc flu hosp,2026-10-24,quantile,0.45,7.0
2026-10-10,38,2,wk inc flu hosp,2026-10-24,quantile,0.5,7.0
2026-10-10,38,2,wk inc flu hosp,2026-10-24,quantile,0.55,7.567476714658438
2026-10-10,38,2,wk inc flu hosp,2026-10-24,quantile,0.6,8.5
2026-10-10,38,2,wk inc flu hosp,2026-10-24,quantile,0.65,9.0
2026-10-10,38,2,wk inc flu hosp,2026-10-24,quantile,0.7,10.0
2026-10-10,38,2,wk inc flu hosp,2026-10-24,quantile,0.75,12.0
2026-10-10,38,2,wk inc flu hosp,2026-10-24,quantile,0.8,13.5
2026-10-10,38,2,wk inc flu hosp,2026-10-24,quantile,0.85,15.5
2026-10-10,38,2,wk inc flu hosp,2026-10-24,quantile,0.9,22.0
2026-10-10,38,2,wk inc flu hosp,2026-10-24,quantile,0.95,29.5
2026-10-10,38,2,wk inc flu hosp,2026-10-24,quantile,0.975,35.0
2026-10-10,38,2,wk inc flu hosp,2026-10-24,quantile,0.99,49.0
2026-10-10,38,3,wk inc flu hosp,2026-10-31,quantile,0.01,1.0
2026-10-10,38,3,wk inc flu hosp,2026-10-31,quantile,0.025,1.0
2026-10-10,38,3,wk inc flu hosp,2026-10-31,quantile,0.05,2.0
2026-10-10,38,3,wk inc flu hosp,2026-10-31,quantile,0.1,3.0
2026-10-10,38,3,wk inc flu hosp,2026-10-31,quantile,0.15,3.5
2026-10-10,38,3,wk inc flu hosp,2026-10-31,quantile,0.2,4.5
2026-10-10,38,3,wk inc flu hosp,2026-10-31,quantile,0.25,5.052782082074336
2026-10-10,38,3,wk inc flu hosp,2026-10-31,quantile,0.3,6.0
2026-10-10,38,3,wk inc flu hosp,2026-10-31,quantile,0.35,6.5
2026-10-10,38,3,wk inc flu hosp,2026-10-31,quantile,0.4,7.5
2026-10-10,38,3,wk inc flu hosp,2026-10-31,quantile,0.45,8.005141374487593
2026-10-10,38,3,wk inc flu hosp,2026-10-31,quantile,0.5,9.5
2026-10-10,38,3,wk inc flu hosp,2026-10-31,quantile,0.55,10.0
2026-10-10,38,3,wk inc flu hosp,2026-10-31,quantile,0.6,11.5
2026-10-10,38,3,wk inc flu hosp,2026-10-31,quantile,0.65,13.0
2026-10-10,38,3,wk inc flu hosp,2026-10-31,quantile,0.7,15.5
2026-10-10,38,3,wk inc flu hosp,2026-10-31,quantile,0.75,19.0
2026-10-10,38,3,wk inc flu hosp,2026-10-31,quantile,0.8,21.5
2026-10-10,38,3,wk inc flu hosp,2026-10-31,quantile,0.85,26.5
2026-10-10,38,3,wk inc flu hosp,2026-10-31,quantile,0.9,34.0
2026-10-10,38,3,wk inc flu hosp,2026-10-31,quantile,0.95,47.5
2026-10-10,38,3,wk inc flu hosp,2026-10-31,quantile,0.975,62.0
2026-10-10,38,3,wk inc flu hosp,2026-10-31,quantile,0.99,80.0
2026-10-10,39,0,wk inc flu hosp,2026-10-10,quantile,0.01,27.5
2026-10-10,39,0,wk inc flu hosp,2026-10-10,quantile,0.025,35.31748004476477
2026-10-10,39,0,wk inc flu hosp,2026-10-10,quantile,0.05,45.5
2026-10-10,39,0,wk inc flu hosp,2026-10-10,quantile,0.1,51.0
2026-10-10,39,0,wk inc flu hosp,2026-10-10,quantile,0.15,55.0
2026-10-10,39,0,wk inc flu hosp,2026-10-10,quantile,0.2,59.0
2026-10-10,39,0,wk inc flu hosp,2026-10-10,quantile,0.25,63.5
2026-10-10,39,0,wk inc flu hosp,2026-10-10,quantile,0.3,68.0
2026-10-10,39,0,wk inc flu hosp,2026-10-10,quantile,0.35,72.5
2026-10-10,39,0,wk inc flu hosp,2026-10-10,quantile,0.4,76.0
2026-10-10,39,0,wk inc flu hosp,2026-10-10,quantile,0.45,78.5
2026-10-10,39,0,wk inc flu hosp,2026-10-10,quantile,0.5,81.5
2026-10-10,39,0,wk inc flu hosp,2026-10-10,quantile,0.55,85.0
2026-10-10,39,0,wk inc flu hosp,2026-10-10,quantile,0.6,90.5
2026-10-10,39,0,wk inc flu hosp,2026-10-10,quantile,0.65,95.5
2026-10-10,39,0,wk inc flu hosp,2026-10-10,quantile,0.7,101.0
2026-10-10,39,0,wk inc flu hosp,2026-10-10,quantile,0.75,108.0
2026-10-10,39,0,wk inc flu hosp,2026-10-10,quantile,0.8,116.5
2026-10-10,39,0,wk inc flu hosp,2026-10-10,quantile,0.85,127.0
2026-10-10,39,0,wk inc flu hosp,2026-10-10,quantile,0.9,145.5
2026-10-10,39,0,wk inc flu hosp,2026-10-10,quantile,0.95,172.5
2026-10-10,39,0,wk inc flu hosp,2026-10-10,quantile,0.975,211.5
2026-10-10,39,0,wk inc flu hosp,2026-10-10,quantile,0.99,284.0
2026-10-10,39,1,wk inc flu hosp,2026-10-17,quantile,0.01,26.0
2026-10-10,39,1,wk inc flu hosp,2026-10-17,quantile,0.025,31.0
2026-10-10,39,1,wk inc flu hosp,2026-10-17,quantile,0.05,35.0
2026-10-10,39,1,wk inc flu hosp,2026-10-17,quantile,0.1,47.55183553883407
2026-10-10,39,1,wk inc flu hosp,2026-10-17,quantile,0.15,58.13728062337691
2026-10-10,39,1,wk inc flu hosp,2026-10-17,quantile,0.2,65.61287003869963
2026-10-10,39,1,wk inc flu hosp,2026-10-17,quantile,0.25,71.5
2026-10-10,39,1,wk inc flu hosp,2026-10-17,quantile,0.3,77.0
2026-10-10,39,1,wk inc flu hosp,2026-10-17,quantile,0.35,82.0
2026-10-10,39,1,wk inc flu hosp,2026-10-17,quantile,0.4,87.5
2026-10-10,39,1,wk inc flu hosp,2026-10-17,quantile,0.45,93.5
2026-10-10,39,1,wk inc flu hosp,2026-10-17,quantile,0.5,99.5
2026-10-10,39,1,wk inc flu hosp,2026-10-17,quantile,0.55,106.0
2026-10-10,39,1,wk inc flu hosp,2026-10-17,quantile,0.6,111.14740790907169
2026-10-10,39,1,wk inc flu hosp,2026-10-17,quantile,0.65,119.26354789208831
2026-10-10,39,1,wk inc flu hosp,2026-10-17,quantile,0.7,123.62999019216062
2026-10-10,39,1,wk inc flu hosp,2026-10-17,quantile,0.75,131.00350242081657
2026-10-10,39,1,wk inc flu hosp,2026-10-17,quantile,0.8,140.41887180759446
2026-10-10,39,1,wk inc flu hosp,2026-10-17,quantile,0.85,148.3649260553256
2026-10-10,39,1,wk inc flu hosp,2026-10-17,quantile,0.9,165.6652504599241
2026-10-10,39,1,wk inc flu hosp,2026-10-17,quantile,0.95,197.0
2026-10-10,39,1,wk inc flu hosp,2026-10-17,quantile,0.975,273.5
2026-10-10,39,1,wk inc flu hosp,2026-10-17,quantile,0.99,348.0
2026-10-10,39,2,wk inc flu hosp,2026-10-24,quantile,0.01,21.5
2026-10-10,39,2,wk inc flu hosp,2026-10-24,quantile,0.025,27.0
2026-10-10,39,2,wk inc flu hosp,2026-10-24,quantile,0.05,35.017803223732614
2026-10-10,39,2,wk inc flu hosp,2026-10-24,quantile,0.1,51.274354751779065
2026-10-10,39,2,wk inc flu hosp,2026-10-24,quantile,0.15,63.647976689208335
2026-10-10,39,2,wk inc flu hosp,2026-10-24,quantile,0.2,74.5
2026-10-10,39,2,wk inc flu hosp,2026-10-24,quantile,0.25,82.5
2026-10-10,39,2,wk inc flu hosp,2026-10-24,quantile,0.3,90.5
2026-10-10,39,2,wk inc flu hosp,2026-10-24,quantile,0.35,98.5
2026-10-10,39,2,wk inc flu hosp,2026-10-24,quantile,0.4,108.0
2026-10-10,39,2,wk inc flu hosp,2026-10-24,quantile,0.45,118.5
2026-10-10,39,2,wk inc flu hosp,2026-10-24,quantile,0.5,125.85611129245174
2026-10-10,39,2,wk inc flu hosp,2026-10-24,quantile,0.55,136.4068276318156
2026-10-10,39,2,wk inc flu hosp,2026-10-24,quantile,0.6,145.64948879875521
2026-10-10,39,2,wk inc flu hosp,2026-10-24,quantile,0.65,153.43830249208958
2026-10-10,39,2,wk inc flu hosp,2026-10-24,quantile,0.7,163.0224385065583
2026-10-10,39,2,wk inc flu hosp,2026-10-24,quantile,0.75,172.11136395482518
2026-10-10,39,2,wk inc flu hosp,2026-10-24,quantile,0.8,188.0
2026-10-10,39,2,wk inc flu hosp,2026-10-24,quantile,0.85,218.5
2026-10-10,39,2,wk inc flu hosp,2026-10-24,quantile,0.9,268.0
2026-10-10,39,2,wk inc flu hosp,2026-10-24,quantile,0.95,332.5
2026-10-10,39,2,wk inc flu hosp,2026-10-24,quantile,0.975,423.5
2026-10-10,39,2,wk inc flu hosp,2026-10-24,quantile,0.99,550.0
2026-10-10,39,3,wk inc flu hosp,2026-10-31,quantile,0.01,20.5
2026-10-10,39,3,wk inc flu hosp,2026-10-31,quantile,0.025,27.5
2026-10-10,39,3,wk inc flu hosp,2026-10-31,quantile,0.05,37.944901757968644
2026-10-10,39,3,wk inc flu hosp,2026-10-31,quantile,0.1,60.79467002248694
2026-10-10,39,3,wk inc flu hosp,2026-10-31,quantile,0.15,69.50872291613405
2026-10-10,39,3,wk inc flu hosp,2026-10-31,quantile,0.2,83.0
2026-10-10,39,3,wk inc flu hosp,2026-10-31,quantile,0.25,94.5
2026-10-10,39,3,wk inc flu hosp,2026-10-31,quantile,0.3,104.5
2026-10-10,39,3,wk inc flu hosp,2026-10-31,quantile,0.35,116.0
2026-10-10,39,3,wk inc flu hosp,2026-10-31,quantile,0.4,127.69980025931413
2026-10-10,39,3,wk inc flu hosp,2026-10-31,quantile,0.45,138.1038065901962
2026-10-10,39,3,wk inc flu hosp,2026-10-31,quantile,0.5,146.7140765474604
2026-10-10,39,3,wk inc flu hosp,2026-10-31,quantile,0.55,160.62810761213282
2026-10-10,39,3,wk inc flu hosp,2026-10-31,quantile,0.6,171.58054751012466
2026-10-10,39,3,wk inc flu hosp,2026-10-31,quantile,0.65,184.0
2026-10-10,39,3,wk inc flu hosp,2026-10-31,quantile,0.7,205.0
2026-10-10,39,3,wk inc flu hosp,2026-10-31,quantile,0.75,237.5
2026-10-10,39,3,wk inc flu hosp,2026-10-31,quantile,0.8,289.0
2026-10-10,39,3,wk inc flu hosp,2026-10-31,quantile,0.85,338.0
2026-10-10,39,3,wk inc flu hosp,2026-10-31,quantile,0.9,417.0
2026-10-10,39,3,wk inc flu hosp,2026-10-31,quantile,0.95,562.0
2026-10-10,39,3,wk inc flu hosp,2026-10-31,quantile,0.975,717.5
2026-10-10,39,3,wk inc flu hosp,2026-10-31,quantile,0.99,891.0
2026-10-10,40,0,wk inc flu hosp,2026-10-10,quantile,0.01,6.0
2026-10-10,40,0,wk inc flu hosp,2026-10-10,quantile,0.025,8.5
2026-10-10,40,0,wk inc flu hosp,2026-10-10,quantile,0.05,13.104554836642457
2026-10-10,40,0,wk inc flu hosp,2026-10-10,quantile,0.1,16.0
2026-10-10,40,0,wk inc flu hosp,2026-10-10,quantile,0.15,17.5
2026-10-10,40,0,wk inc flu hosp,2026-10-10,quantile,0.2,18.5
2026-10-10,40,0,wk inc flu hosp,2026-10-10,quantile,0.25,20.0
2026-10-10,40,0,wk inc flu hosp,2026-10-10,quantile,0.3,21.0
2026-10-10,40,0,wk inc flu hosp,2026-10-10,quantile,0.35,22.5
2026-10-10,40,0,wk inc flu hosp,2026-10-10,quantile,0.4,24.5
2026-10-10,40,0,wk inc flu hosp,2026-10-10,quantile,0.45,26.5
2026-10-10,40,0,wk inc flu hosp,2026-10-10,quantile,0.5,28.5
2026-10-10,40,0,wk inc flu hosp,2026-10-10,quantile,0.55,30.5
2026-10-10,40,0,wk inc flu hosp,2026-10-10,quantile,0.6,32.0
2026-10-10,40,0,wk inc flu hosp,2026-10-10,quantile,0.65,33.5
2026-10-10,40,0,wk inc flu hosp,2026-10-10,quantile,0.7,36.0
2026-10-10,40,0,wk inc flu hosp,2026-10-10,quantile,0.75,39.0
2026-10-10,40,0,wk inc flu hosp,2026-10-10,quantile,0.8,42.25157626107827
2026-10-10,40,0,wk inc flu hosp,2026-10-10,quantile,0.85,45.42038680877165
2026-10-10,40,0,wk inc flu hosp,2026-10-10,quantile,0.9,50.68502848828287
2026-10-10,40,0,wk inc flu hosp,2026-10-10,quantile,0.95,60.20425296969211
2026-10-10,40,0,wk inc flu hosp,2026-10-10,quantile,0.975,79.5
2026-10-10,40,0,wk inc flu hosp,2026-10-10,quantile,0.99,105.0
2026-10-10,40,1,wk inc flu hosp,2026-10-17,quantile,0.01,6.0
2026-10-10,40,1,wk inc flu hosp,2026-10-17,quantile,0.025,9.0
2026-10-10,40,1,wk inc flu hosp,2026-10-17,quantile,0.05,12.0
2026-10-10,40,1,wk inc flu hosp,2026-10-17,quantile,0.1,14.5
2026-10-10,40,1,wk inc flu hosp,2026-10-17,quantile,0.15,17.0
2026-10-10,40,1,wk inc flu hosp,2026-10-17,quantile,0.2,19.5
2026-10-10,40,1,wk inc flu hosp,2026-10-17,quantile,0.25,21.5
2026-10-10,40,1,wk inc flu hosp,2026-10-17,quantile,0.3,23.5
2026-10-10,40,1,wk inc flu hosp,2026-10-17,quantile,0.35,25.0
2026-10-10,40,1,wk inc flu hosp,2026-10-17,quantile,0.4,27.5
2026-10-10,40,1,wk inc flu hosp,2026-10-17,quantile,0.45,28.5
2026-10-10,40,1,wk inc flu hosp,2026-10-17,quantile,0.5,30.5
2026-10-10,40,1,wk inc flu hosp,2026-10-17,quantile,0.55,31.567189050276404
2026-10-10,40,1,wk inc flu hosp,2026-10-17,quantile,0.6,33.0
2026-10-10,40,1,wk inc flu hosp,2026-10-17,quantile,0.65,35.073340888899146
2026-10-10,40,1,wk inc flu hosp,2026-10-17,quantile,0.7,36.75631184219854
2026-10-10,40,1,wk inc flu hosp,2026-10-17,quantile,0.75,39.53699902919554
2026-10-10,40,1,wk inc flu hosp,2026-10-17,quantile,0.8,42.227544241232344
2026-10-10,40,1,wk inc flu hosp,2026-10-17,quantile,0.85,44.62376758510963
2026-10-10,40,1,wk inc flu hosp,2026-10-17,quantile,0.9,51.001029184694495
2026-10-10,40,1,wk inc flu hosp,2026-10-17,quantile,0.95,60.5
2026-10-10,40,1,wk inc flu hosp,2026-10-17,quantile,0.975,75.5
2026-10-10,40,1,wk inc flu hosp,2026-10-17,quantile,0.99,104.64515508413172
2026-10-10,40,2,wk inc flu hosp,2026-10-24,quantile,0.01,7.0
2026-10-10,40,2,wk inc flu hosp,2026-10-24,quantile,0.025,10.0
2026-10-10,40,2,wk inc flu hosp,2026-10-24,quantile,0.05,13.0
2026-10-10,40,2,wk inc flu hosp,2026-10-24,quantile,0.1,16.5
2026-10-10,40,2,wk inc flu hosp,2026-10-24,quantile,0.15,19.0
2026-10-10,40,2,wk inc flu hosp,2026-10-24,quantile,0.2,22.5
2026-10-10,40,2,wk inc flu hosp,2026-10-24,quantile,0.25,24.5
2026-10-10,40,2,wk inc flu hosp,2026-10-24,quantile,0.3,26.0
2026-10-10,40,2,wk inc flu hosp,2026-10-24,quantile,0.35,28.5
2026-10-10,40,2,wk inc flu hosp,2026-10-24,quantile,0.4,30.50221187230571
2026-10-10,40,2,wk inc flu hosp,2026-10-24,quantile,0.45,32.99221195677967
2026-10-10,40,2,wk inc flu hosp,2026-10-24,quantile,0.5,35.60088835232432
2026-10-10,40,2,wk inc flu hosp,2026-10-24,quantile,0.55,38.65191013447933
2026-10-10,40,2,wk inc flu hosp,2026-10-24,quantile,0.6,40.3476780226848
2026-10-10,40,2,wk inc flu hosp,2026-10-24,quantile,0.65,42.51180303755318
2026-10-10,40,2,wk inc flu hosp,2026-10-24,quantile,0.7,45.95199579754005
2026-10-10,40,2,wk inc flu hosp,2026-10-24,quantile,0.75,49.3694370156134
2026-10-10,40,2,wk inc flu hosp,2026-10-24,quantile,0.8,51.90355479042202
2026-10-10,40,2,wk inc flu hosp,2026-10-24,quantile,0.85,57.5
2026-10-10,40,2,wk inc flu hosp,2026-10-24,quantile,0.9,67.5
2026-10-10,40,2,wk inc flu hosp,2026-10-24,quantile,0.95,84.0
2026-10-10,40,2,wk inc flu hosp,2026-10-24,quantile,0.975,108.14796358434299
2026-10-10,40,2,wk inc flu hosp,2026-10-24,quantile,0.99,139.7316453403723
2026-10-10,40,3,wk inc flu hosp,2026-10-31,quantile,0.01,8.0
2026-10-10,40,3,wk inc flu hosp,2026-10-31,quantile,0.025,11.5
2026-10-10,40,3,wk inc flu hosp,2026-10-31,quantile,0.05,14.0
2026-10-10,40,3,wk inc flu hosp,2026-10-31,quantile,0.1,17.5
2026-10-10,40,3,wk inc flu hosp,2026-10-31,quantile,0.15,21.5
2026-10-10,40,3,wk inc flu hosp,2026-10-31,quantile,0.2,24.5
2026-10-10,40,3,wk inc flu hosp,2026-10-31,quantile,0.25,28.0
2026-10-10,40,3,wk inc flu hosp,2026-10-31,quantile,0.3,30.0
2026-10-10,40,3,wk inc flu hosp,2026-10-31,quantile,0.35,33.0
2026-10-10,40,3,wk inc flu hosp,2026-10-31,quantile,0.4,37.80411776541902
2026-10-10,40,3,wk inc flu hosp,2026-10-31,quantile,0.45,39.66212445579445
2026-10-10,40,3,wk inc flu hosp,2026-10-31,quantile,0.5,42.52837173043396
2026-10-10,40,3,wk inc flu hosp,2026-10-31,quantile,0.55,46.01245937758357
2026-10-10,40,3,wk inc flu hosp,2026-10-31,quantile,0.6,49.0
2026-10-10,40,3,wk inc flu hosp,2026-10-31,quantile,0.65,53.0
2026-10-10,40,3,wk inc flu hosp,2026-10-31,quantile,0.7,60.5
2026-10-10,40,3,wk inc flu hosp,2026-10-31,quantile,0.75,66.5
2026-10-10,40,3,wk inc flu hosp,2026-10-31,quantile,0.8,75.5
2026-10-10,40,3,wk inc flu hosp,2026-10-31,quantile,0.85,85.5
2026-10-10,40,3,wk inc flu hosp,2026-10-31,quantile,0.9,103.0
2026-10-10,40,3,wk inc flu hosp,2026-10-31,quantile,0.95,130.5
2026-10-10,40,3,wk inc flu hosp,2026-10-31,quantile,0.975,156.58628771630572
2026-10-10,40,3,wk inc flu hosp,2026-10-31,quantile,0.99,202.87587714424458
2026-10-10,41,0,wk inc flu hosp,2026-10-10,quantile,0.01,11.0
2026-10-10,41,0,wk inc flu hosp,2026-10-10,quantile,0.025,14.802512554107308
2026-10-10,41,0,wk inc flu hosp,2026-10-10,quantile,0.05,20.0
2026-10-10,41,0,wk inc flu hosp,2026-10-10,quantile,0.1,26.0
2026-10-10,41,0,wk inc flu hosp,2026-10-10,quantile,0.15,29.0
2026-10-10,41,0,wk inc flu hosp,2026-10-10,quantile,0.2,32.0
2026-10-10,41,0,wk inc flu hosp,2026-10-10,quantile,0.25,34.0
2026-10-10,41,0,wk inc flu hosp,2026-10-10,quantile,0.3,36.0
2026-10-10,41,0,wk inc flu hosp,2026-10-10,quantile,0.35,38.0
2026-10-10,41,0,wk inc flu hosp,2026-10-10,quantile,0.4,39.0
2026-10-10,41,0,wk inc flu hosp,2026-10-10,quantile,0.45,41.0
2026-10-10,41,0,wk inc flu hosp,2026-10-10,quantile,0.5,42.0
2026-10-10,41,0,wk inc flu hosp,2026-10-10,quantile,0.55,45.0
2026-10-10,41,0,wk inc flu hosp,2026-10-10,quantile,0.6,49.0
2026-10-10,41,0,wk inc flu hosp,2026-10-10,quantile,0.65,51.70768773167799
2026-10-10,41,0,wk inc flu hosp,2026-10-10,quantile,0.7,54.90606414691666
2026-10-10,41,0,wk inc flu hosp,2026-10-10,quantile,0.75,58.01364677431853
2026-10-10,41,0,wk inc flu hosp,2026-10-10,quantile,0.8,65.0
2026-10-10,41,0,wk inc flu hosp,2026-10-10,quantile,0.85,67.0
2026-10-10,41,0,wk inc flu hosp,2026-10-10,quantile,0.9,80.0
2026-10-10,41,0,wk inc flu hosp,2026-10-10,quantile,0.95,95.0
2026-10-10,41,0,wk inc flu hosp,2026-10-10,quantile,0.975,118.86958073154844
2026-10-10,41,0,wk inc flu hosp,2026-10-10,quantile,0.99,156.0
2026-10-10,41,1,wk inc flu hosp,2026-10-17,quantile,0.01,10.0
2026-10-10,41,1,wk inc flu hosp,2026-10-17,quantile,0.025,13.0
2026-10-10,41,1,wk inc flu hosp,2026-10-17,quantile,0.05,16.0
2026-10-10,41,1,wk inc flu hosp,2026-10-17,quantile,0.1,26.248835747874807
2026-10-10,41,1,wk inc flu hosp,2026-10-17,quantile,0.15,30.89115003972107
2026-10-10,41,1,wk inc flu hosp,2026-10-17,quantile,0.2,34.44338243207531
2026-10-10,41,1,wk inc flu hosp,2026-10-17,quantile,0.25,36.05436377648083
2026-10-10,41,1,wk inc flu hosp,2026-10-17,quantile,0.3,37.681231869904806
2026-10-10,41,1,wk inc flu hosp,2026-10-17,quantile,0.35,39.09841911603152
2026-10-10,41,1,wk inc flu hosp,2026-10-17,quantile,0.4,42.0
2026-10-10,41,1,wk inc flu hosp,2026-10-17,quantile,0.45,47.0
2026-10-10,41,1,wk inc flu hosp,2026-10-17,quantile,0.5,50.0
2026-10-10,41,1,wk inc flu hosp,2026-10-17,quantile,0.55,55.0
2026-10-10,41,1,wk inc flu hosp,2026-10-17,quantile,0.6,60.0
2026-10-10,41,1,wk inc flu hosp,2026-10-17,quantile,0.65,65.0
2026-10-10,41,1,wk inc flu hosp,2026-10-17,quantile,0.7,70.0
2026-10-10,41,1,wk inc flu hosp,2026-10-17,quantile,0.75,76.0
2026-10-10,41,1,wk inc flu hosp,2026-10-17,quantile,0.8,85.0
2026-10-10,41,1,wk inc flu hosp,2026-10-17,quantile,0.85,91.0
2026-10-10,41,1,wk inc flu hosp,2026-10-17,quantile,0.9,111.0
2026-10-10,41,1,wk inc flu hosp,2026-10-17,quantile,0.95,131.0
2026-10-10,41,1,wk inc flu hosp,2026-10-17,quantile,0.975,163.0
2026-10-10,41,1,wk inc flu hosp,2026-10-17,quantile,0.99,205.0
2026-10-10,41,2,wk inc flu hosp,2026-10-24,quantile,0.01,10.0
2026-10-10,41,2,wk inc flu hosp,2026-10-24,quantile,0.025,13.0
2026-10-10,41,2,wk inc flu hosp,2026-10-24,quantile,0.05,17.0
2026-10-10,41,2,wk inc flu hosp,2026-10-24,quantile,0.1,25.616707360198863
2026-10-10,41,2,wk inc flu hosp,2026-10-24,quantile,0.15,33.06711085329093
2026-10-10,41,2,wk inc flu hosp,2026-10-24,quantile,0.2,33.93652727963459
2026-10-10,41,2,wk inc flu hosp,2026-10-24,quantile,0.25,37.0
2026-10-10,41,2,wk inc flu hosp,2026-10-24,quantile,0.3,43.0
2026-10-10,41,2,wk inc flu hosp,2026-10-24,quantile,0.35,49.0
2026-10-10,41,2,wk inc flu hosp,2026-10-24,quantile,0.4,52.0
2026-10-10,41,2,wk inc flu hosp,2026-10-24,quantile,0.45,57.0
2026-10-10,41,2,wk inc flu hosp,2026-10-24,quantile,0.5,63.0
2026-10-10,41,2,wk inc flu hosp,2026-10-24,quantile,0.55,70.0
2026-10-10,41,2,wk inc flu hosp,2026-10-24,quantile,0.6,77.0
2026-10-10,41,2,wk inc flu hosp,2026-10-24,quantile,0.65,85.0
2026-10-10,41,2,wk inc flu hosp,2026-10-24,quantile,0.7,94.0
2026-10-10,41,2,wk inc flu hosp,2026-10-24,quantile,0.75,105.0
2026-10-10,41,2,wk inc flu hosp,2026-10-24,quantile,0.8,114.0
2026-10-10,41,2,wk inc flu hosp,2026-10-24,quantile,0.85,130.0
2026-10-10,41,2,wk inc flu hosp,2026-10-24,quantile,0.9,166.0
2026-10-10,41,2,wk inc flu hosp,2026-10-24,quantile,0.95,213.0
2026-10-10,41,2,wk inc flu hosp,2026-10-24,quantile,0.975,250.0
2026-10-10,41,2,wk inc flu hosp,2026-10-24,quantile,0.99,326.0
2026-10-10,41,3,wk inc flu hosp,2026-10-31,quantile,0.01,9.0
2026-10-10,41,3,wk inc flu hosp,2026-10-31,quantile,0.025,13.0
2026-10-10,41,3,wk inc flu hosp,2026-10-31,quantile,0.05,18.0
2026-10-10,41,3,wk inc flu hosp,2026-10-31,quantile,0.1,29.84779558052451
2026-10-10,41,3,wk inc flu hosp,2026-10-31,quantile,0.15,33.66115605855872
2026-10-10,41,3,wk inc flu hosp,2026-10-31,quantile,0.2,39.38770041173712
2026-10-10,41,3,wk inc flu hosp,2026-10-31,quantile,0.25,46.0
2026-10-10,41,3,wk inc flu hosp,2026-10-31,quantile,0.3,50.0
2026-10-10,41,3,wk inc flu hosp,2026-10-31,quantile,0.35,55.0
2026-10-10,41,3,wk inc flu hosp,2026-10-31,quantile,0.4,62.0
2026-10-10,41,3,wk inc flu hosp,2026-10-31,quantile,0.45,70.0
2026-10-10,41,3,wk inc flu hosp,2026-10-31,quantile,0.5,78.0
2026-10-10,41,3,wk inc flu hosp,2026-10-31,quantile,0.55,87.0
2026-10-10,41,3,wk inc flu hosp,2026-10-31,quantile,0.6,98.0
2026-10-10,41,3,wk inc flu hosp,2026-10-31,quantile,0.65,111.0
2026-10-10,41,3,wk inc flu hosp,2026-10-31,quantile,0.7,126.0
2026-10-10,41,3,wk inc flu hosp,2026-10-31,quantile,0.75,140.0
2026-10-10,41,3,wk inc flu hosp,2026-10-31,quantile,0.8,154.0
2026-10-10,41,3,wk inc flu hosp,2026-10-31,quantile,0.85,186.0
2026-10-10,41,3,wk inc flu hosp,2026-10-31,quantile,0.9,230.0
2026-10-10,41,3,wk inc flu hosp,2026-10-31,quantile,0.95,322.0
2026-10-10,41,3,wk inc flu hosp,2026-10-31,quantile,0.975,415.0
2026-10-10,41,3,wk inc flu hosp,2026-10-31,quantile,0.99,535.0
2026-10-10,42,0,wk inc flu hosp,2026-10-10,quantile,0.01,94.5
2026-10-10,42,0,wk inc flu hosp,2026-10-10,quantile,0.025,109.0
2026-10-10,42,0,wk inc flu hosp,2026-10-10,quantile,0.05,120.0
2026-10-10,42,0,wk inc flu hosp,2026-10-10,quantile,0.1,136.5
2026-10-10,42,0,wk inc flu hosp,2026-10-10,quantile,0.15,147.0
2026-10-10,42,0,wk inc flu hosp,2026-10-10,quantile,0.2,157.0
2026-10-10,42,0,wk inc flu hosp,2026-10-10,quantile,0.25,164.5
2026-10-10,42,0,wk inc flu hosp,2026-10-10,quantile,0.3,171.5
2026-10-10,42,0,wk inc flu hosp,2026-10-10,quantile,0.35,179.5
2026-10-10,42,0,wk inc flu hosp,2026-10-10,quantile,0.4,186.0
2026-10-10,42,0,wk inc flu hosp,2026-10-10,quantile,0.45,192.5
2026-10-10,42,0,wk inc flu hosp,2026-10-10,quantile,0.5,199.0
2026-10-10,42,0,wk inc flu hosp,2026-10-10,quantile,0.55,205.0
2026-10-10,42,0,wk inc flu hosp,2026-10-10,quantile,0.6,213.5
2026-10-10,42,0,wk inc flu hosp,2026-10-10,quantile,0.65,221.5
2026-10-10,42,0,wk inc flu hosp,2026-10-10,quantile,0.7,231.5
2026-10-10,42,0,wk inc flu hosp,2026-10-10,quantile,0.75,245.0
2026-10-10,42,0,wk inc flu hosp,2026-10-10,quantile,0.8,257.5
2026-10-10,42,0,wk inc flu hosp,2026-10-10,quantile,0.85,273.5
2026-10-10,42,0,wk inc flu hosp,2026-10-10,quantile,0.9,294.5
2026-10-10,42,0,wk inc flu hosp,2026-10-10,quantile,0.95,336.5
2026-10-10,42,0,wk inc flu hosp,2026-10-10,quantile,0.975,385.0
2026-10-10,42,0,wk inc flu hosp,2026-10-10,quantile,0.99,450.5
2026-10-10,42,1,wk inc flu hosp,2026-10-17,quantile,0.01,86.0
2026-10-10,42,1,wk inc flu hosp,2026-10-17,quantile,0.025,104.0
2026-10-10,42,1,wk inc flu hosp,2026-10-17,quantile,0.05,116.5
2026-10-10,42,1,wk inc flu hosp,2026-10-17,quantile,0.1,136.5
2026-10-10,42,1,wk inc flu hosp,2026-10-17,quantile,0.15,150.5
2026-10-10,42,1,wk inc flu hosp,2026-10-17,quantile,0.2,161.0
2026-10-10,42,1,wk inc flu hosp,2026-10-17,quantile,0.25,171.5
2026-10-10,42,1,wk inc flu hosp,2026-10-17,quantile,0.3,181.0
2026-10-10,42,1,wk inc flu hosp,2026-10-17,quantile,0.35,191.5
2026-10-10,42,1,wk inc flu hosp,2026-10-17,quantile,0.4,200.0
2026-10-10,42,1,wk inc flu hosp,2026-10-17,quantile,0.45,207.5
2026-10-10,42,1,wk inc flu hosp,2026-10-17,quantile,0.5,214.5
2026-10-10,42,1,wk inc flu hosp,2026-10-17,quantile,0.55,221.5
2026-10-10,42,1,wk inc flu hosp,2026-10-17,quantile,0.6,231.5
2026-10-10,42,1,wk inc flu hosp,2026-10-17,quantile,0.65,242.0
2026-10-10,42,1,wk inc flu hosp,2026-10-17,quantile,0.7,253.5
2026-10-10,42,1,wk inc flu hosp,2026-10-17,quantile,0.75,262.5
2026-10-10,42,1,wk inc flu hosp,2026-10-17,quantile,0.8,278.0
2026-10-10,42,1,wk inc flu hosp,2026-10-17,quantile,0.85,299.5
2026-10-10,42,1,wk inc flu hosp,2026-10-17,quantile,0.9,344.5
2026-10-10,42,1,wk inc flu hosp,2026-10-17,quantile,0.95,413.0
2026-10-10,42,1,wk inc flu hosp,2026-10-17,quantile,0.975,482.0
2026-10-10,42,1,wk inc flu hosp,2026-10-17,quantile,0.99,571.0
2026-10-10,42,2,wk inc flu hosp,2026-10-24,quantile,0.01,86.5
2026-10-10,42,2,wk inc flu hosp,2026-10-24,quantile,0.025,100.0
2026-10-10,42,2,wk inc flu hosp,2026-10-24,quantile,0.05,115.0
2026-10-10,42,2,wk inc flu hosp,2026-10-24,quantile,0.1,136.5
2026-10-10,42,2,wk inc flu hosp,2026-10-24,quantile,0.15,156.80643574175997
2026-10-10,42,2,wk inc flu hosp,2026-10-24,quantile,0.2,171.0
2026-10-10,42,2,wk inc flu hosp,2026-10-24,quantile,0.25,186.5
2026-10-10,42,2,wk inc flu hosp,2026-10-24,quantile,0.3,201.0
2026-10-10,42,2,wk inc flu hosp,2026-10-24,quantile,0.35,213.5
2026-10-10,42,2,wk inc flu hosp,2026-10-24,quantile,0.4,226.5
2026-10-10,42,2,wk inc flu hosp,2026-10-24,quantile,0.45,236.5
2026-10-10,42,2,wk inc flu hosp,2026-10-24,quantile,0.5,246.5
2026-10-10,42,2,wk inc flu hosp,2026-10-24,quantile,0.55,258.0
2026-10-10,42,2,wk inc flu hosp,2026-10-24,quantile,0.6,274.0
2026-10-10,42,2,wk inc flu hosp,2026-10-24,quantile,0.65,288.0
2026-10-10,42,2,wk inc flu hosp,2026-10-24,quantile,0.7,314.5
2026-10-10,42,2,wk inc flu hosp,2026-10-24,quantile,0.75,342.5
2026-10-10,42,2,wk inc flu hosp,2026-10-24,quantile,0.8,382.0
2026-10-10,42,2,wk inc flu hosp,2026-10-24,quantile,0.85,431.0
2026-10-10,42,2,wk inc flu hosp,2026-10-24,quantile,0.9,532.0
2026-10-10,42,2,wk inc flu hosp,2026-10-24,quantile,0.95,632.0
2026-10-10,42,2,wk inc flu hosp,2026-10-24,quantile,0.975,739.5
2026-10-10,42,2,wk inc flu hosp,2026-10-24,quantile,0.99,913.5
2026-10-10,42,3,wk inc flu hosp,2026-10-31,quantile,0.01,80.5
2026-10-10,42,3,wk inc flu hosp,2026-10-31,quantile,0.025,100.0
2026-10-10,42,3,wk inc flu hosp,2026-10-31,quantile,0.05,115.5
2026-10-10,42,3,wk inc flu hosp,2026-10-31,quantile,0.1,142.17697564948537
2026-10-10,42,3,wk inc flu hosp,2026-10-31,quantile,0.15,159.0
2026-10-10,42,3,wk inc flu hosp,2026-10-31,quantile,0.2,179.5
2026-10-10,42,3,wk inc flu hosp,2026-10-31,quantile,0.25,199.0
2026-10-10,42,3,wk inc flu hosp,2026-10-31,quantile,0.3,218.0
2026-10-10,42,3,wk inc flu hosp,2026-10-31,quantile,0.35,236.5
2026-10-10,42,3,wk inc flu hosp,2026-10-31,quantile,0.4,256.0
2026-10-10,42,3,wk inc flu hosp,2026-10-31,quantile,0.45,269.5
2026-10-10,42,3,wk inc flu hosp,2026-10-31,quantile,0.5,286.5
2026-10-10,42,3,wk inc flu hosp,2026-10-31,quantile,0.55,307.5
2026-10-10,42,3,wk inc flu hosp,2026-10-31,quantile,0.6,341.0
2026-10-10,42,3,wk inc flu hosp,2026-10-31,quantile,0.65,382.0
2026-10-10,42,3,wk inc flu hosp,2026-10-31,quantile,0.7,442.5
2026-10-10,42,3,wk inc flu hosp,2026-10-31,quantile,0.75,472.5
2026-10-10,42,3,wk inc flu hosp,2026-10-31,quantile,0.8,544.0
2026-10-10,42,3,wk inc flu hosp,2026-10-31,quantile,0.85,629.0
2026-10-10,42,3,wk inc flu hosp,2026-10-31,quantile,0.9,752.5
2026-10-10,42,3,wk inc flu hosp,2026-10-31,quantile,0.95,960.5
2026-10-10,42,3,wk inc flu hosp,2026-10-31,quantile,0.975,1190.0
2026-10-10,42,3,wk inc flu hosp,2026-10-31,quantile,0.99,1492.5
2026-10-10,44,0,wk inc flu hosp,2026-10-10,quantile,0.01,1.0
2026-10-10,44,0,wk inc flu hosp,2026-10-10,quantile,0.025,2.0
2026-10-10,44,0,wk inc flu hosp,2026-10-10,quantile,0.05,2.5
2026-10-10,44,0,wk inc flu hosp,2026-10-10,quantile,0.1,3.5
2026-10-10,44,0,wk inc flu hosp,2026-10-10,quantile,0.15,4.0
2026-10-10,44,0,wk inc flu hosp,2026-10-10,quantile,0.2,5.0
2026-10-10,44,0,wk inc flu hosp,2026-10-10,quantile,0.25,5.5
2026-10-10,44,0,wk inc flu hosp,2026-10-10,quantile,0.3,6.0
2026-10-10,44,0,wk inc flu hosp,2026-10-10,quantile,0.35,6.5
2026-10-10,44,0,wk inc flu hosp,2026-10-10,quantile,0.4,6.5
2026-10-10,44,0,wk inc flu hosp,2026-10-10,quantile,0.45,7.5
2026-10-10,44,0,wk inc flu hosp,2026-10-10,quantile,0.5,8.0
2026-10-10,44,0,wk inc flu hosp,2026-10-10,quantile,0.55,8.5
2026-10-10,44,0,wk inc flu hosp,2026-10-10,quantile,0.6,9.0
2026-10-10,44,0,wk inc flu hosp,2026-10-10,quantile,0.65,10.0
2026-10-10,44,0,wk inc flu hosp,2026-10-10,quantile,0.7,11.0
2026-10-10,44,0,wk inc flu hosp,2026-10-10,quantile,0.75,12.0
2026-10-10,44,0,wk inc flu hosp,2026-10-10,quantile,0.8,13.5
2026-10-10,44,0,wk inc flu hosp,2026-10-10,quantile,0.85,15.0
2026-10-10,44,0,wk inc flu hosp,2026-10-10,quantile,0.9,17.5
2026-10-10,44,0,wk inc flu hosp,2026-10-10,quantile,0.95,21.0
2026-10-10,44,0,wk inc flu hosp,2026-10-10,quantile,0.975,27.0
2026-10-10,44,0,wk inc flu hosp,2026-10-10,quantile,0.99,36.5
2026-10-10,44,1,wk inc flu hosp,2026-10-17,quantile,0.01,1.0
2026-10-10,44,1,wk inc flu hosp,2026-10-17,quantile,0.025,1.5021591758393826
2026-10-10,44,1,wk inc flu hosp,2026-10-17,quantile,0.05,2.0207324985932686
2026-10-10,44,1,wk inc flu hosp,2026-10-17,quantile,0.1,3.361563933826444
2026-10-10,44,1,wk inc flu hosp,2026-10-17,quantile,0.15,4.5
2026-10-10,44,1,wk inc flu hosp,2026-10-17,quantile,0.2,5.0
2026-10-10,44,1,wk inc flu hosp,2026-10-17,quantile,0.25,5.5
2026-10-10,44,1,wk inc flu hosp,2026-10-17,quantile,0.3,6.5
2026-10-10,44,1,wk inc flu hosp,2026-10-17,quantile,0.35,7.0
2026-10-10,44,1,wk inc flu hosp,2026-10-17,quantile,0.4,8.0
2026-10-10,44,1,wk inc flu hosp,2026-10-17,quantile,0.45,9.0
2026-10-10,44,1,wk inc flu hosp,2026-10-17,quantile,0.5,9.5
2026-10-10,44,1,wk inc flu hosp,2026-10-17,quantile,0.55,10.81559837947918
2026-10-10,44,1,wk inc flu hosp,2026-10-17,quantile,0.6,11.816553961314852
2026-10-10,44,1,wk inc flu hosp,2026-10-17,quantile,0.65,12.764247296078548
2026-10-10,44,1,wk inc flu hosp,2026-10-17,quantile,0.7,14.0
2026-10-10,44,1,wk inc flu hosp,2026-10-17,quantile,0.75,15.0
2026-10-10,44,1,wk inc flu hosp,2026-10-17,quantile,0.8,16.5
2026-10-10,44,1,wk inc flu hosp,2026-10-17,quantile,0.85,18.77528593124554
2026-10-10,44,1,wk inc flu hosp,2026-10-17,quantile,0.9,22.0
2026-10-10,44,1,wk inc flu hosp,2026-10-17,quantile,0.95,27.5
2026-10-10,44,1,wk inc flu hosp,2026-10-17,quantile,0.975,34.5
2026-10-10,44,1,wk inc flu hosp,2026-10-17,quantile,0.99,44.5
2026-10-10,44,2,wk inc flu hosp,2026-10-24,quantile,0.01,1.0
2026-10-10,44,2,wk inc flu hosp,2026-10-24,quantile,0.025,2.0
2026-10-10,44,2,wk inc flu hosp,2026-10-24,quantile,0.05,2.565372479241656
2026-10-10,44,2,wk inc flu hosp,2026-10-24,quantile,0.1,3.3526094476658708
2026-10-10,44,2,wk inc flu hosp,2026-10-24,quantile,0.15,5.0
2026-10-10,44,2,wk inc flu hosp,2026-10-24,quantile,0.2,6.0
2026-10-10,44,2,wk inc flu hosp,2026-10-24,quantile,0.25,6.892704329810353
2026-10-10,44,2,wk inc flu hosp,2026-10-24,quantile,0.3,7.930378900870363
2026-10-10,44,2,wk inc flu hosp,2026-10-24,quantile,0.35,9.0
2026-10-10,44,2,wk inc flu hosp,2026-10-24,quantile,0.4,10.015988596189926
2026-10-10,44,2,wk inc flu hosp,2026-10-24,quantile,0.45,11.03885359805012
2026-10-10,44,2,wk inc flu hosp,2026-10-24,quantile,0.5,11.792595439814832
2026-10-10,44,2,wk inc flu hosp,2026-10-24,quantile,0.55,13.59684269676018
2026-10-10,44,2,wk inc flu hosp,2026-10-24,quantile,0.6,15.0
2026-10-10,44,2,wk inc flu hosp,2026-10-24,quantile,0.65,17.0
2026-10-10,44,2,wk inc flu hosp,2026-10-24,quantile,0.7,19.5
2026-10-10,44,2,wk inc flu hosp,2026-10-24,quantile,0.75,22.5
2026-10-10,44,2,wk inc flu hosp,2026-10-24,quantile,0.8,25.0
2026-10-10,44,2,wk inc flu hosp,2026-10-24,quantile,0.85,28.0
2026-10-10,44,2,wk inc flu hosp,2026-10-24,quantile,0.9,34.25247268024539
2026-10-10,44,2,wk inc flu hosp,2026-10-24,quantile,0.95,44.5618365138822
2026-10-10,44,2,wk inc flu hosp,2026-10-24,quantile,0.975,60.0
2026-10-10,44,2,wk inc flu hosp,2026-10-24,quantile,0.99,80.5
2026-10-10,44,3,wk inc flu hosp,2026-10-31,quantile,0.01,1.0
2026-10-10,44,3,wk inc flu hosp,2026-10-31,quantile,0.025,2.0
2026-10-10,44,3,wk inc flu hosp,2026-10-31,quantile,0.05,3.0
2026-10-10,44,3,wk inc flu hosp,2026-10-31,quantile,0.1,4.0
2026-10-10,44,3,wk inc flu hosp,2026-10-31,quantile,0.15,5.088732502165147
2026-10-10,44,3,wk inc flu hosp,2026-10-31,quantile,0.2,6.729110566156872
2026-10-10,44,3,wk inc flu hosp,2026-10-31,quantile,0.25,8.032780077304402
2026-10-10,44,3,wk inc flu hosp,2026-10-31,quantile,0.3,9.15827005135627
2026-10-10,44,3,wk inc flu hosp,2026-10-31,quantile,0.35,11.010012262277568
2026-10-10,44,3,wk inc flu hosp,2026-10-31,quantile,0.4,11.804655406259235
2026-10-10,44,3,wk inc flu hosp,2026-10-31,quantile,0.45,13.0
2026-10-10,44,3,wk inc flu hosp,2026-10-31,quantile,0.5,15.0
2026-10-10,44,3,wk inc flu hosp,2026-10-31,quantile,0.55,17.0
2026-10-10,44,3,wk inc flu hosp,2026-10-31,quantile,0.6,20.5
2026-10-10,44,3,wk inc flu hosp,2026-10-31,quantile,0.65,24.0
2026-10-10,44,3,wk inc flu hosp,2026-10-31,quantile,0.7,28.5
2026-10-10,44,3,wk inc flu hosp,2026-10-31,quantile,0.75,32.5
2026-10-10,44,3,wk inc flu hosp,2026-10-31,quantile,0.8,36.5
2026-10-10,44,3,wk inc flu hosp,2026-10-31,quantile,0.85,42.0
2026-10-10,44,3,wk inc flu hosp,2026-10-31,quantile,0.9,49.5
2026-10-10,44,3,wk inc flu hosp,2026-10-31,quantile,0.95,65.0
2026-10-10,44,3,wk inc flu hosp,2026-10-31,quantile,0.975,90.5
2026-10-10,44,3,wk inc flu hosp,2026-10-31,quantile,0.99,127.0
2026-10-10,45,0,wk inc flu hosp,2026-10-10,quantile,0.01,12.5
2026-10-10,45,0,wk inc flu hosp,2026-10-10,quantile,0.025,16.95776518488355
2026-10-10,45,0,wk inc flu hosp,2026-10-10,quantile,0.05,22.0
2026-10-10,45,0,wk inc flu hosp,2026-10-10,quantile,0.1,25.5
2026-10-10,45,0,wk inc flu hosp,2026-10-10,quantile,0.15,28.5
2026-10-10,45,0,wk inc flu hosp,2026-10-10,quantile,0.2,31.0
2026-10-10,45,0,wk inc flu hosp,2026-10-10,quantile,0.25,33.0
2026-10-10,45,0,wk inc flu hosp,2026-10-10,quantile,0.3,35.0
2026-10-10,45,0,wk inc flu hosp,2026-10-10,quantile,0.35,37.0
2026-10-10,45,0,wk inc flu hosp,2026-10-10,quantile,0.4,39.0
2026-10-10,45,0,wk inc flu hosp,2026-10-10,quantile,0.45,40.0
2026-10-10,45,0,wk inc flu hosp,2026-10-10,quantile,0.5,42.0
2026-10-10,45,0,wk inc flu hosp,2026-10-10,quantile,0.55,45.5
2026-10-10,45,0,wk inc flu hosp,2026-10-10,quantile,0.6,48.0
2026-10-10,45,0,wk inc flu hosp,2026-10-10,quantile,0.65,51.5
2026-10-10,45,0,wk inc flu hosp,2026-10-10,quantile,0.7,55.0
2026-10-10,45,0,wk inc flu hosp,2026-10-10,quantile,0.75,59.5
2026-10-10,45,0,wk inc flu hosp,2026-10-10,quantile,0.8,64.5
2026-10-10,45,0,wk inc flu hosp,2026-10-10,quantile,0.85,69.5
2026-10-10,45,0,wk inc flu hosp,2026-10-10,quantile,0.9,80.0
2026-10-10,45,0,wk inc flu hosp,2026-10-10,quantile,0.95,96.0
2026-10-10,45,0,wk inc flu hosp,2026-10-10,quantile,0.975,118.5
2026-10-10,45,0,wk inc flu hosp,2026-10-10,quantile,0.99,156.5
2026-10-10,45,1,wk inc flu hosp,2026-10-17,quantile,0.01,12.0
2026-10-10,45,1,wk inc flu hosp,2026-10-17,quantile,0.025,16.0
2026-10-10,45,1,wk inc flu hosp,2026-10-17,quantile,0.05,19.0
2026-10-10,45,1,wk inc flu hosp,2026-10-17,quantile,0.1,25.567047564875864
2026-10-10,45,1,wk inc flu hosp,2026-10-17,quantile,0.15,29.155133313877194
2026-10-10,45,1,wk inc flu hosp,2026-10-17,quantile,0.2,33.2501340648773
2026-10-10,45,1,wk inc flu hosp,2026-10-17,quantile,0.25,36.5
2026-10-10,45,1,wk inc flu hosp,2026-10-17,quantile,0.3,39.0
2026-10-10,45,1,wk inc flu hosp,2026-10-17,quantile,0.35,41.5
2026-10-10,45,1,wk inc flu hosp,2026-10-17,quantile,0.4,44.5
2026-10-10,45,1,wk inc flu hosp,2026-10-17,quantile,0.45,47.0
2026-10-10,45,1,wk inc flu hosp,2026-10-17,quantile,0.5,51.5
2026-10-10,45,1,wk inc flu hosp,2026-10-17,quantile,0.55,55.087377431458805
2026-10-10,45,1,wk inc flu hosp,2026-10-17,quantile,0.6,57.83446262497508
2026-10-10,45,1,wk inc flu hosp,2026-10-17,quantile,0.65,62.44035017703386
2026-10-10,45,1,wk inc flu hosp,2026-10-17,quantile,0.7,66.68388063510824
2026-10-10,45,1,wk inc flu hosp,2026-10-17,quantile,0.75,72.83506133588229
2026-10-10,45,1,wk inc flu hosp,2026-10-17,quantile,0.8,76.49895126772742
2026-10-10,45,1,wk inc flu hosp,2026-10-17,quantile,0.85,82.0
2026-10-10,45,1,wk inc flu hosp,2026-10-17,quantile,0.9,95.0
2026-10-10,45,1,wk inc flu hosp,2026-10-17,quantile,0.95,107.5
2026-10-10,45,1,wk inc flu hosp,2026-10-17,quantile,0.975,127.5
2026-10-10,45,1,wk inc flu hosp,2026-10-17,quantile,0.99,164.0
2026-10-10,45,2,wk inc flu hosp,2026-10-24,quantile,0.01,11.0
2026-10-10,45,2,wk inc flu hosp,2026-10-24,quantile,0.025,14.0
2026-10-10,45,2,wk inc flu hosp,2026-10-24,quantile,0.05,17.0
2026-10-10,45,2,wk inc flu hosp,2026-10-24,quantile,0.1,24.89856318762763
2026-10-10,45,2,wk inc flu hosp,2026-10-24,quantile,0.15,31.611259762158593
2026-10-10,45,2,wk inc flu hosp,2026-10-24,quantile,0.2,36.5819298702218
2026-10-10,45,2,wk inc flu hosp,2026-10-24,quantile,0.25,40.707073435431866
2026-10-10,45,2,wk inc flu hosp,2026-10-24,quantile,0.3,45.0
2026-10-10,45,2,wk inc flu hosp,2026-10-24,quantile,0.35,49.0
2026-10-10,45,2,wk inc flu hosp,2026-10-24,quantile,0.4,53.5
2026-10-10,45,2,wk inc flu hosp,2026-10-24,quantile,0.45,58.57833703346536
2026-10-10,45,2,wk inc flu hosp,2026-10-24,quantile,0.5,62.34802173372293
2026-10-10,45,2,wk inc flu hosp,2026-10-24,quantile,0.55,68.86086161719176
2026-10-10,45,2,wk inc flu hosp,2026-10-24,quantile,0.6,74.37023700199343
2026-10-10,45,2,wk inc flu hosp,2026-10-24,quantile,0.65,81.03587700329558
2026-10-10,45,2,wk inc flu hosp,2026-10-24,quantile,0.7,86.78655180431824
2026-10-10,45,2,wk inc flu hosp,2026-10-24,quantile,0.75,99.5
2026-10-10,45,2,wk inc flu hosp,2026-10-24,quantile,0.8,109.5
2026-10-10,45,2,wk inc flu hosp,2026-10-24,quantile,0.85,125.5
2026-10-10,45,2,wk inc flu hosp,2026-10-24,quantile,0.9,150.5
2026-10-10,45,2,wk inc flu hosp,2026-10-24,quantile,0.95,176.0
2026-10-10,45,2,wk inc flu hosp,2026-10-24,quantile,0.975,205.0
2026-10-10,45,2,wk inc flu hosp,2026-10-24,quantile,0.99,275.5
2026-10-10,45,3,wk inc flu hosp,2026-10-31,quantile,0.01,11.0
2026-10-10,45,3,wk inc flu hosp,2026-10-31,quantile,0.025,14.0
2026-10-10,45,3,wk inc flu hosp,2026-10-31,quantile,0.05,18.648189505161554
2026-10-10,45,3,wk inc flu hosp,2026-10-31,quantile,0.1,28.79824224983864
2026-10-10,45,3,wk inc flu hosp,2026-10-31,quantile,0.15,33.900574985326536
2026-10-10,45,3,wk inc flu hosp,2026-10-31,quantile,0.2,41.5
2026-10-10,45,3,wk inc flu hosp,2026-10-31,quantile,0.25,47.0
2026-10-10,45,3,wk inc flu hosp,2026-10-31,quantile,0.3,53.0
2026-10-10,45,3,wk inc flu hosp,2026-10-31,quantile,0.35,60.0
2026-10-10,45,3,wk inc flu hosp,2026-10-31,quantile,0.4,66.52098952611496
2026-10-10,45,3,wk inc flu hosp,2026-10-31,quantile,0.45,71.28674400036152
2026-10-10,45,3,wk inc flu hosp,2026-10-31,quantile,0.5,77.0
2026-10-10,45,3,wk inc flu hosp,2026-10-31,quantile,0.55,87.5
2026-10-10,45,3,wk inc flu hosp,2026-10-31,quantile,0.6,99.0
2026-10-10,45,3,wk inc flu hosp,2026-10-31,quantile,0.65,113.5
2026-10-10,45,3,wk inc flu hosp,2026-10-31,quantile,0.7,126.0
2026-10-10,45,3,wk inc flu hosp,2026-10-31,quantile,0.75,142.0
2026-10-10,45,3,wk inc flu hosp,2026-10-31,quantile,0.8,163.5
2026-10-10,45,3,wk inc flu hosp,2026-10-31,quantile,0.85,187.5
2026-10-10,45,3,wk inc flu hosp,2026-10-31,quantile,0.9,237.5
2026-10-10,45,3,wk inc flu hosp,2026-10-31,quantile,0.95,321.5
2026-10-10,45,3,wk inc flu hosp,2026-10-31,quantile,0.975,386.0
2026-10-10,45,3,wk inc flu hosp,2026-10-31,quantile,0.99,476.5
2026-10-10,46,0,wk inc flu hosp,2026-10-10,quantile,0.01,0.1763276359346564
2026-10-10,46,0,wk inc flu hosp,2026-10-10,quantile,0.025,1.0
2026-10-10,46,0,wk inc flu hosp,2026-10-10,quantile,0.05,1.0
2026-10-10,46,0,wk inc flu hosp,2026-10-10,quantile,0.1,2.0
2026-10-10,46,0,wk inc flu hosp,2026-10-10,quantile,0.15,2.0
2026-10-10,46,0,wk inc flu hosp,2026-10-10,quantile,0.2,2.5
2026-10-10,46,0,wk inc flu hosp,2026-10-10,quantile,0.25,3.0
2026-10-10,46,0,wk inc flu hosp,2026-10-10,quantile,0.3,3.0
2026-10-10,46,0,wk inc flu hosp,2026-10-10,quantile,0.35,4.0
2026-10-10,46,0,wk inc flu hosp,2026-10-10,quantile,0.4,4.0
2026-10-10,46,0,wk inc flu hosp,2026-10-10,quantile,0.45,4.0
2026-10-10,46,0,wk inc flu hosp,2026-10-10,quantile,0.5,4.5
2026-10-10,46,0,wk inc flu hosp,2026-10-10,quantile,0.55,5.0
2026-10-10,46,0,wk inc flu hosp,2026-10-10,quantile,0.6,5.5
2026-10-10,46,0,wk inc flu hosp,2026-10-10,quantile,0.65,6.0
2026-10-10,46,0,wk inc flu hosp,2026-10-10,quantile,0.7,6.5
2026-10-10,46,0,wk inc flu hosp,2026-10-10,quantile,0.75,7.5
2026-10-10,46,0,wk inc flu hosp,2026-10-10,quantile,0.8,8.0
2026-10-10,46,0,wk inc flu hosp,2026-10-10,quantile,0.85,9.206269192558747
2026-10-10,46,0,wk inc flu hosp,2026-10-10,quantile,0.9,10.840539581258774
2026-10-10,46,0,wk inc flu hosp,2026-10-10,quantile,0.95,13.948873259908492
2026-10-10,46,0,wk inc flu hosp,2026-10-10,quantile,0.975,19.0
2026-10-10,46,0,wk inc flu hosp,2026-10-10,quantile,0.99,26.0
2026-10-10,46,1,wk inc flu hosp,2026-10-17,quantile,0.01,0.01460227518140945
2026-10-10,46,1,wk inc flu hosp,2026-10-17,quantile,0.025,1.0
2026-10-10,46,1,wk inc flu hosp,2026-10-17,quantile,0.05,1.0
2026-10-10,46,1,wk inc flu hosp,2026-10-17,quantile,0.1,2.0
2026-10-10,46,1,wk inc flu hosp,2026-10-17,quantile,0.15,2.1865724383995904
2026-10-10,46,1,wk inc flu hosp,2026-10-17,quantile,0.2,3.0
2026-10-10,46,1,wk inc flu hosp,2026-10-17,quantile,0.25,3.0
2026-10-10,46,1,wk inc flu hosp,2026-10-17,quantile,0.3,4.0
2026-10-10,46,1,wk inc flu hosp,2026-10-17,quantile,0.35,4.0
2026-10-10,46,1,wk inc flu hosp,2026-10-17,quantile,0.4,5.0
2026-10-10,46,1,wk inc flu hosp,2026-10-17,quantile,0.45,5.5
2026-10-10,46,1,wk inc flu hosp,2026-10-17,quantile,0.5,6.0
2026-10-10,46,1,wk inc flu hosp,2026-10-17,quantile,0.55,6.0
2026-10-10,46,1,wk inc flu hosp,2026-10-17,quantile,0.6,7.0
2026-10-10,46,1,wk inc flu hosp,2026-10-17,quantile,0.65,7.0
2026-10-10,46,1,wk inc flu hosp,2026-10-17,quantile,0.7,7.5
2026-10-10,46,1,wk inc flu hosp,2026-10-17,quantile,0.75,8.5
2026-10-10,46,1,wk inc flu hosp,2026-10-17,quantile,0.8,9.0
2026-10-10,46,1,wk inc flu hosp,2026-10-17,quantile,0.85,10.0
2026-10-10,46,1,wk inc flu hosp,2026-10-17,quantile,0.9,11.5
2026-10-10,46,1,wk inc flu hosp,2026-10-17,quantile,0.95,14.5
2026-10-10,46,1,wk inc flu hosp,2026-10-17,quantile,0.975,18.0
2026-10-10,46,1,wk inc flu hosp,2026-10-17,quantile,0.99,25.0
2026-10-10,46,2,wk inc flu hosp,2026-10-24,quantile,0.01,0.01746104604066715
2026-10-10,46,2,wk inc flu hosp,2026-10-24,quantile,0.025,1.0
2026-10-10,46,2,wk inc flu hosp,2026-10-24,quantile,0.05,1.7248918401787467
2026-10-10,46,2,wk inc flu hosp,2026-10-24,quantile,0.1,2.0
2026-10-10,46,2,wk inc flu hosp,2026-10-24,quantile,0.15,3.0
2026-10-10,46,2,wk inc flu hosp,2026-10-24,quantile,0.2,3.570167574398643
2026-10-10,46,2,wk inc flu hosp,2026-10-24,quantile,0.25,4.5
2026-10-10,46,2,wk inc flu hosp,2026-10-24,quantile,0.3,5.0
2026-10-10,46,2,wk inc flu hosp,2026-10-24,quantile,0.35,5.5
2026-10-10,46,2,wk inc flu hosp,2026-10-24,quantile,0.4,6.5
2026-10-10,46,2,wk inc flu hosp,2026-10-24,quantile,0.45,7.5
2026-10-10,46,2,wk inc flu hosp,2026-10-24,quantile,0.5,8.5
2026-10-10,46,2,wk inc flu hosp,2026-10-24,quantile,0.55,8.5
2026-10-10,46,2,wk inc flu hosp,2026-10-24,quantile,0.6,9.5
2026-10-10,46,2,wk inc flu hosp,2026-10-24,quantile,0.65,10.0
2026-10-10,46,2,wk inc flu hosp,2026-10-24,quantile,0.7,10.5
2026-10-10,46,2,wk inc flu hosp,2026-10-24,quantile,0.75,12.5
2026-10-10,46,2,wk inc flu hosp,2026-10-24,quantile,0.8,13.5
2026-10-10,46,2,wk inc flu hosp,2026-10-24,quantile,0.85,14.5
2026-10-10,46,2,wk inc flu hosp,2026-10-24,quantile,0.9,17.5
2026-10-10,46,2,wk inc flu hosp,2026-10-24,quantile,0.95,21.5
2026-10-10,46,2,wk inc flu hosp,2026-10-24,quantile,0.975,27.0
2026-10-10,46,2,wk inc flu hosp,2026-10-24,quantile,0.99,36.0
2026-10-10,46,3,wk inc flu hosp,2026-10-31,quantile,0.01,0.5119366986347251
2026-10-10,46,3,wk inc flu hosp,2026-10-31,quantile,0.025,1.0
2026-10-10,46,3,wk inc flu hosp,2026-10-31,quantile,0.05,2.0
2026-10-10,46,3,wk inc flu hosp,2026-10-31,quantile,0.1,3.0
2026-10-10,46,3,wk inc flu hosp,2026-10-31,quantile,0.15,4.0
2026-10-10,46,3,wk inc flu hosp,2026-10-31,quantile,0.2,4.5
2026-10-10,46,3,wk inc flu hosp,2026-10-31,quantile,0.25,5.5
2026-10-10,46,3,wk inc flu hosp,2026-10-31,quantile,0.3,6.5
2026-10-10,46,3,wk inc flu hosp,2026-10-31,quantile,0.35,7.5
2026-10-10,46,3,wk inc flu hosp,2026-10-31,quantile,0.4,8.5
2026-10-10,46,3,wk inc flu hosp,2026-10-31,quantile,0.45,9.5
2026-10-10,46,3,wk inc flu hosp,2026-10-31,quantile,0.5,11.0
2026-10-10,46,3,wk inc flu hosp,2026-10-31,quantile,0.55,12.0
2026-10-10,46,3,wk inc flu hosp,2026-10-31,quantile,0.6,13.5
2026-10-10,46,3,wk inc flu hosp,2026-10-31,quantile,0.65,14.5
2026-10-10,46,3,wk inc flu hosp,2026-10-31,quantile,0.7,16.0
2026-10-10,46,3,wk inc flu hosp,2026-10-31,quantile,0.75,17.5
2026-10-10,46,3,wk inc flu hosp,2026-10-31,quantile,0.8,19.5
2026-10-10,46,3,wk inc flu hosp,2026-10-31,quantile,0.85,22.0
2026-10-10,46,3,wk inc flu hosp,2026-10-31,quantile,0.9,27.0
2026-10-10,46,3,wk inc flu hosp,2026-10-31,quantile,0.95,37.0
2026-10-10,46,3,wk inc flu hosp,2026-10-31,quantile,0.975,46.0
2026-10-10,46,3,wk inc flu hosp,2026-10-31,quantile,0.99,59.0
2026-10-10,47,0,wk inc flu hosp,2026-10-10,quantile,0.01,33.0
2026-10-10,47,0,wk inc flu hosp,2026-10-10,quantile,0.025,40.5
2026-10-10,47,0,wk inc flu hosp,2026-10-10,quantile,0.05,48.0
2026-10-10,47,0,wk inc flu hosp,2026-10-10,quantile,0.1,56.5
2026-10-10,47,0,wk inc flu hosp,2026-10-10,quantile,0.15,61.0
2026-10-10,47,0,wk inc flu hosp,2026-10-10,quantile,0.2,66.5
2026-10-10,47,0,wk inc flu hosp,2026-10-10,quantile,0.25,70.5
2026-10-10,47,0,wk inc flu hosp,2026-10-10,quantile,0.3,74.5
2026-10-10,47,0,wk inc flu hosp,2026-10-10,quantile,0.35,77.5
2026-10-10,47,0,wk inc flu hosp,2026-10-10,quantile,0.4,81.0
2026-10-10,47,0,wk inc flu hosp,2026-10-10,quantile,0.45,85.0
2026-10-10,47,0,wk inc flu hosp,2026-10-10,quantile,0.5,88.5
2026-10-10,47,0,wk inc flu hosp,2026-10-10,quantile,0.55,92.5
2026-10-10,47,0,wk inc flu hosp,2026-10-10,quantile,0.6,97.5
2026-10-10,47,0,wk inc flu hosp,2026-10-10,quantile,0.65,102.5
2026-10-10,47,0,wk inc flu hosp,2026-10-10,quantile,0.7,107.18893749643732
2026-10-10,47,0,wk inc flu hosp,2026-10-10,quantile,0.75,111.52815437225055
2026-10-10,47,0,wk inc flu hosp,2026-10-10,quantile,0.8,118.93510295984214
2026-10-10,47,0,wk inc flu hosp,2026-10-10,quantile,0.85,125.46277517044251
2026-10-10,47,0,wk inc flu hosp,2026-10-10,quantile,0.9,139.28183807824792
2026-10-10,47,0,wk inc flu hosp,2026-10-10,quantile,0.95,167.69779068521348
2026-10-10,47,0,wk inc flu hosp,2026-10-10,quantile,0.975,201.0
2026-10-10,47,0,wk inc flu hosp,2026-10-10,quantile,0.99,242.0
2026-10-10,47,1,wk inc flu hosp,2026-10-17,quantile,0.01,31.5
2026-10-10,47,1,wk inc flu hosp,2026-10-17,quantile,0.025,40.0
2026-10-10,47,1,wk inc flu hosp,2026-10-17,quantile,0.05,45.0
2026-10-10,47,1,wk inc flu hosp,2026-10-17,quantile,0.1,57.89046253415171
2026-10-10,47,1,wk inc flu hosp,2026-10-17,quantile,0.15,66.0551995073902
2026-10-10,47,1,wk inc flu hosp,2026-10-17,quantile,0.2,71.91011603921083
2026-10-10,47,1,wk inc flu hosp,2026-10-17,quantile,0.25,78.0
2026-10-10,47,1,wk inc flu hosp,2026-10-17,quantile,0.3,82.5
2026-10-10,47,1,wk inc flu hosp,2026-10-17,quantile,0.35,87.48102720396876
2026-10-10,47,1,wk inc flu hosp,2026-10-17,quantile,0.4,92.38697739462322
2026-10-10,47,1,wk inc flu hosp,2026-10-17,quantile,0.45,97.31594466849845
2026-10-10,47,1,wk inc flu hosp,2026-10-17,quantile,0.5,100.84968980267158
2026-10-10,47,1,wk inc flu hosp,2026-10-17,quantile,0.55,103.4221435484254
2026-10-10,47,1,wk inc flu hosp,2026-10-17,quantile,0.6,108.9444435303256
2026-10-10,47,1,wk inc flu hosp,2026-10-17,quantile,0.65,114.09328442811747
2026-10-10,47,1,wk inc flu hosp,2026-10-17,quantile,0.7,118.68282177306244
2026-10-10,47,1,wk inc flu hosp,2026-10-17,quantile,0.75,123.57661506563481
2026-10-10,47,1,wk inc flu hosp,2026-10-17,quantile,0.8,132.03096512338652
2026-10-10,47,1,wk inc flu hosp,2026-10-17,quantile,0.85,138.0907963427111
2026-10-10,47,1,wk inc flu hosp,2026-10-17,quantile,0.9,156.0
2026-10-10,47,1,wk inc flu hosp,2026-10-17,quantile,0.95,185.5
2026-10-10,47,1,wk inc flu hosp,2026-10-17,quantile,0.975,212.5
2026-10-10,47,1,wk inc flu hosp,2026-10-17,quantile,0.99,264.5
2026-10-10,47,2,wk inc flu hosp,2026-10-24,quantile,0.01,31.0
2026-10-10,47,2,wk inc flu hosp,2026-10-24,quantile,0.025,39.5
2026-10-10,47,2,wk inc flu hosp,2026-10-24,quantile,0.05,48.5
2026-10-10,47,2,wk inc flu hosp,2026-10-24,quantile,0.1,61.5
2026-10-10,47,2,wk inc flu hosp,2026-10-24,quantile,0.15,72.77866173370388
2026-10-10,47,2,wk inc flu hosp,2026-10-24,quantile,0.2,79.5
2026-10-10,47,2,wk inc flu hosp,2026-10-24,quantile,0.25,86.5
2026-10-10,47,2,wk inc flu hosp,2026-10-24,quantile,0.3,94.48828955676714
2026-10-10,47,2,wk inc flu hosp,2026-10-24,quantile,0.35,101.88068430799872
2026-10-10,47,2,wk inc flu hosp,2026-10-24,quantile,0.4,107.8679550966317
2026-10-10,47,2,wk inc flu hosp,2026-10-24,quantile,0.45,111.99183628876165
2026-10-10,47,2,wk inc flu hosp,2026-10-24,quantile,0.5,120.46619550492636
2026-10-10,47,2,wk inc flu hosp,2026-10-24,quantile,0.55,126.49211375216784
2026-10-10,47,2,wk inc flu hosp,2026-10-24,quantile,0.6,131.04878029461543
2026-10-10,47,2,wk inc flu hosp,2026-10-24,quantile,0.65,138.3588065468983
2026-10-10,47,2,wk inc flu hosp,2026-10-24,quantile,0.7,147.51686650097176
2026-10-10,47,2,wk inc flu hosp,2026-10-24,quantile,0.75,154.5
2026-10-10,47,2,wk inc flu hosp,2026-10-24,quantile,0.8,169.5
2026-10-10,47,2,wk inc flu hosp,2026-10-24,quantile,0.85,184.0
2026-10-10,47,2,wk inc flu hosp,2026-10-24,quantile,0.9,212.0
2026-10-10,47,2,wk inc flu hosp,2026-10-24,quantile,0.95,281.5
2026-10-10,47,2,wk inc flu hosp,2026-10-24,quantile,0.975,305.5
2026-10-10,47,2,wk inc flu hosp,2026-10-24,quantile,0.99,404.5729135207389
2026-10-10,47,3,wk inc flu hosp,2026-10-31,quantile,0.01,33.0
2026-10-10,47,3,wk inc flu hosp,2026-10-31,quantile,0.025,40.5
2026-10-10,47,3,wk inc flu hosp,2026-10-31,quantile,0.05,51.5
2026-10-10,47,3,wk inc flu hosp,2026-10-31,quantile,0.1,66.77290121760305
2026-10-10,47,3,wk inc flu hosp,2026-10-31,quantile,0.15,76.0
2026-10-10,47,3,wk inc flu hosp,2026-10-31,quantile,0.2,89.85449624493651
2026-10-10,47,3,wk inc flu hosp,2026-10-31,quantile,0.25,97.58432390534354
2026-10-10,47,3,wk inc flu hosp,2026-10-31,quantile,0.3,106.77666950202536
2026-10-10,47,3,wk inc flu hosp,2026-10-31,quantile,0.35,113.83135817785124
2026-10-10,47,3,wk inc flu hosp,2026-10-31,quantile,0.4,123.56314627994598
2026-10-10,47,3,wk inc flu hosp,2026-10-31,quantile,0.45,131.5
2026-10-10,47,3,wk inc flu hosp,2026-10-31,quantile,0.5,138.5
2026-10-10,47,3,wk inc flu hosp,2026-10-31,quantile,0.55,149.0
2026-10-10,47,3,wk inc flu hosp,2026-10-31,quantile,0.6,161.5
2026-10-10,47,3,wk inc flu hosp,2026-10-31,quantile,0.65,178.0
2026-10-10,47,3,wk inc flu hosp,2026-10-31,quantile,0.7,191.0
2026-10-10,47,3,wk inc flu hosp,2026-10-31,quantile,0.75,208.0
2026-10-10,47,3,wk inc flu hosp,2026-10-31,quantile,0.8,243.0
2026-10-10,47,3,wk inc flu hosp,2026-10-31,quantile,0.85,265.5
2026-10-10,47,3,wk inc flu hosp,2026-10-31,quantile,0.9,311.5
2026-10-10,47,3,wk inc flu hosp,2026-10-31,quantile,0.95,424.0
2026-10-10,47,3,wk inc flu hosp,2026-10-31,quantile,0.975,497.5
2026-10-10,47,3,wk inc flu hosp,2026-10-31,quantile,0.99,601.0
2026-10-10,48,0,wk inc flu hosp,2026-10-10,quantile,0.01,168.5
2026-10-10,48,0,wk inc flu hosp,2026-10-10,quantile,0.025,207.5
2026-10-10,48,0,wk inc flu hosp,2026-10-10,quantile,0.05,240.5
2026-10-10,48,0,wk inc flu hosp,2026-10-10,quantile,0.1,276.5
2026-10-10,48,0,wk inc flu hosp,2026-10-10,quantile,0.15,297.5
2026-10-10,48,0,wk inc flu hosp,2026-10-10,quantile,0.2,317.5
2026-10-10,48,0,wk inc flu hosp,2026-10-10,quantile,0.25,330.5
2026-10-10,48,0,wk inc flu hosp,2026-10-10,quantile,0.3,343.5
2026-10-10,48,0,wk inc flu hosp,2026-10-10,quantile,0.35,355.9261790455133
2026-10-10,48,0,wk inc flu hosp,2026-10-10,quantile,0.4,368.25218667352647
2026-10-10,48,0,wk inc flu hosp,2026-10-10,quantile,0.45,381.96189112332206
2026-10-10,48,0,wk inc flu hosp,2026-10-10,quantile,0.5,395.6184915300671
2026-10-10,48,0,wk inc flu hosp,2026-10-10,quantile,0.55,412.9766185056261
2026-10-10,48,0,wk inc flu hosp,2026-10-10,quantile,0.6,430.0508677076971
2026-10-10,48,0,wk inc flu hosp,2026-10-10,quantile,0.65,448.7790518025075
2026-10-10,48,0,wk inc flu hosp,2026-10-10,quantile,0.7,463.7865217861977
2026-10-10,48,0,wk inc flu hosp,2026-10-10,quantile,0.75,478.4081124108545
2026-10-10,48,0,wk inc flu hosp,2026-10-10,quantile,0.8,496.0207152467499
2026-10-10,48,0,wk inc flu hosp,2026-10-10,quantile,0.85,524.2562189103501
2026-10-10,48,0,wk inc flu hosp,2026-10-10,quantile,0.9,566.3843034902341
2026-10-10,48,0,wk inc flu hosp,2026-10-10,quantile,0.95,663.5162088183833
2026-10-10,48,0,wk inc flu hosp,2026-10-10,quantile,0.975,797.5
2026-10-10,48,0,wk inc flu hosp,2026-10-10,quantile,0.99,973.5
2026-10-10,48,1,wk inc flu hosp,2026-10-17,quantile,0.01,160.5
2026-10-10,48,1,wk inc flu hosp,2026-10-17,quantile,0.025,200.5
2026-10-10,48,1,wk inc flu hosp,2026-10-17,quantile,0.05,223.5
2026-10-10,48,1,wk inc flu hosp,2026-10-17,quantile,0.1,268.2233658528096
2026-10-10,48,1,wk inc flu hosp,2026-10-17,quantile,0.15,291.5
2026-10-10,48,1,wk inc flu hosp,2026-10-17,quantile,0.2,318.5
2026-10-10,48,1,wk inc flu hosp,2026-10-17,quantile,0.25,348.0
2026-10-10,48,1,wk inc flu hosp,2026-10-17,quantile,0.3,371.0
2026-10-10,48,1,wk inc flu hosp,2026-10-17,quantile,0.35,385.0
2026-10-10,48,1,wk inc flu hosp,2026-10-17,quantile,0.4,404.0
2026-10-10,48,1,wk inc flu hosp,2026-10-17,quantile,0.45,423.5
2026-10-10,48,1,wk inc flu hosp,2026-10-17,quantile,0.5,445.5
2026-10-10,48,1,wk inc flu hosp,2026-10-17,quantile,0.55,468.5
2026-10-10,48,1,wk inc flu hosp,2026-10-17,quantile,0.6,489.0
2026-10-10,48,1,wk inc flu hosp,2026-10-17,quantile,0.65,522.5
2026-10-10,48,1,wk inc flu hosp,2026-10-17,quantile,0.7,555.5
2026-10-10,48,1,wk inc flu hosp,2026-10-17,quantile,0.75,586.5
2026-10-10,48,1,wk inc flu hosp,2026-10-17,quantile,0.8,637.0
2026-10-10,48,1,wk inc flu hosp,2026-10-17,quantile,0.85,689.0
2026-10-10,48,1,wk inc flu hosp,2026-10-17,quantile,0.9,768.0
2026-10-10,48,1,wk inc flu hosp,2026-10-17,quantile,0.95,873.0
2026-10-10,48,1,wk inc flu hosp,2026-10-17,quantile,0.975,1009.5
2026-10-10,48,1,wk inc flu hosp,2026-10-17,quantile,0.99,1205.0
2026-10-10,48,2,wk inc flu hosp,2026-10-24,quantile,0.01,148.5
2026-10-10,48,2,wk inc flu hosp,2026-10-24,quantile,0.025,171.5
2026-10-10,48,2,wk inc flu hosp,2026-10-24,quantile,0.05,202.0
2026-10-10,48,2,wk inc flu hosp,2026-10-24,quantile,0.1,256.5218846718522
2026-10-10,48,2,wk inc flu hosp,2026-10-24,quantile,0.15,300.9092526136048
2026-10-10,48,2,wk inc flu hosp,2026-10-24,quantile,0.2,340.5
2026-10-10,48,2,wk inc flu hosp,2026-10-24,quantile,0.25,377.5
2026-10-10,48,2,wk inc flu hosp,2026-10-24,quantile,0.3,407.0
2026-10-10,48,2,wk inc flu hosp,2026-10-24,quantile,0.35,436.5
2026-10-10,48,2,wk inc flu hosp,2026-10-24,quantile,0.4,465.5
2026-10-10,48,2,wk inc flu hosp,2026-10-24,quantile,0.45,497.5
2026-10-10,48,2,wk inc flu hosp,2026-10-24,quantile,0.5,529.5
2026-10-10,48,2,wk inc flu hosp,2026-10-24,quantile,0.55,552.5
2026-10-10,48,2,wk inc flu hosp,2026-10-24,quantile,0.6,578.0
2026-10-10,48,2,wk inc flu hosp,2026-10-24,quantile,0.65,613.0
2026-10-10,48,2,wk inc flu hosp,2026-10-24,quantile,0.7,660.0
2026-10-10,48,2,wk inc flu hosp,2026-10-24,quantile,0.75,780.5
2026-10-10,48,2,wk inc flu hosp,2026-10-24,quantile,0.8,880.5
2026-10-10,48,2,wk inc flu hosp,2026-10-24,quantile,0.85,966.5
2026-10-10,48,2,wk inc flu hosp,2026-10-24,quantile,0.9,1075.0
2026-10-10,48,2,wk inc flu hosp,2026-10-24,quantile,0.95,1248.5
2026-10-10,48,2,wk inc flu hosp,2026-10-24,quantile,0.975,1456.5
2026-10-10,48,2,wk inc flu hosp,2026-10-24,quantile,0.99,1770.0
2026-10-10,48,3,wk inc flu hosp,2026-10-31,quantile,0.01,130.0
2026-10-10,48,3,wk inc flu hosp,2026-10-31,quantile,0.025,161.0
2026-10-10,48,3,wk inc flu hosp,2026-10-31,quantile,0.05,196.0
2026-10-10,48,3,wk inc flu hosp,2026-10-31,quantile,0.1,256.5
2026-10-10,48,3,wk inc flu hosp,2026-10-31,quantile,0.15,313.0
2026-10-10,48,3,wk inc flu hosp,2026-10-31,quantile,0.2,367.5
2026-10-10,48,3,wk inc flu hosp,2026-10-31,quantile,0.25,407.5
2026-10-10,48,3,wk inc flu hosp,2026-10-31,quantile,0.3,447.0
2026-10-10,48,3,wk inc flu hosp,2026-10-31,quantile,0.35,486.0
2026-10-10,48,3,wk inc flu hosp,2026-10-31,quantile,0.4,527.0
2026-10-10,48,3,wk inc flu hosp,2026-10-31,quantile,0.45,570.5
2026-10-10,48,3,wk inc flu hosp,2026-10-31,quantile,0.5,616.5
2026-10-10,48,3,wk inc flu hosp,2026-10-31,quantile,0.55,667.0
2026-10-10,48,3,wk inc flu hosp,2026-10-31,quantile,0.6,748.0
2026-10-10,48,3,wk inc flu hosp,2026-10-31,quantile,0.65,848.0
2026-10-10,48,3,wk inc flu hosp,2026-10-31,quantile,0.7,921.0
2026-10-10,48,3,wk inc flu hosp,2026-10-31,quantile,0.75,1012.0
2026-10-10,48,3,wk inc flu hosp,2026-10-31,quantile,0.8,1148.5
2026-10-10,48,3,wk inc flu hosp,2026-10-31,quantile,0.85,1285.0
2026-10-10,48,3,wk inc flu hosp,2026-10-31,quantile,0.9,1529.0
2026-10-10,48,3,wk inc flu hosp,2026-10-31,quantile,0.95,1941.0
2026-10-10,48,3,wk inc flu hosp,2026-10-31,quantile,0.975,2243.0
2026-10-10,48,3,wk inc flu hosp,2026-10-31,quantile,0.99,2551.5
2026-10-10,49,0,wk inc flu hosp,2026-10-10,quantile,0.01,7.5
2026-10-10,49,0,wk inc flu hosp,2026-10-10,quantile,0.025,10.0
2026-10-10,49,0,wk inc flu hosp,2026-10-10,quantile,0.05,13.5
2026-10-10,49,0,wk inc flu hosp,2026-10-10,quantile,0.1,16.5
2026-10-10,49,0,wk inc flu hosp,2026-10-10,quantile,0.15,18.5
2026-10-10,49,0,wk inc flu hosp,2026-10-10,quantile,0.2,19.5
2026-10-10,49,0,wk inc flu hosp,2026-10-10,quantile,0.25,21.0
2026-10-10,49,0,wk inc flu hosp,2026-10-10,quantile,0.3,22.5
2026-10-10,49,0,wk inc flu hosp,2026-10-10,quantile,0.35,23.5
2026-10-10,49,0,wk inc flu hosp,2026-10-10,quantile,0.4,24.5
2026-10-10,49,0,wk inc flu hosp,2026-10-10,quantile,0.45,26.0
2026-10-10,49,0,wk inc flu hosp,2026-10-10,quantile,0.5,28.0
2026-10-10,49,0,wk inc flu hosp,2026-10-10,quantile,0.55,29.5
2026-10-10,49,0,wk inc flu hosp,2026-10-10,quantile,0.6,30.360760591612358
2026-10-10,49,0,wk inc flu hosp,2026-10-10,quantile,0.65,32.68324275620884
2026-10-10,49,0,wk inc flu hosp,2026-10-10,quantile,0.7,34.40571066925529
2026-10-10,49,0,wk inc flu hosp,2026-10-10,quantile,0.75,36.166429608199124
2026-10-10,49,0,wk inc flu hosp,2026-10-10,quantile,0.8,39.771624014756014
2026-10-10,49,0,wk inc flu hosp,2026-10-10,quantile,0.85,42.37535125185185
2026-10-10,49,0,wk inc flu hosp,2026-10-10,quantile,0.9,47.13843837286862
2026-10-10,49,0,wk inc flu hosp,2026-10-10,quantile,0.95,56.43316752217501
2026-10-10,49,0,wk inc flu hosp,2026-10-10,quantile,0.975,72.10714422900713
2026-10-10,49,0,wk inc flu hosp,2026-10-10,quantile,0.99,97.5
2026-10-10,49,1,wk inc flu hosp,2026-10-17,quantile,0.01,7.5
2026-10-10,49,1,wk inc flu hosp,2026-10-17,quantile,0.025,9.5
2026-10-10,49,1,wk inc flu hosp,2026-10-17,quantile,0.05,12.0
2026-10-10,49,1,wk inc flu hosp,2026-10-17,quantile,0.1,16.83324323178602
2026-10-10,49,1,wk inc flu hosp,2026-10-17,quantile,0.15,19.29477894859437
2026-10-10,49,1,wk inc flu hosp,2026-10-17,quantile,0.2,20.921516799083502
2026-10-10,49,1,wk inc flu hosp,2026-10-17,quantile,0.25,21.92636990695732
2026-10-10,49,1,wk inc flu hosp,2026-10-17,quantile,0.3,23.35279436624031
2026-10-10,49,1,wk inc flu hosp,2026-10-17,quantile,0.35,26.0
2026-10-10,49,1,wk inc flu hosp,2026-10-17,quantile,0.4,28.0
2026-10-10,49,1,wk inc flu hosp,2026-10-17,quantile,0.45,30.0
2026-10-10,49,1,wk inc flu hosp,2026-10-17,quantile,0.5,31.5
2026-10-10,49,1,wk inc flu hosp,2026-10-17,quantile,0.55,32.5
2026-10-10,49,1,wk inc flu hosp,2026-10-17,quantile,0.6,34.5
2026-10-10,49,1,wk inc flu hosp,2026-10-17,quantile,0.65,36.5
2026-10-10,49,1,wk inc flu hosp,2026-10-17,quantile,0.7,39.5
2026-10-10,49,1,wk inc flu hosp,2026-10-17,quantile,0.75,42.0
2026-10-10,49,1,wk inc flu hosp,2026-10-17,quantile,0.8,46.5
2026-10-10,49,1,wk inc flu hosp,2026-10-17,quantile,0.85,52.0
2026-10-10,49,1,wk inc flu hosp,2026-10-17,quantile,0.9,59.5
2026-10-10,49,1,wk inc flu hosp,2026-10-17,quantile,0.95,69.5
2026-10-10,49,1,wk inc flu hosp,2026-10-17,quantile,0.975,87.5
2026-10-10,49,1,wk inc flu hosp,2026-10-17,quantile,0.99,105.5
2026-10-10,49,2,wk inc flu hosp,2026-10-24,quantile,0.01,6.5
2026-10-10,49,2,wk inc flu hosp,2026-10-24,quantile,0.025,9.5
2026-10-10,49,2,wk inc flu hosp,2026-10-24,quantile,0.05,12.0
2026-10-10,49,2,wk inc flu hosp,2026-10-24,quantile,0.1,15.290740595641427
2026-10-10,49,2,wk inc flu hosp,2026-10-24,quantile,0.15,18.395725161909255
2026-10-10,49,2,wk inc flu hosp,2026-10-24,quantile,0.2,22.198557252065193
2026-10-10,49,2,wk inc flu hosp,2026-10-24,quantile,0.25,25.0
2026-10-10,49,2,wk inc flu hosp,2026-10-24,quantile,0.3,28.5
2026-10-10,49,2,wk inc flu hosp,2026-10-24,quantile,0.35,31.0
2026-10-10,49,2,wk inc flu hosp,2026-10-24,quantile,0.4,34.0
2026-10-10,49,2,wk inc flu hosp,2026-10-24,quantile,0.45,36.5
2026-10-10,49,2,wk inc flu hosp,2026-10-24,quantile,0.5,38.5
2026-10-10,49,2,wk inc flu hosp,2026-10-24,quantile,0.55,40.5
2026-10-10,49,2,wk inc flu hosp,2026-10-24,quantile,0.6,43.0
2026-10-10,49,2,wk inc flu hosp,2026-10-24,quantile,0.65,45.5
2026-10-10,49,2,wk inc flu hosp,2026-10-24,quantile,0.7,49.5
2026-10-10,49,2,wk inc flu hosp,2026-10-24,quantile,0.75,54.0
2026-10-10,49,2,wk inc flu hosp,2026-10-24,quantile,0.8,61.5
2026-10-10,49,2,wk inc flu hosp,2026-10-24,quantile,0.85,68.0
2026-10-10,49,2,wk inc flu hosp,2026-10-24,quantile,0.9,84.5
2026-10-10,49,2,wk inc flu hosp,2026-10-24,quantile,0.95,109.0
2026-10-10,49,2,wk inc flu hosp,2026-10-24,quantile,0.975,128.5
2026-10-10,49,2,wk inc flu hosp,2026-10-24,quantile,0.99,157.5
2026-10-10,49,3,wk inc flu hosp,2026-10-31,quantile,0.01,6.5
2026-10-10,49,3,wk inc flu hosp,2026-10-31,quantile,0.025,10.0
2026-10-10,49,3,wk inc flu hosp,2026-10-31,quantile,0.05,12.5
2026-10-10,49,3,wk inc flu hosp,2026-10-31,quantile,0.1,17.167934620583345
2026-10-10,49,3,wk inc flu hosp,2026-10-31,quantile,0.15,21.5
2026-10-10,49,3,wk inc flu hosp,2026-10-31,quantile,0.2,26.16485144614674
2026-10-10,49,3,wk inc flu hosp,2026-10-31,quantile,0.25,29.5
2026-10-10,49,3,wk inc flu hosp,2026-10-31,quantile,0.3,33.5
2026-10-10,49,3,wk inc flu hosp,2026-10-31,quantile,0.35,36.5
2026-10-10,49,3,wk inc flu hosp,2026-10-31,quantile,0.4,40.5
2026-10-10,49,3,wk inc flu hosp,2026-10-31,quantile,0.45,44.0
2026-10-10,49,3,wk inc flu hosp,2026-10-31,quantile,0.5,47.0
2026-10-10,49,3,wk inc flu hosp,2026-10-31,quantile,0.55,51.0
2026-10-10,49,3,wk inc flu hosp,2026-10-31,quantile,0.6,55.0
2026-10-10,49,3,wk inc flu hosp,2026-10-31,quantile,0.65,61.5
2026-10-10,49,3,wk inc flu hosp,2026-10-31,quantile,0.7,69.5
2026-10-10,49,3,wk inc flu hosp,2026-10-31,quantile,0.75,77.5
2026-10-10,49,3,wk inc flu hosp,2026-10-31,quantile,0.8,88.5
2026-10-10,49,3,wk inc flu hosp,2026-10-31,quantile,0.85,104.5
2026-10-10,49,3,wk inc flu hosp,2026-10-31,quantile,0.9,128.5
2026-10-10,49,3,wk inc flu hosp,2026-10-31,quantile,0.95,167.5
2026-10-10,49,3,wk inc flu hosp,2026-10-31,quantile,0.975,200.5
2026-10-10,49,3,wk inc flu hosp,2026-10-31,quantile,0.99,247.5
2026-10-10,50,0,wk inc flu hosp,2026-10-10,quantile,0.01,0.0
2026-10-10,50,0,wk inc flu hosp,2026-10-10,quantile,0.025,0.0
2026-10-10,50,0,wk inc flu hosp,2026-10-10,quantile,0.05,0.0
2026-10-10,50,0,wk inc flu hosp,2026-10-10,quantile,0.1,0.0
2026-10-10,50,0,wk inc flu hosp,2026-10-10,quantile,0.15,0.5
2026-10-10,50,0,wk inc flu hosp,2026-10-10,quantile,0.2,0.5
2026-10-10,50,0,wk inc flu hosp,2026-10-10,quantile,0.25,1.0
2026-10-10,50,0,wk inc flu hosp,2026-10-10,quantile,0.3,1.0
2026-10-10,50,0,wk inc flu hosp,2026-10-10,quantile,0.35,1.0
2026-10-10,50,0,wk inc flu hosp,2026-10-10,quantile,0.4,1.0
2026-10-10,50,0,wk inc flu hosp,2026-10-10,quantile,0.45,1.5
2026-10-10,50,0,wk inc flu hosp,2026-10-10,quantile,0.5,1.5
2026-10-10,50,0,wk inc flu hosp,2026-10-10,quantile,0.55,2.0
2026-10-10,50,0,wk inc flu hosp,2026-10-10,quantile,0.6,2.5
2026-10-10,50,0,wk inc flu hosp,2026-10-10,quantile,0.65,2.5
2026-10-10,50,0,wk inc flu hosp,2026-10-10,quantile,0.7,3.0
2026-10-10,50,0,wk inc flu hosp,2026-10-10,quantile,0.75,3.0
2026-10-10,50,0,wk inc flu hosp,2026-10-10,quantile,0.8,3.0
2026-10-10,50,0,wk inc flu hosp,2026-10-10,quantile,0.85,3.5
2026-10-10,50,0,wk inc flu hosp,2026-10-10,quantile,0.9,4.5
2026-10-10,50,0,wk inc flu hosp,2026-10-10,quantile,0.95,5.5
2026-10-10,50,0,wk inc flu hosp,2026-10-10,quantile,0.975,7.5
2026-10-10,50,0,wk inc flu hosp,2026-10-10,quantile,0.99,9.5
2026-10-10,50,1,wk inc flu hosp,2026-10-17,quantile,0.01,0.0
2026-10-10,50,1,wk inc flu hosp,2026-10-17,quantile,0.025,0.0
2026-10-10,50,1,wk inc flu hosp,2026-10-17,quantile,0.05,0.0
2026-10-10,50,1,wk inc flu hosp,2026-10-17,quantile,0.1,0.0
2026-10-10,50,1,wk inc flu hosp,2026-10-17,quantile,0.15,0.5
2026-10-10,50,1,wk inc flu hosp,2026-10-17,quantile,0.2,1.0
2026-10-10,50,1,wk inc flu hosp,2026-10-17,quantile,0.25,1.0
2026-10-10,50,1,wk inc flu hosp,2026-10-17,quantile,0.3,1.236439569623063
2026-10-10,50,1,wk inc flu hosp,2026-10-17,quantile,0.35,1.341651038346487
2026-10-10,50,1,wk inc flu hosp,2026-10-17,quantile,0.4,1.5
2026-10-10,50,1,wk inc flu hosp,2026-10-17,quantile,0.45,2.0
2026-10-10,50,1,wk inc flu hosp,2026-10-17,quantile,0.5,2.0
2026-10-10,50,1,wk inc flu hosp,2026-10-17,quantile,0.55,2.4832230077347823
2026-10-10,50,1,wk inc flu hosp,2026-10-17,quantile,0.6,3.0699787118345125
2026-10-10,50,1,wk inc flu hosp,2026-10-17,quantile,0.65,3.277665258797601
2026-10-10,50,1,wk inc flu hosp,2026-10-17,quantile,0.7,3.4423214442975523
2026-10-10,50,1,wk inc flu hosp,2026-10-17,quantile,0.75,4.064929438270436
2026-10-10,50,1,wk inc flu hosp,2026-10-17,quantile,0.8,4.405214500283421
2026-10-10,50,1,wk inc flu hosp,2026-10-17,quantile,0.85,5.0
2026-10-10,50,1,wk inc flu hosp,2026-10-17,quantile,0.9,5.807268169593371
2026-10-10,50,1,wk inc flu hosp,2026-10-17,quantile,0.95,6.864683957498095
2026-10-10,50,1,wk inc flu hosp,2026-10-17,quantile,0.975,9.099975014873067
2026-10-10,50,1,wk inc flu hosp,2026-10-17,quantile,0.99,11.846978672489445
2026-10-10,50,2,wk inc flu hosp,2026-10-24,quantile,0.01,0.0
2026-10-10,50,2,wk inc flu hosp,2026-10-24,quantile,0.025,0.0
2026-10-10,50,2,wk inc flu hosp,2026-10-24,quantile,0.05,0.16189806380556715
2026-10-10,50,2,wk inc flu hosp,2026-10-24,quantile,0.1,0.3060459287448857
2026-10-10,50,2,wk inc flu hosp,2026-10-24,quantile,0.15,0.5
2026-10-10,50,2,wk inc flu hosp,2026-10-24,quantile,0.2,1.2042666843594543
2026-10-10,50,2,wk inc flu hosp,2026-10-24,quantile,0.25,1.3431615071542709
2026-10-10,50,2,wk inc flu hosp,2026-10-24,quantile,0.3,1.4689867997926962
2026-10-10,50,2,wk inc flu hosp,2026-10-24,quantile,0.35,2.0
2026-10-10,50,2,wk inc flu hosp,2026-10-24,quantile,0.4,2.3574561664307927
2026-10-10,50,2,wk inc flu hosp,2026-10-24,quantile,0.45,2.4551434093173263
2026-10-10,50,2,wk inc flu hosp,2026-10-24,quantile,0.5,3.2306256788359127
2026-10-10,50,2,wk inc flu hosp,2026-10-24,quantile,0.55,3.4125304686831894
2026-10-10,50,2,wk inc flu hosp,2026-10-24,quantile,0.6,3.5
2026-10-10,50,2,wk inc flu hosp,2026-10-24,quantile,0.65,4.257623539678255
2026-10-10,50,2,wk inc flu hosp,2026-10-24,quantile,0.7,4.820478492253756
2026-10-10,50,2,wk inc flu hosp,2026-10-24,quantile,0.75,5.352795637758814
2026-10-10,50,2,wk inc flu hosp,2026-10-24,quantile,0.8,6.009249691862319
2026-10-10,50,2,wk inc flu hosp,2026-10-24,quantile,0.85,7.159284448538509
2026-10-10,50,2,wk inc flu hosp,2026-10-24,quantile,0.9,9.385743323779767
2026-10-10,50,2,wk inc flu hosp,2026-10-24,quantile,0.95,11.5
2026-10-10,50,2,wk inc flu hosp,2026-10-24,quantile,0.975,14.5
2026-10-10,50,2,wk inc flu hosp,2026-10-24,quantile,0.99,18.943066867231224
2026-10-10,50,3,wk inc flu hosp,2026-10-31,quantile,0.01,0.0
2026-10-10,50,3,wk inc flu hosp,2026-10-31,quantile,0.025,0.0
2026-10-10,50,3,wk inc flu hosp,2026-10-31,quantile,0.05,0.0
2026-10-10,50,3,wk inc flu hosp,2026-10-31,quantile,0.1,0.36243281682759776
2026-10-10,50,3,wk inc flu hosp,2026-10-31,quantile,0.15,1.0
2026-10-10,50,3,wk inc flu hosp,2026-10-31,quantile,0.2,1.1591221661514874
2026-10-10,50,3,wk inc flu hosp,2026-10-31,quantile,0.25,1.2551934265723173
2026-10-10,50,3,wk inc flu hosp,2026-10-31,quantile,0.3,1.854307677378904
2026-10-10,50,3,wk inc flu hosp,2026-10-31,quantile,0.35,1.94433260633503
2026-10-10,50,3,wk inc flu hosp,2026-10-31,quantile,0.4,2.179101845959909
2026-10-10,50,3,wk inc flu hosp,2026-10-31,quantile,0.45,2.8431792460083116
2026-10-10,50,3,wk inc flu hosp,2026-10-31,quantile,0.5,3.047580389808328
2026-10-10,50,3,wk inc flu hosp,2026-10-31,quantile,0.55,3.9365202373947
2026-10-10,50,3,wk inc flu hosp,2026-10-31,quantile,0.6,4.475022328277496
2026-10-10,50,3,wk inc flu hosp,2026-10-31,quantile,0.65,5.070796472843206
2026-10-10,50,3,wk inc flu hosp,2026-10-31,quantile,0.7,5.768755205799336
2026-10-10,50,3,wk inc flu hosp,2026-10-31,quantile,0.75,6.5
2026-10-10,50,3,wk inc flu hosp,2026-10-31,quantile,0.8,8.0
2026-10-10,50,3,wk inc flu hosp,2026-10-31,quantile,0.85,9.5
2026-10-10,50,3,wk inc flu hosp,2026-10-31,quantile,0.9,12.0
2026-10-10,50,3,wk inc flu hosp,2026-10-31,quantile,0.95,18.0
2026-10-10,50,3,wk inc flu hosp,2026-10-31,quantile,0.975,25.0
2026-10-10,50,3,wk inc flu hosp,2026-10-31,quantile,0.99,34.0
2026-10-10,51,0,wk inc flu hosp,2026-10-10,quantile,0.01,16.5
2026-10-10,51,0,wk inc flu hosp,2026-10-10,quantile,0.025,20.0
2026-10-10,51,0,wk inc flu hosp,2026-10-10,quantile,0.05,24.0
2026-10-10,51,0,wk inc flu hosp,2026-10-10,quantile,0.1,27.0
2026-10-10,51,0,wk inc flu hosp,2026-10-10,quantile,0.15,30.0
2026-10-10,51,0,wk inc flu hosp,2026-10-10,quantile,0.2,33.5
2026-10-10,51,0,wk inc flu hosp,2026-10-10,quantile,0.25,35.5
2026-10-10,51,0,wk inc flu hosp,2026-10-10,quantile,0.3,37.5
2026-10-10,51,0,wk inc flu hosp,2026-10-10,quantile,0.35,39.0
2026-10-10,51,0,wk inc flu hosp,2026-10-10,quantile,0.4,41.0
2026-10-10,51,0,wk inc flu hosp,2026-10-10,quantile,0.45,44.0
2026-10-10,51,0,wk inc flu hosp,2026-10-10,quantile,0.5,45.5
2026-10-10,51,0,wk inc flu hosp,2026-10-10,quantile,0.55,48.0
2026-10-10,51,0,wk inc flu hosp,2026-10-10,quantile,0.6,51.0
2026-10-10,51,0,wk inc flu hosp,2026-10-10,quantile,0.65,53.0
2026-10-10,51,0,wk inc flu hosp,2026-10-10,quantile,0.7,55.5
2026-10-10,51,0,wk inc flu hosp,2026-10-10,quantile,0.75,59.5
2026-10-10,51,0,wk inc flu hosp,2026-10-10,quantile,0.8,63.5
2026-10-10,51,0,wk inc flu hosp,2026-10-10,quantile,0.85,67.5
2026-10-10,51,0,wk inc flu hosp,2026-10-10,quantile,0.9,77.0
2026-10-10,51,0,wk inc flu hosp,2026-10-10,quantile,0.95,90.0
2026-10-10,51,0,wk inc flu hosp,2026-10-10,quantile,0.975,109.5
2026-10-10,51,0,wk inc flu hosp,2026-10-10,quantile,0.99,129.0
2026-10-10,51,1,wk inc flu hosp,2026-10-17,quantile,0.01,15.5
2026-10-10,51,1,wk inc flu hosp,2026-10-17,quantile,0.025,19.0
2026-10-10,51,1,wk inc flu hosp,2026-10-17,quantile,0.05,23.0
2026-10-10,51,1,wk inc flu hosp,2026-10-17,quantile,0.1,27.527566295817167
2026-10-10,51,1,wk inc flu hosp,2026-10-17,quantile,0.15,32.5
2026-10-10,51,1,wk inc flu hosp,2026-10-17,quantile,0.2,35.5
2026-10-10,51,1,wk inc flu hosp,2026-10-17,quantile,0.25,39.0
2026-10-10,51,1,wk inc flu hosp,2026-10-17,quantile,0.3,42.5
2026-10-10,51,1,wk inc flu hosp,2026-10-17,quantile,0.35,44.63082351073142
2026-10-10,51,1,wk inc flu hosp,2026-10-17,quantile,0.4,47.217240078603965
2026-10-10,51,1,wk inc flu hosp,2026-10-17,quantile,0.45,51.868719966230984
2026-10-10,51,1,wk inc flu hosp,2026-10-17,quantile,0.5,55.1652258492203
2026-10-10,51,1,wk inc flu hosp,2026-10-17,quantile,0.55,57.91323045633585
2026-10-10,51,1,wk inc flu hosp,2026-10-17,quantile,0.6,63.362944060093994
2026-10-10,51,1,wk inc flu hosp,2026-10-17,quantile,0.65,65.29287964074052
2026-10-10,51,1,wk inc flu hosp,2026-10-17,quantile,0.7,68.31814323685725
2026-10-10,51,1,wk inc flu hosp,2026-10-17,quantile,0.75,70.55444248752971
2026-10-10,51,1,wk inc flu hosp,2026-10-17,quantile,0.8,74.09893707927799
2026-10-10,51,1,wk inc flu hosp,2026-10-17,quantile,0.85,78.41098789874013
2026-10-10,51,1,wk inc flu hosp,2026-10-17,quantile,0.9,86.50699002178476
2026-10-10,51,1,wk inc flu hosp,2026-10-17,quantile,0.95,99.5
2026-10-10,51,1,wk inc flu hosp,2026-10-17,quantile,0.975,127.0
2026-10-10,51,1,wk inc flu hosp,2026-10-17,quantile,0.99,164.97071284986419
2026-10-10,51,2,wk inc flu hosp,2026-10-24,quantile,0.01,15.5
2026-10-10,51,2,wk inc flu hosp,2026-10-24,quantile,0.025,20.0
2026-10-10,51,2,wk inc flu hosp,2026-10-24,quantile,0.05,24.0
2026-10-10,51,2,wk inc flu hosp,2026-10-24,quantile,0.1,29.0
2026-10-10,51,2,wk inc flu hosp,2026-10-24,quantile,0.15,35.50359988975814
2026-10-10,51,2,wk inc flu hosp,2026-10-24,quantile,0.2,39.60973156611776
2026-10-10,51,2,wk inc flu hosp,2026-10-24,quantile,0.25,44.096005067147985
2026-10-10,51,2,wk inc flu hosp,2026-10-24,quantile,0.3,52.42124821159112
2026-10-10,51,2,wk inc flu hosp,2026-10-24,quantile,0.35,56.60102816834402
2026-10-10,51,2,wk inc flu hosp,2026-10-24,quantile,0.4,59.611922639894665
2026-10-10,51,2,wk inc flu hosp,2026-10-24,quantile,0.45,63.79902995377164
2026-10-10,51,2,wk inc flu hosp,2026-10-24,quantile,0.5,68.14235191931364
2026-10-10,51,2,wk inc flu hosp,2026-10-24,quantile,0.55,73.76713752821325
2026-10-10,51,2,wk inc flu hosp,2026-10-24,quantile,0.6,81.88854538316117
2026-10-10,51,2,wk inc flu hosp,2026-10-24,quantile,0.65,87.15143101161242
2026-10-10,51,2,wk inc flu hosp,2026-10-24,quantile,0.7,90.10039643506084
2026-10-10,51,2,wk inc flu hosp,2026-10-24,quantile,0.75,94.84135477078958
2026-10-10,51,2,wk inc flu hosp,2026-10-24,quantile,0.8,99.7294953213428
2026-10-10,51,2,wk inc flu hosp,2026-10-24,quantile,0.85,106.4181406052561
2026-10-10,51,2,wk inc flu hosp,2026-10-24,quantile,0.9,127.5
2026-10-10,51,2,wk inc flu hosp,2026-10-24,quantile,0.95,152.0
2026-10-10,51,2,wk inc flu hosp,2026-10-24,quantile,0.975,185.13883747862948
2026-10-10,51,2,wk inc flu hosp,2026-10-24,quantile,0.99,238.5
2026-10-10,51,3,wk inc flu hosp,2026-10-31,quantile,0.01,15.0
2026-10-10,51,3,wk inc flu hosp,2026-10-31,quantile,0.025,19.0
2026-10-10,51,3,wk inc flu hosp,2026-10-31,quantile,0.05,24.1405294516821
2026-10-10,51,3,wk inc flu hosp,2026-10-31,quantile,0.1,32.455020914824615
2026-10-10,51,3,wk inc flu hosp,2026-10-31,quantile,0.15,37.41641573577182
2026-10-10,51,3,wk inc flu hosp,2026-10-31,quantile,0.2,46.26145053989096
2026-10-10,51,3,wk inc flu hosp,2026-10-31,quantile,0.25,50.35357075481376
2026-10-10,51,3,wk inc flu hosp,2026-10-31,quantile,0.3,58.19973236276641
2026-10-10,51,3,wk inc flu hosp,2026-10-31,quantile,0.35,62.774427272029975
2026-10-10,51,3,wk inc flu hosp,2026-10-31,quantile,0.4,67.95769406059071
2026-10-10,51,3,wk inc flu hosp,2026-10-31,quantile,0.45,76.16325586969737
2026-10-10,51,3,wk inc flu hosp,2026-10-31,quantile,0.5,82.42280222258353
2026-10-10,51,3,wk inc flu hosp,2026-10-31,quantile,0.55,89.40146537540393
2026-10-10,51,3,wk inc flu hosp,2026-10-31,quantile,0.6,95.86597053322672
2026-10-10,51,3,wk inc flu hosp,2026-10-31,quantile,0.65,108.3167314259655
2026-10-10,51,3,wk inc flu hosp,2026-10-31,quantile,0.7,116.44136759164905
2026-10-10,51,3,wk inc flu hosp,2026-10-31,quantile,0.75,123.64659224056628
2026-10-10,51,3,wk inc flu hosp,2026-10-31,quantile,0.8,132.5
2026-10-10,51,3,wk inc flu hosp,2026-10-31,quantile,0.85,154.5
2026-10-10,51,3,wk inc flu hosp,2026-10-31,quantile,0.9,200.5
2026-10-10,51,3,wk inc flu hosp,2026-10-31,quantile,0.95,269.5
2026-10-10,51,3,wk inc flu hosp,2026-10-31,quantile,0.975,310.5
2026-10-10,51,3,wk inc flu hosp,2026-10-31,quantile,0.99,399.0
2026-10-10,53,0,wk inc flu hosp,2026-10-10,quantile,0.01,43.0
2026-10-10,53,0,wk inc flu hosp,2026-10-10,quantile,0.025,55.36976426468551
2026-10-10,53,0,wk inc flu hosp,2026-10-10,quantile,0.05,73.65103799241156
2026-10-10,53,0,wk inc flu hosp,2026-10-10,quantile,0.1,98.5912060764259
2026-10-10,53,0,wk inc flu hosp,2026-10-10,quantile,0.15,108.56183750238375
2026-10-10,53,0,wk inc flu hosp,2026-10-10,quantile,0.2,115.78426066488738
2026-10-10,53,0,wk inc flu hosp,2026-10-10,quantile,0.25,123.16337109976496
2026-10-10,53,0,wk inc flu hosp,2026-10-10,quantile,0.3,128.4152285750948
2026-10-10,53,0,wk inc flu hosp,2026-10-10,quantile,0.35,134.7699867564805
2026-10-10,53,0,wk inc flu hosp,2026-10-10,quantile,0.4,139.92405767338565
2026-10-10,53,0,wk inc flu hosp,2026-10-10,quantile,0.45,144.0
2026-10-10,53,0,wk inc flu hosp,2026-10-10,quantile,0.5,148.96565525637328
2026-10-10,53,0,wk inc flu hosp,2026-10-10,quantile,0.55,155.12893845347688
2026-10-10,53,0,wk inc flu hosp,2026-10-10,quantile,0.6,163.0
2026-10-10,53,0,wk inc flu hosp,2026-10-10,quantile,0.65,170.0
2026-10-10,53,0,wk inc flu hosp,2026-10-10,quantile,0.7,177.0
2026-10-10,53,0,wk inc flu hosp,2026-10-10,quantile,0.75,190.0
2026-10-10,53,0,wk inc flu hosp,2026-10-10,quantile,0.8,202.0
2026-10-10,53,0,wk inc flu hosp,2026-10-10,quantile,0.85,211.0
2026-10-10,53,0,wk inc flu hosp,2026-10-10,quantile,0.9,232.0
2026-10-10,53,0,wk inc flu hosp,2026-10-10,quantile,0.95,262.8683633667509
2026-10-10,53,0,wk inc flu hosp,2026-10-10,quantile,0.975,340.0582030458797
2026-10-10,53,0,wk inc flu hosp,2026-10-10,quantile,0.99,467.0
2026-10-10,53,1,wk inc flu hosp,2026-10-17,quantile,0.01,39.0
2026-10-10,53,1,wk inc flu hosp,2026-10-17,quantile,0.025,49.0
2026-10-10,53,1,wk inc flu hosp,2026-10-17,quantile,0.05,60.29111593069901
2026-10-10,53,1,wk inc flu hosp,2026-10-17,quantile,0.1,84.76027499956987
2026-10-10,53,1,wk inc flu hosp,2026-10-17,quantile,0.15,93.66085330456464
2026-10-10,53,1,wk inc flu hosp,2026-10-17,quantile,0.2,98.83254277711136
2026-10-10,53,1,wk inc flu hosp,2026-10-17,quantile,0.25,110.77663950654814
2026-10-10,53,1,wk inc flu hosp,2026-10-17,quantile,0.3,123.0
2026-10-10,53,1,wk inc flu hosp,2026-10-17,quantile,0.35,136.0
2026-10-10,53,1,wk inc flu hosp,2026-10-17,quantile,0.4,150.0
2026-10-10,53,1,wk inc flu hosp,2026-10-17,quantile,0.45,162.0
2026-10-10,53,1,wk inc flu hosp,2026-10-17,quantile,0.5,166.0
2026-10-10,53,1,wk inc flu hosp,2026-10-17,quantile,0.55,179.0
2026-10-10,53,1,wk inc flu hosp,2026-10-17,quantile,0.6,195.0
2026-10-10,53,1,wk inc flu hosp,2026-10-17,quantile,0.65,211.0
2026-10-10,53,1,wk inc flu hosp,2026-10-17,quantile,0.7,218.0
2026-10-10,53,1,wk inc flu hosp,2026-10-17,quantile,0.75,235.0
2026-10-10,53,1,wk inc flu hosp,2026-10-17,quantile,0.8,255.0
2026-10-10,53,1,wk inc flu hosp,2026-10-17,quantile,0.85,273.0
2026-10-10,53,1,wk inc flu hosp,2026-10-17,quantile,0.9,319.0
2026-10-10,53,1,wk inc flu hosp,2026-10-17,quantile,0.95,377.0
2026-10-10,53,1,wk inc flu hosp,2026-10-17,quantile,0.975,428.0
2026-10-10,53,1,wk inc flu hosp,2026-10-17,quantile,0.99,547.0
2026-10-10,53,2,wk inc flu hosp,2026-10-24,quantile,0.01,36.0
2026-10-10,53,2,wk inc flu hosp,2026-10-24,quantile,0.025,47.0
2026-10-10,53,2,wk inc flu hosp,2026-10-24,quantile,0.05,59.0
2026-10-10,53,2,wk inc flu hosp,2026-10-24,quantile,0.1,89.00998967502855
2026-10-10,53,2,wk inc flu hosp,2026-10-24,quantile,0.15,105.1660270686852
2026-10-10,53,2,wk inc flu hosp,2026-10-24,quantile,0.2,117.23532471726618
2026-10-10,53,2,wk inc flu hosp,2026-10-24,quantile,0.25,131.0
2026-10-10,53,2,wk inc flu hosp,2026-10-24,quantile,0.3,150.0
2026-10-10,53,2,wk inc flu hosp,2026-10-24,quantile,0.35,169.0
2026-10-10,53,2,wk inc flu hosp,2026-10-24,quantile,0.4,176.0
2026-10-10,53,2,wk inc flu hosp,2026-10-24,quantile,0.45,186.0
2026-10-10,53,2,wk inc flu hosp,2026-10-24,quantile,0.5,204.0
2026-10-10,53,2,wk inc flu hosp,2026-10-24,quantile,0.55,224.0
2026-10-10,53,2,wk inc flu hosp,2026-10-24,quantile,0.6,245.0
2026-10-10,53,2,wk inc flu hosp,2026-10-24,quantile,0.65,266.0
2026-10-10,53,2,wk inc flu hosp,2026-10-24,quantile,0.7,280.0
2026-10-10,53,2,wk inc flu hosp,2026-10-24,quantile,0.75,308.0
2026-10-10,53,2,wk inc flu hosp,2026-10-24,quantile,0.8,336.0
2026-10-10,53,2,wk inc flu hosp,2026-10-24,quantile,0.85,372.0
2026-10-10,53,2,wk inc flu hosp,2026-10-24,quantile,0.9,450.0
2026-10-10,53,2,wk inc flu hosp,2026-10-24,quantile,0.95,585.0
2026-10-10,53,2,wk inc flu hosp,2026-10-24,quantile,0.975,719.0
2026-10-10,53,2,wk inc flu hosp,2026-10-24,quantile,0.99,781.0
2026-10-10,53,3,wk inc flu hosp,2026-10-31,quantile,0.01,33.0
2026-10-10,53,3,wk inc flu hosp,2026-10-31,quantile,0.025,45.0
2026-10-10,53,3,wk inc flu hosp,2026-10-31,quantile,0.05,60.0
2026-10-10,53,3,wk inc flu hosp,2026-10-31,quantile,0.1,85.0
2026-10-10,53,3,wk inc flu hosp,2026-10-31,quantile,0.15,106.0
2026-10-10,53,3,wk inc flu hosp,2026-10-31,quantile,0.2,129.0
2026-10-10,53,3,wk inc flu hosp,2026-10-31,quantile,0.25,149.0
2026-10-10,53,3,wk inc flu hosp,2026-10-31,quantile,0.3,171.0
2026-10-10,53,3,wk inc flu hosp,2026-10-31,quantile,0.35,187.0
2026-10-10,53,3,wk inc flu hosp,2026-10-31,quantile,0.4,195.0
2026-10-10,53,3,wk inc flu hosp,2026-10-31,quantile,0.45,212.0
2026-10-10,53,3,wk inc flu hosp,2026-10-31,quantile,0.5,236.0
2026-10-10,53,3,wk inc flu hosp,2026-10-31,quantile,0.55,262.0
2026-10-10,53,3,wk inc flu hosp,2026-10-31,quantile,0.6,292.0
2026-10-10,53,3,wk inc flu hosp,2026-10-31,quantile,0.65,326.0
2026-10-10,53,3,wk inc flu hosp,2026-10-31,quantile,0.7,360.0
2026-10-10,53,3,wk inc flu hosp,2026-10-31,quantile,0.75,407.0
2026-10-10,53,3,wk inc flu hosp,2026-10-31,quantile,0.8,456.0
2026-10-10,53,3,wk inc flu hosp,2026-10-31,quantile,0.85,521.0
2026-10-10,53,3,wk inc flu hosp,2026-10-31,quantile,0.9,604.0
2026-10-10,53,3,wk inc flu hosp,2026-10-31,quantile,0.95,805.0
2026-10-10,53,3,wk inc flu hosp,2026-10-31,quantile,0.975,1083.0
2026-10-10,53,3,wk inc flu hosp,2026-10-31,quantile,0.99,1204.0
2026-10-10,54,0,wk inc flu hosp,2026-10-10,quantile,0.01,1.0
2026-10-10,54,0,wk inc flu hosp,2026-10-10,quantile,0.025,1.5
2026-10-10,54,0,wk inc flu hosp,2026-10-10,quantile,0.05,2.0
2026-10-10,54,0,wk inc flu hosp,2026-10-10,quantile,0.1,3.0
2026-10-10,54,0,wk inc flu hosp,2026-10-10,quantile,0.15,3.5
2026-10-10,54,0,wk inc flu hosp,2026-10-10,quantile,0.2,4.0
2026-10-10,54,0,wk inc flu hosp,2026-10-10,quantile,0.25,4.5
2026-10-10,54,0,wk inc flu hosp,2026-10-10,quantile,0.3,5.0
2026-10-10,54,0,wk inc flu hosp,2026-10-10,quantile,0.35,6.0
2026-10-10,54,0,wk inc flu hosp,2026-10-10,quantile,0.4,6.5
2026-10-10,54,0,wk inc flu hosp,2026-10-10,quantile,0.45,7.0
2026-10-10,54,0,wk inc flu hosp,2026-10-10,quantile,0.5,7.5
2026-10-10,54,0,wk inc flu hosp,2026-10-10,quantile,0.55,8.0
2026-10-10,54,0,wk inc flu hosp,2026-10-10,quantile,0.6,8.5
2026-10-10,54,0,wk inc flu hosp,2026-10-10,quantile,0.65,9.0
2026-10-10,54,0,wk inc flu hosp,2026-10-10,quantile,0.7,9.5
2026-10-10,54,0,wk inc flu hosp,2026-10-10,quantile,0.75,11.0
2026-10-10,54,0,wk inc flu hosp,2026-10-10,quantile,0.8,11.5
2026-10-10,54,0,wk inc flu hosp,2026-10-10,quantile,0.85,13.5
2026-10-10,54,0,wk inc flu hosp,2026-10-10,quantile,0.9,16.5
2026-10-10,54,0,wk inc flu hosp,2026-10-10,quantile,0.95,20.5
2026-10-10,54,0,wk inc flu hosp,2026-10-10,quantile,0.975,26.0
2026-10-10,54,0,wk inc flu hosp,2026-10-10,quantile,0.99,35.5
2026-10-10,54,1,wk inc flu hosp,2026-10-17,quantile,0.01,1.0
2026-10-10,54,1,wk inc flu hosp,2026-10-17,quantile,0.025,1.0663521794639246
2026-10-10,54,1,wk inc flu hosp,2026-10-17,quantile,0.05,2.0
2026-10-10,54,1,wk inc flu hosp,2026-10-17,quantile,0.1,3.0
2026-10-10,54,1,wk inc flu hosp,2026-10-17,quantile,0.15,4.0
2026-10-10,54,1,wk inc flu hosp,2026-10-17,quantile,0.2,5.0
2026-10-10,54,1,wk inc flu hosp,2026-10-17,quantile,0.25,6.0
2026-10-10,54,1,wk inc flu hosp,2026-10-17,quantile,0.3,6.45664929915651
2026-10-10,54,1,wk inc flu hosp,2026-10-17,quantile,0.35,7.0
2026-10-10,54,1,wk inc flu hosp,2026-10-17,quantile,0.4,7.922253736293381
2026-10-10,54,1,wk inc flu hosp,2026-10-17,quantile,0.45,8.5
2026-10-10,54,1,wk inc flu hosp,2026-10-17,quantile,0.5,9.5
2026-10-10,54,1,wk inc flu hosp,2026-10-17,quantile,0.55,10.275123969334157
2026-10-10,54,1,wk inc flu hosp,2026-10-17,quantile,0.6,11.0
2026-10-10,54,1,wk inc flu hosp,2026-10-17,quantile,0.65,11.893604552125176
2026-10-10,54,1,wk inc flu hosp,2026-10-17,quantile,0.7,12.529867658020422
2026-10-10,54,1,wk inc flu hosp,2026-10-17,quantile,0.75,13.0
2026-10-10,54,1,wk inc flu hosp,2026-10-17,quantile,0.8,14.0
2026-10-10,54,1,wk inc flu hosp,2026-10-17,quantile,0.85,15.5
2026-10-10,54,1,wk inc flu hosp,2026-10-17,quantile,0.9,17.5
2026-10-10,54,1,wk inc flu hosp,2026-10-17,quantile,0.95,21.5
2026-10-10,54,1,wk inc flu hosp,2026-10-17,quantile,0.975,26.5
2026-10-10,54,1,wk inc flu hosp,2026-10-17,quantile,0.99,39.99731911450308
2026-10-10,54,2,wk inc flu hosp,2026-10-24,quantile,0.01,1.0
2026-10-10,54,2,wk inc flu hosp,2026-10-24,quantile,0.025,2.0
2026-10-10,54,2,wk inc flu hosp,2026-10-24,quantile,0.05,3.0
2026-10-10,54,2,wk inc flu hosp,2026-10-24,quantile,0.1,4.0
2026-10-10,54,2,wk inc flu hosp,2026-10-24,quantile,0.15,5.0
2026-10-10,54,2,wk inc flu hosp,2026-10-24,quantile,0.2,6.0
2026-10-10,54,2,wk inc flu hosp,2026-10-24,quantile,0.25,7.0
2026-10-10,54,2,wk inc flu hosp,2026-10-24,quantile,0.3,8.0
2026-10-10,54,2,wk inc flu hosp,2026-10-24,quantile,0.35,9.0
2026-10-10,54,2,wk inc flu hosp,2026-10-24,quantile,0.4,10.5
2026-10-10,54,2,wk inc flu hosp,2026-10-24,quantile,0.45,11.0
2026-10-10,54,2,wk inc flu hosp,2026-10-24,quantile,0.5,12.5
2026-10-10,54,2,wk inc flu hosp,2026-10-24,quantile,0.55,13.5
2026-10-10,54,2,wk inc flu hosp,2026-10-24,quantile,0.6,15.0
2026-10-10,54,2,wk inc flu hosp,2026-10-24,quantile,0.65,16.0
2026-10-10,54,2,wk inc flu hosp,2026-10-24,quantile,0.7,18.0
2026-10-10,54,2,wk inc flu hosp,2026-10-24,quantile,0.75,20.0
2026-10-10,54,2,wk inc flu hosp,2026-10-24,quantile,0.8,22.0
2026-10-10,54,2,wk inc flu hosp,2026-10-24,quantile,0.85,24.0
2026-10-10,54,2,wk inc flu hosp,2026-10-24,quantile,0.9,28.0
2026-10-10,54,2,wk inc flu hosp,2026-10-24,quantile,0.95,35.0
2026-10-10,54,2,wk inc flu hosp,2026-10-24,quantile,0.975,45.0
2026-10-10,54,2,wk inc flu hosp,2026-10-24,quantile,0.99,61.5
2026-10-10,54,3,wk inc flu hosp,2026-10-31,quantile,0.01,1.0
2026-10-10,54,3,wk inc flu hosp,2026-10-31,quantile,0.025,2.0
2026-10-10,54,3,wk inc flu hosp,2026-10-31,quantile,0.05,3.0
2026-10-10,54,3,wk inc flu hosp,2026-10-31,quantile,0.1,5.0
2026-10-10,54,3,wk inc flu hosp,2026-10-31,quantile,0.15,6.0
2026-10-10,54,3,wk inc flu hosp,2026-10-31,quantile,0.2,7.5
2026-10-10,54,3,wk inc flu hosp,2026-10-31,quantile,0.25,9.0
2026-10-10,54,3,wk inc flu hosp,2026-10-31,quantile,0.3,10.0
2026-10-10,54,3,wk inc flu hosp,2026-10-31,quantile,0.35,11.5
2026-10-10,54,3,wk inc flu hosp,2026-10-31,quantile,0.4,13.0
2026-10-10,54,3,wk inc flu hosp,2026-10-31,quantile,0.45,15.0
2026-10-10,54,3,wk inc flu hosp,2026-10-31,quantile,0.5,16.5
2026-10-10,54,3,wk inc flu hosp,2026-10-31,quantile,0.55,18.5
2026-10-10,54,3,wk inc flu hosp,2026-10-31,quantile,0.6,20.5
2026-10-10,54,3,wk inc flu hosp,2026-10-31,quantile,0.65,23.0
2026-10-10,54,3,wk inc flu hosp,2026-10-31,quantile,0.7,26.0
2026-10-10,54,3,wk inc flu hosp,2026-10-31,quantile,0.75,28.5
2026-10-10,54,3,wk inc flu hosp,2026-10-31,quantile,0.8,33.0
2026-10-10,54,3,wk inc flu hosp,2026-10-31,quantile,0.85,39.0
2026-10-10,54,3,wk inc flu hosp,2026-10-31,quantile,0.9,47.0
2026-10-10,54,3,wk inc flu hosp,2026-10-31,quantile,0.95,62.0
2026-10-10,54,3,wk inc flu hosp,2026-10-31,quantile,0.975,79.0
2026-10-10,54,3,wk inc flu hosp,2026-10-31,quantile,0.99,101.5
2026-10-10,55,0,wk inc flu hosp,2026-10-10,quantile,0.01,12.0
2026-10-10,55,0,wk inc flu hosp,2026-10-10,quantile,0.025,15.5
2026-10-10,55,0,wk inc flu hosp,2026-10-10,quantile,0.05,19.5
2026-10-10,55,0,wk inc flu hosp,2026-10-10,quantile,0.1,22.0
2026-10-10,55,0,wk inc flu hosp,2026-10-10,quantile,0.15,24.5
2026-10-10,55,0,wk inc flu hosp,2026-10-10,quantile,0.2,27.5
2026-10-10,55,0,wk inc flu hosp,2026-10-10,quantile,0.25,29.5
2026-10-10,55,0,wk inc flu hosp,2026-10-10,quantile,0.3,31.5
2026-10-10,55,0,wk inc flu hosp,2026-10-10,quantile,0.35,34.0
2026-10-10,55,0,wk inc flu hosp,2026-10-10,quantile,0.4,36.0
2026-10-10,55,0,wk inc flu hosp,2026-10-10,quantile,0.45,38.5
2026-10-10,55,0,wk inc flu hosp,2026-10-10,quantile,0.5,40.5
2026-10-10,55,0,wk inc flu hosp,2026-10-10,quantile,0.55,42.5
2026-10-10,55,0,wk inc flu hosp,2026-10-10,quantile,0.6,45.5
2026-10-10,55,0,wk inc flu hosp,2026-10-10,quantile,0.65,48.0
2026-10-10,55,0,wk inc flu hosp,2026-10-10,quantile,0.7,51.5
2026-10-10,55,0,wk inc flu hosp,2026-10-10,quantile,0.75,55.5
2026-10-10,55,0,wk inc flu hosp,2026-10-10,quantile,0.8,61.0
2026-10-10,55,0,wk inc flu hosp,2026-10-10,quantile,0.85,66.0
2026-10-10,55,0,wk inc flu hosp,2026-10-10,quantile,0.9,75.0
2026-10-10,55,0,wk inc flu hosp,2026-10-10,quantile,0.95,89.5
2026-10-10,55,0,wk inc flu hosp,2026-10-10,quantile,0.975,109.0
2026-10-10,55,0,wk inc flu hosp,2026-10-10,quantile,0.99,145.0
2026-10-10,55,1,wk inc flu hosp,2026-10-17,quantile,0.01,10.5
2026-10-10,55,1,wk inc flu hosp,2026-10-17,quantile,0.025,14.5
2026-10-10,55,1,wk inc flu hosp,2026-10-17,quantile,0.05,16.5
2026-10-10,55,1,wk inc flu hosp,2026-10-17,quantile,0.1,21.126252251480963
2026-10-10,55,1,wk inc flu hosp,2026-10-17,quantile,0.15,25.149805000171767
2026-10-10,55,1,wk inc flu hosp,2026-10-17,quantile,0.2,30.34559352043418
2026-10-10,55,1,wk inc flu hosp,2026-10-17,quantile,0.25,33.18847132512287
2026-10-10,55,1,wk inc flu hosp,2026-10-17,quantile,0.3,35.059570629310954
2026-10-10,55,1,wk inc flu hosp,2026-10-17,quantile,0.35,37.0
2026-10-10,55,1,wk inc flu hosp,2026-10-17,quantile,0.4,41.0
2026-10-10,55,1,wk inc flu hosp,2026-10-17,quantile,0.45,45.0
2026-10-10,55,1,wk inc flu hosp,2026-10-17,quantile,0.5,49.0
2026-10-10,55,1,wk inc flu hosp,2026-10-17,quantile,0.55,52.5
2026-10-10,55,1,wk inc flu hosp,2026-10-17,quantile,0.6,55.0
2026-10-10,55,1,wk inc flu hosp,2026-10-17,quantile,0.65,57.5
2026-10-10,55,1,wk inc flu hosp,2026-10-17,quantile,0.7,60.5
2026-10-10,55,1,wk inc flu hosp,2026-10-17,quantile,0.75,63.5
2026-10-10,55,1,wk inc flu hosp,2026-10-17,quantile,0.8,68.5
2026-10-10,55,1,wk inc flu hosp,2026-10-17,quantile,0.85,72.0
2026-10-10,55,1,wk inc flu hosp,2026-10-17,quantile,0.9,80.5
2026-10-10,55,1,wk inc flu hosp,2026-10-17,quantile,0.95,97.5
2026-10-10,55,1,wk inc flu hosp,2026-10-17,quantile,0.975,118.5
2026-10-10,55,1,wk inc flu hosp,2026-10-17,quantile,0.99,146.5
2026-10-10,55,2,wk inc flu hosp,2026-10-24,quantile,0.01,11.0
2026-10-10,55,2,wk inc flu hosp,2026-10-24,quantile,0.025,12.5
2026-10-10,55,2,wk inc flu hosp,2026-10-24,quantile,0.05,16.5
2026-10-10,55,2,wk inc flu hosp,2026-10-24,quantile,0.1,22.0
2026-10-10,55,2,wk inc flu hosp,2026-10-24,quantile,0.15,28.73573152687173
2026-10-10,55,2,wk inc flu hosp,2026-10-24,quantile,0.2,34.62865112708991
2026-10-10,55,2,wk inc flu hosp,2026-10-24,quantile,0.25,37.34255318126053
2026-10-10,55,2,wk inc flu hosp,2026-10-24,quantile,0.3,41.70577997847744
2026-10-10,55,2,wk inc flu hosp,2026-10-24,quantile,0.35,47.0
2026-10-10,55,2,wk inc flu hosp,2026-10-24,quantile,0.4,51.5
2026-10-10,55,2,wk inc flu hosp,2026-10-24,quantile,0.45,56.5
2026-10-10,55,2,wk inc flu hosp,2026-10-24,quantile,0.5,62.0
2026-10-10,55,2,wk inc flu hosp,2026-10-24,quantile,0.55,67.0
2026-10-10,55,2,wk inc flu hosp,2026-10-24,quantile,0.6,71.0
2026-10-10,55,2,wk inc flu hosp,2026-10-24,quantile,0.65,76.0
2026-10-10,55,2,wk inc flu hosp,2026-10-24,quantile,0.7,82.0
2026-10-10,55,2,wk inc flu hosp,2026-10-24,quantile,0.75,87.5
2026-10-10,55,2,wk inc flu hosp,2026-10-24,quantile,0.8,93.0
2026-10-10,55,2,wk inc flu hosp,2026-10-24,quantile,0.85,105.0
2026-10-10,55,2,wk inc flu hosp,2026-10-24,quantile,0.9,120.0
2026-10-10,55,2,wk inc flu hosp,2026-10-24,quantile,0.95,158.5
2026-10-10,55,2,wk inc flu hosp,2026-10-24,quantile,0.975,189.5
2026-10-10,55,2,wk inc flu hosp,2026-10-24,quantile,0.99,237.0
2026-10-10,55,3,wk inc flu hosp,2026-10-31,quantile,0.01,9.0
2026-10-10,55,3,wk inc flu hosp,2026-10-31,quantile,0.025,13.0
2026-10-10,55,3,wk inc flu hosp,2026-10-31,quantile,0.05,17.5
2026-10-10,55,3,wk inc flu hosp,2026-10-31,quantile,0.1,24.996788971778464
2026-10-10,55,3,wk inc flu hosp,2026-10-31,quantile,0.15,31.0
2026-10-10,55,3,wk inc flu hosp,2026-10-31,quantile,0.2,37.0
2026-10-10,55,3,wk inc flu hosp,2026-10-31,quantile,0.25,43.5
2026-10-10,55,3,wk inc flu hosp,2026-10-31,quantile,0.3,50.0
2026-10-10,55,3,wk inc flu hosp,2026-10-31,quantile,0.35,56.0
2026-10-10,55,3,wk inc flu hosp,2026-10-31,quantile,0.4,63.0
2026-10-10,55,3,wk inc flu hosp,2026-10-31,quantile,0.45,70.0
2026-10-10,55,3,wk inc flu hosp,2026-10-31,quantile,0.5,77.5
2026-10-10,55,3,wk inc flu hosp,2026-10-31,quantile,0.55,85.5
2026-10-10,55,3,wk inc flu hosp,2026-10-31,quantile,0.6,93.0
2026-10-10,55,3,wk inc flu hosp,2026-10-31,quantile,0.65,102.0
2026-10-10,55,3,wk inc flu hosp,2026-10-31,quantile,0.7,112.0
2026-10-10,55,3,wk inc flu hosp,2026-10-31,quantile,0.75,120.0
2026-10-10,55,3,wk inc flu hosp,2026-10-31,quantile,0.8,134.5
2026-10-10,55,3,wk inc flu hosp,2026-10-31,quantile,0.85,162.0
2026-10-10,55,3,wk inc flu hosp,2026-10-31,quantile,0.9,188.5
2026-10-10,55,3,wk inc flu hosp,2026-10-31,quantile,0.95,288.0
2026-10-10,55,3,wk inc flu hosp,2026-10-31,quantile,0.975,361.5
2026-10-10,55,3,wk inc flu hosp,2026-10-31,quantile,0.99,427.5
2026-10-10,56,0,wk inc flu hosp,2026-10-10,quantile,0.01,0.0
2026-10-10,56,0,wk inc flu hosp,2026-10-10,quantile,0.025,0.262484351296173
2026-10-10,56,0,wk inc flu hosp,2026-10-10,quantile,0.05,1.0
2026-10-10,56,0,wk inc flu hosp,2026-10-10,quantile,0.1,1.0
2026-10-10,56,0,wk inc flu hosp,2026-10-10,quantile,0.15,2.0
2026-10-10,56,0,wk inc flu hosp,2026-10-10,quantile,0.2,2.5
2026-10-10,56,0,wk inc flu hosp,2026-10-10,quantile,0.25,3.0
2026-10-10,56,0,wk inc flu hosp,2026-10-10,quantile,0.3,3.0
2026-10-10,56,0,wk inc flu hosp,2026-10-10,quantile,0.35,3.0
2026-10-10,56,0,wk inc flu hosp,2026-10-10,quantile,0.4,4.0
2026-10-10,56,0,wk inc flu hosp,2026-10-10,quantile,0.45,4.0
2026-10-10,56,0,wk inc flu hosp,2026-10-10,quantile,0.5,4.0
2026-10-10,56,0,wk inc flu hosp,2026-10-10,quantile,0.55,5.0
2026-10-10,56,0,wk inc flu hosp,2026-10-10,quantile,0.6,5.0
2026-10-10,56,0,wk inc flu hosp,2026-10-10,quantile,0.65,5.8332196437254
2026-10-10,56,0,wk inc flu hosp,2026-10-10,quantile,0.7,6.093259793151477
2026-10-10,56,0,wk inc flu hosp,2026-10-10,quantile,0.75,6.804222662227
2026-10-10,56,0,wk inc flu hosp,2026-10-10,quantile,0.8,7.508660246120925
2026-10-10,56,0,wk inc flu hosp,2026-10-10,quantile,0.85,8.38623363590576
2026-10-10,56,0,wk inc flu hosp,2026-10-10,quantile,0.9,9.940575661038297
2026-10-10,56,0,wk inc flu hosp,2026-10-10,quantile,0.95,12.469978064586122
2026-10-10,56,0,wk inc flu hosp,2026-10-10,quantile,0.975,15.817864367135996
2026-10-10,56,0,wk inc flu hosp,2026-10-10,quantile,0.99,22.0
2026-10-10,56,1,wk inc flu hosp,2026-10-17,quantile,0.01,0.0
2026-10-10,56,1,wk inc flu hosp,2026-10-17,quantile,0.025,0.1126508346664552
2026-10-10,56,1,wk inc flu hosp,2026-10-17,quantile,0.05,1.0
2026-10-10,56,1,wk inc flu hosp,2026-10-17,quantile,0.1,1.913626196623126
2026-10-10,56,1,wk inc flu hosp,2026-10-17,quantile,0.15,2.0
2026-10-10,56,1,wk inc flu hosp,2026-10-17,quantile,0.2,2.73638852157908
2026-10-10,56,1,wk inc flu hosp,2026-10-17,quantile,0.25,3.0
2026-10-10,56,1,wk inc flu hosp,2026-10-17,quantile,0.3,3.0
2026-10-10,56,1,wk inc flu hosp,2026-10-17,quantile,0.35,4.0
2026-10-10,56,1,wk inc flu hosp,2026-10-17,quantile,0.4,4.0
2026-10-10,56,1,wk inc flu hosp,2026-10-17,quantile,0.45,4.5
2026-10-10,56,1,wk inc flu hosp,2026-10-17,quantile,0.5,4.600352119813088
2026-10-10,56,1,wk inc flu hosp,2026-10-17,quantile,0.55,5.265660014956805
2026-10-10,56,1,wk inc flu hosp,2026-10-17,quantile,0.6,6.0
2026-10-10,56,1,wk inc flu hosp,2026-10-17,quantile,0.65,6.5
2026-10-10,56,1,wk inc flu hosp,2026-10-17,quantile,0.7,7.5
2026-10-10,56,1,wk inc flu hosp,2026-10-17,quantile,0.75,8.0
2026-10-10,56,1,wk inc flu hosp,2026-10-17,quantile,0.8,9.0
2026-10-10,56,1,wk inc flu hosp,2026-10-17,quantile,0.85,10.5
2026-10-10,56,1,wk inc flu hosp,2026-10-17,quantile,0.9,12.0
2026-10-10,56,1,wk inc flu hosp,2026-10-17,quantile,0.95,15.5
2026-10-10,56,1,wk inc flu hosp,2026-10-17,quantile,0.975,19.0
2026-10-10,56,1,wk inc flu hosp,2026-10-17,quantile,0.99,24.0
2026-10-10,56,2,wk inc flu hosp,2026-10-24,quantile,0.01,0.0
2026-10-10,56,2,wk inc flu hosp,2026-10-24,quantile,0.025,1.0
2026-10-10,56,2,wk inc flu hosp,2026-10-24,quantile,0.05,1.0
2026-10-10,56,2,wk inc flu hosp,2026-10-24,quantile,0.1,2.0
2026-10-10,56,2,wk inc flu hosp,2026-10-24,quantile,0.15,2.5826463641876884
2026-10-10,56,2,wk inc flu hosp,2026-10-24,quantile,0.2,3.0
2026-10-10,56,2,wk inc flu hosp,2026-10-24,quantile,0.25,3.5
2026-10-10,56,2,wk inc flu hosp,2026-10-24,quantile,0.3,3.5
2026-10-10,56,2,wk inc flu hosp,2026-10-24,quantile,0.35,4.5
2026-10-10,56,2,wk inc flu hosp,2026-10-24,quantile,0.4,5.0
2026-10-10,56,2,wk inc flu hosp,2026-10-24,quantile,0.45,5.88464911611549
2026-10-10,56,2,wk inc flu hosp,2026-10-24,quantile,0.5,6.007494343166925
2026-10-10,56,2,wk inc flu hosp,2026-10-24,quantile,0.55,6.6022018842654635
2026-10-10,56,2,wk inc flu hosp,2026-10-24,quantile,0.6,7.267544691602251
2026-10-10,56,2,wk inc flu hosp,2026-10-24,quantile,0.65,8.01833511285335
2026-10-10,56,2,wk inc flu hosp,2026-10-24,quantile,0.7,9.0
2026-10-10,56,2,wk inc flu hosp,2026-10-24,quantile,0.75,11.0
2026-10-10,56,2,wk inc flu hosp,2026-10-24,quantile,0.8,12.0
2026-10-10,56,2,wk inc flu hosp,2026-10-24,quantile,0.85,13.5
2026-10-10,56,2,wk inc flu hosp,2026-10-24,quantile,0.9,16.5
2026-10-10,56,2,wk inc flu hosp,2026-10-24,quantile,0.95,22.0
2026-10-10,56,2,wk inc flu hosp,2026-10-24,quantile,0.975,30.0
2026-10-10,56,2,wk inc flu hosp,2026-10-24,quantile,0.99,39.0
2026-10-10,56,3,wk inc flu hosp,2026-10-31,quantile,0.01,0.0
2026-10-10,56,3,wk inc flu hosp,2026-10-31,quantile,0.025,1.0
2026-10-10,56,3,wk inc flu hosp,2026-10-31,quantile,0.05,1.0
2026-10-10,56,3,wk inc flu hosp,2026-10-31,quantile,0.1,2.0
2026-10-10,56,3,wk inc flu hosp,2026-10-31,quantile,0.15,2.702467518670062
2026-10-10,56,3,wk inc flu hosp,2026-10-31,quantile,0.2,3.537301822641594
2026-10-10,56,3,wk inc flu hosp,2026-10-31,quantile,0.25,4.157384524014986
2026-10-10,56,3,wk inc flu hosp,2026-10-31,quantile,0.3,4.876633171387095
2026-10-10,56,3,wk inc flu hosp,2026-10-31,quantile,0.35,5.604926346148036
2026-10-10,56,3,wk inc flu hosp,2026-10-31,quantile,0.4,6.132815767477027
2026-10-10,56,3,wk inc flu hosp,2026-10-31,quantile,0.45,6.192235599664766
2026-10-10,56,3,wk inc flu hosp,2026-10-31,quantile,0.5,7.5
2026-10-10,56,3,wk inc flu hosp,2026-10-31,quantile,0.55,8.5
2026-10-10,56,3,wk inc flu hosp,2026-10-31,quantile,0.6,9.5
2026-10-10,56,3,wk inc flu hosp,2026-10-31,quantile,0.65,10.5
2026-10-10,56,3,wk inc flu hosp,2026-10-31,quantile,0.7,12.0
2026-10-10,56,3,wk inc flu hosp,2026-10-31,quantile,0.75,14.0
2026-10-10,56,3,wk inc flu hosp,2026-10-31,quantile,0.8,16.0
2026-10-10,56,3,wk inc flu hosp,2026-10-31,quantile,0.85,19.0
2026-10-10,56,3,wk inc flu hosp,2026-10-31,quantile,0.9,25.5
2026-10-10,56,3,wk inc flu hosp,2026-10-31,quantile,0.95,35.5
2026-10-10,56,3,wk inc flu hosp,2026-10-31,quantile,0.975,49.5
2026-10-10,56,3,wk inc flu hosp,2026-10-31,quantile,0.99,67.0
2026-10-10,72,0,wk inc flu hosp,2026-10-10,quantile,0.01,36.0
2026-10-10,72,0,wk inc flu hosp,2026-10-10,quantile,0.025,44.0
2026-10-10,72,0,wk inc flu hosp,2026-10-10,quantile,0.05,51.0
2026-10-10,72,0,wk inc flu hosp,2026-10-10,quantile,0.1,60.0
2026-10-10,72,0,wk inc flu hosp,2026-10-10,quantile,0.15,67.0
2026-10-10,72,0,wk inc flu hosp,2026-10-10,quantile,0.2,73.0
2026-10-10,72,0,wk inc flu hosp,2026-10-10,quantile,0.25,79.0
2026-10-10,72,0,wk inc flu hosp,2026-10-10,quantile,0.3,85.0
2026-10-10,72,0,wk inc flu hosp,2026-10-10,quantile,0.35,90.0
2026-10-10,72,0,wk inc flu hosp,2026-10-10,quantile,0.4,93.0
2026-10-10,72,0,wk inc flu hosp,2026-10-10,quantile,0.45,98.0
2026-10-10,72,0,wk inc flu hosp,2026-10-10,quantile,0.5,100.0
2026-10-10,72,0,wk inc flu hosp,2026-10-10,quantile,0.55,102.0
2026-10-10,72,0,wk inc flu hosp,2026-10-10,quantile,0.6,107.0
2026-10-10,72,0,wk inc flu hosp,2026-10-10,quantile,0.65,114.0
2026-10-10,72,0,wk inc flu hosp,2026-10-10,quantile,0.7,119.0
2026-10-10,72,0,wk inc flu hosp,2026-10-10,quantile,0.75,132.0
2026-10-10,72,0,wk inc flu hosp,2026-10-10,quantile,0.8,138.0
2026-10-10,72,0,wk inc flu hosp,2026-10-10,quantile,0.85,150.0
2026-10-10,72,0,wk inc flu hosp,2026-10-10,quantile,0.9,161.0
2026-10-10,72,0,wk inc flu hosp,2026-10-10,quantile,0.95,175.0
2026-10-10,72,0,wk inc flu hosp,2026-10-10,quantile,0.975,209.0
2026-10-10,72,0,wk inc flu hosp,2026-10-10,quantile,0.99,287.0
2026-10-10,72,1,wk inc flu hosp,2026-10-17,quantile,0.01,32.0
2026-10-10,72,1,wk inc flu hosp,2026-10-17,quantile,0.025,41.0
2026-10-10,72,1,wk inc flu hosp,2026-10-17,quantile,0.05,49.0
2026-10-10,72,1,wk inc flu hosp,2026-10-17,quantile,0.1,60.0
2026-10-10,72,1,wk inc flu hosp,2026-10-17,quantile,0.15,68.0
2026-10-10,72,1,wk inc flu hosp,2026-10-17,quantile,0.2,77.0
2026-10-10,72,1,wk inc flu hosp,2026-10-17,quantile,0.25,84.0
2026-10-10,72,1,wk inc flu hosp,2026-10-17,quantile,0.3,92.0
2026-10-10,72,1,wk inc flu hosp,2026-10-17,quantile,0.35,98.0
2026-10-10,72,1,wk inc flu hosp,2026-10-17,quantile,0.4,106.0
2026-10-10,72,1,wk inc flu hosp,2026-10-17,quantile,0.45,111.0
2026-10-10,72,1,wk inc flu hosp,2026-10-17,quantile,0.5,114.0
2026-10-10,72,1,wk inc flu hosp,2026-10-17,quantile,0.55,118.0
2026-10-10,72,1,wk inc flu hosp,2026-10-17,quantile,0.6,125.0
2026-10-10,72,1,wk inc flu hosp,2026-10-17,quantile,0.65,134.0
2026-10-10,72,1,wk inc flu hosp,2026-10-17,quantile,0.7,139.0
2026-10-10,72,1,wk inc flu hosp,2026-10-17,quantile,0.75,156.0
2026-10-10,72,1,wk inc flu hosp,2026-10-17,quantile,0.8,162.0
2026-10-10,72,1,wk inc flu hosp,2026-10-17,quantile,0.85,176.0
2026-10-10,72,1,wk inc flu hosp,2026-10-17,quantile,0.9,201.0
2026-10-10,72,1,wk inc flu hosp,2026-10-17,quantile,0.95,222.0
2026-10-10,72,1,wk inc flu hosp,2026-10-17,quantile,0.975,261.0
2026-10-10,72,1,wk inc flu hosp,2026-10-17,quantile,0.99,344.0
2026-10-10,72,2,wk inc flu hosp,2026-10-24,quantile,0.01,31.0
2026-10-10,72,2,wk inc flu hosp,2026-10-24,quantile,0.025,40.0
2026-10-10,72,2,wk inc flu hosp,2026-10-24,quantile,0.05,50.0
2026-10-10,72,2,wk inc flu hosp,2026-10-24,quantile,0.1,64.0
2026-10-10,72,2,wk inc flu hosp,2026-10-24,quantile,0.15,77.0
2026-10-10,72,2,wk inc flu hosp,2026-10-24,quantile,0.2,88.0
2026-10-10,72,2,wk inc flu hosp,2026-10-24,quantile,0.25,96.0
2026-10-10,72,2,wk inc flu hosp,2026-10-24,quantile,0.3,106.0
2026-10-10,72,2,wk inc flu hosp,2026-10-24,quantile,0.35,115.0
2026-10-10,72,2,wk inc flu hosp,2026-10-24,quantile,0.4,119.0
2026-10-10,72,2,wk inc flu hosp,2026-10-24,quantile,0.45,125.0
2026-10-10,72,2,wk inc flu hosp,2026-10-24,quantile,0.5,130.0
2026-10-10,72,2,wk inc flu hosp,2026-10-24,quantile,0.55,136.0
2026-10-10,72,2,wk inc flu hosp,2026-10-24,quantile,0.6,144.0
2026-10-10,72,2,wk inc flu hosp,2026-10-24,quantile,0.65,155.0
2026-10-10,72,2,wk inc flu hosp,2026-10-24,quantile,0.7,165.0
2026-10-10,72,2,wk inc flu hosp,2026-10-24,quantile,0.75,185.0
2026-10-10,72,2,wk inc flu hosp,2026-10-24,quantile,0.8,203.0
2026-10-10,72,2,wk inc flu hosp,2026-10-24,quantile,0.85,226.0
2026-10-10,72,2,wk inc flu hosp,2026-10-24,quantile,0.9,265.0
2026-10-10,72,2,wk inc flu hosp,2026-10-24,quantile,0.95,300.0
2026-10-10,72,2,wk inc flu hosp,2026-10-24,quantile,0.975,368.0
2026-10-10,72,2,wk inc flu hosp,2026-10-24,quantile,0.99,484.0
2026-10-10,72,3,wk inc flu hosp,2026-10-31,quantile,0.01,28.0
2026-10-10,72,3,wk inc flu hosp,2026-10-31,quantile,0.025,38.0
2026-10-10,72,3,wk inc flu hosp,2026-10-31,quantile,0.05,49.0
2026-10-10,72,3,wk inc flu hosp,2026-10-31,quantile,0.1,68.0
2026-10-10,72,3,wk inc flu hosp,2026-10-31,quantile,0.15,83.0
2026-10-10,72,3,wk inc flu hosp,2026-10-31,quantile,0.2,93.0
2026-10-10,72,3,wk inc flu hosp,2026-10-31,quantile,0.25,105.0
2026-10-10,72,3,wk inc flu hosp,2026-10-31,quantile,0.3,118.0
2026-10-10,72,3,wk inc flu hosp,2026-10-31,quantile,0.35,125.0
2026-10-10,72,3,wk inc flu hosp,2026-10-31,quantile,0.4,133.0
2026-10-10,72,3,wk inc flu hosp,2026-10-31,quantile,0.45,140.0
2026-10-10,72,3,wk inc flu hosp,2026-10-31,quantile,0.5,149.0
2026-10-10,72,3,wk inc flu hosp,2026-10-31,quantile,0.55,157.0
2026-10-10,72,3,wk inc flu hosp,2026-10-31,quantile,0.6,168.0
2026-10-10,72,3,wk inc flu hosp,2026-10-31,quantile,0.65,186.0
2026-10-10,72,3,wk inc flu hosp,2026-10-31,quantile,0.7,201.0
2026-10-10,72,3,wk inc flu hosp,2026-10-31,quantile,0.75,226.0
2026-10-10,72,3,wk inc flu hosp,2026-10-31,quantile,0.8,252.0
2026-10-10,72,3,wk inc flu hosp,2026-10-31,quantile,0.85,280.0
2026-10-10,72,3,wk inc flu hosp,2026-10-31,quantile,0.9,332.0
2026-10-10,72,3,wk inc flu hosp,2026-10-31,quantile,0.95,407.0
2026-10-10,72,3,wk inc flu hosp,2026-10-31,quantile,0.975,565.0
2026-10-10,72,3,wk inc flu hosp,2026-10-31,quantile,0.99,716.0
2026-10-10,US,0,wk inc flu hosp,2026-10-10,quantile,0.01,2391.5
2026-10-10,US,0,wk inc flu hosp,2026-10-10,quantile,0.025,2715.5
2026-10-10,US,0,wk inc flu hosp,2026-10-10,quantile,0.05,2938.0
2026-10-10,US,0,wk inc flu hosp,2026-10-10,quantile,0.1,3122.0
2026-10-10,US,0,wk inc flu hosp,2026-10-10,quantile,0.15,3251.5
2026-10-10,US,0,wk inc flu hosp,2026-10-10,quantile,0.2,3359.0
2026-10-10,US,0,wk inc flu hosp,2026-10-10,quantile,0.25,3457.0
2026-10-10,US,0,wk inc flu hosp,2026-10-10,quantile,0.3,3548.0
2026-10-10,US,0,wk inc flu hosp,2026-10-10,quantile,0.35,3606.5
2026-10-10,US,0,wk inc flu hosp,2026-10-10,quantile,0.4,3660.43112986487
2026-10-10,US,0,wk inc flu hosp,2026-10-10,quantile,0.45,3729.2122706924765
2026-10-10,US,0,wk inc flu hosp,2026-10-10,quantile,0.5,3810.876885852082
2026-10-10,US,0,wk inc flu hosp,2026-10-10,quantile,0.55,3882.947073189241
2026-10-10,US,0,wk inc flu hosp,2026-10-10,quantile,0.6,3932.2598442363733
2026-10-10,US,0,wk inc flu hosp,2026-10-10,quantile,0.65,4033.180929356064
2026-10-10,US,0,wk inc flu hosp,2026-10-10,quantile,0.7,4142.5
2026-10-10,US,0,wk inc flu hosp,2026-10-10,quantile,0.75,4268.318882882064
2026-10-10,US,0,wk inc flu hosp,2026-10-10,quantile,0.8,4428.0
2026-10-10,US,0,wk inc flu hosp,2026-10-10,quantile,0.85,4611.5
2026-10-10,US,0,wk inc flu hosp,2026-10-10,quantile,0.9,5017.5
2026-10-10,US,0,wk inc flu hosp,2026-10-10,quantile,0.95,5541.5
2026-10-10,US,0,wk inc flu hosp,2026-10-10,quantile,0.975,6046.5
2026-10-10,US,0,wk inc flu hosp,2026-10-10,quantile,0.99,6548.0
2026-10-10,US,1,wk inc flu hosp,2026-10-17,quantile,0.01,2393.0
2026-10-10,US,1,wk inc flu hosp,2026-10-17,quantile,0.025,2644.5
2026-10-10,US,1,wk inc flu hosp,2026-10-17,quantile,0.05,2860.5
2026-10-10,US,1,wk inc flu hosp,2026-10-17,quantile,0.1,3142.0
2026-10-10,US,1,wk inc flu hosp,2026-10-17,quantile,0.15,3359.0
2026-10-10,US,1,wk inc flu hosp,2026-10-17,quantile,0.2,3543.0
2026-10-10,US,1,wk inc flu hosp,2026-10-17,quantile,0.25,3746.317024461851
2026-10-10,US,1,wk inc flu hosp,2026-10-17,quantile,0.3,3868.0
2026-10-10,US,1,wk inc flu hosp,2026-10-17,quantile,0.35,4020.0
2026-10-10,US,1,wk inc flu hosp,2026-10-17,quantile,0.4,4192.082905656025
2026-10-10,US,1,wk inc flu hosp,2026-10-17,quantile,0.45,4365.325721805175
2026-10-10,US,1,wk inc flu hosp,2026-10-17,quantile,0.5,4537.134289148606
2026-10-10,US,1,wk inc flu hosp,2026-10-17,quantile,0.55,4651.5207171114735
2026-10-10,US,1,wk inc flu hosp,2026-10-17,quantile,0.6,4766.5
2026-10-10,US,1,wk inc flu hosp,2026-10-17,quantile,0.65,4896.0
2026-10-10,US,1,wk inc flu hosp,2026-10-17,quantile,0.7,5126.223531076939
2026-10-10,US,1,wk inc flu hosp,2026-10-17,quantile,0.75,5267.333914000764
2026-10-10,US,1,wk inc flu hosp,2026-10-17,quantile,0.8,5478.0
2026-10-10,US,1,wk inc flu hosp,2026-10-17,quantile,0.85,5861.5
2026-10-10,US,1,wk inc flu hosp,2026-10-17,quantile,0.9,6615.0
2026-10-10,US,1,wk inc flu hosp,2026-10-17,quantile,0.95,7433.0
2026-10-10,US,1,wk inc flu hosp,2026-10-17,quantile,0.975,8734.5
2026-10-10,US,1,wk inc flu hosp,2026-10-17,quantile,0.99,9918.5
2026-10-10,US,2,wk inc flu hosp,2026-10-24,quantile,0.01,2102.5
2026-10-10,US,2,wk inc flu hosp,2026-10-24,quantile,0.025,2391.5
2026-10-10,US,2,wk inc flu hosp,2026-10-24,quantile,0.05,2700.5
2026-10-10,US,2,wk inc flu hosp,2026-10-24,quantile,0.1,3114.0
2026-10-10,US,2,wk inc flu hosp,2026-10-24,quantile,0.15,3434.5
2026-10-10,US,2,wk inc flu hosp,2026-10-24,quantile,0.2,3719.5
2026-10-10,US,2,wk inc flu hosp,2026-10-24,quantile,0.25,3974.5
2026-10-10,US,2,wk inc flu hosp,2026-10-24,quantile,0.3,4237.0
2026-10-10,US,2,wk inc flu hosp,2026-10-24,quantile,0.35,4532.054545390007
2026-10-10,US,2,wk inc flu hosp,2026-10-24,quantile,0.4,4750.0
2026-10-10,US,2,wk inc flu hosp,2026-10-24,quantile,0.45,5020.5
2026-10-10,US,2,wk inc flu hosp,2026-10-24,quantile,0.5,5287.5
2026-10-10,US,2,wk inc flu hosp,2026-10-24,quantile,0.55,5522.5
2026-10-10,US,2,wk inc flu hosp,2026-10-24,quantile,0.6,5738.0
2026-10-10,US,2,wk inc flu hosp,2026-10-24,quantile,0.65,5954.0
2026-10-10,US,2,wk inc flu hosp,2026-10-24,quantile,0.7,6294.5
2026-10-10,US,2,wk inc flu hosp,2026-10-24,quantile,0.75,6637.0
2026-10-10,US,2,wk inc flu hosp,2026-10-24,quantile,0.8,7365.5
2026-10-10,US,2,wk inc flu hosp,2026-10-24,quantile,0.85,8129.0
2026-10-10,US,2,wk inc flu hosp,2026-10-24,quantile,0.9,9416.5
2026-10-10,US,2,wk inc flu hosp,2026-10-24,quantile,0.95,11123.5
2026-10-10,US,2,wk inc flu hosp,2026-10-24,quantile,0.975,12981.5
2026-10-10,US,2,wk inc flu hosp,2026-10-24,quantile,0.99,15529.0
2026-10-10,US,3,wk inc flu hosp,2026-10-31,quantile,0.01,1907.5
2026-10-10,US,3,wk inc flu hosp,2026-10-31,quantile,0.025,2238.5
2026-10-10,US,3,wk inc flu hosp,2026-10-31,quantile,0.05,2608.0
2026-10-10,US,3,wk inc flu hosp,2026-10-31,quantile,0.1,3113.5
2026-10-10,US,3,wk inc flu hosp,2026-10-31,quantile,0.15,3538.0
2026-10-10,US,3,wk inc flu hosp,2026-10-31,quantile,0.2,3914.5
2026-10-10,US,3,wk inc flu hosp,2026-10-31,quantile,0.25,4267.0
2026-10-10,US,3,wk inc flu hosp,2026-10-31,quantile,0.3,4617.0
2026-10-10,US,3,wk inc flu hosp,2026-10-31,quantile,0.35,4945.0
2026-10-10,US,3,wk inc flu hosp,2026-10-31,quantile,0.4,5299.5
2026-10-10,US,3,wk inc flu hosp,2026-10-31,quantile,0.45,5679.0
2026-10-10,US,3,wk inc flu hosp,2026-10-31,quantile,0.5,6082.0
2026-10-10,US,3,wk inc flu hosp,2026-10-31,quantile,0.55,6518.0
2026-10-10,US,3,wk inc flu hosp,2026-10-31,quantile,0.6,6960.5
2026-10-10,US,3,wk inc flu hosp,2026-10-31,quantile,0.65,7497.5
2026-10-10,US,3,wk inc flu hosp,2026-10-31,quantile,0.7,8326.5
2026-10-10,US,3,wk inc flu hosp,2026-10-31,quantile,0.75,9111.5
2026-10-10,US,3,wk inc flu hosp,2026-10-31,quantile,0.8,10385.5
2026-10-10,US,3,wk inc flu hosp,2026-10-31,quantile,0.85,11529.5
2026-10-10,US,3,wk inc flu hosp,2026-10-31,quantile,0.9,13139.0
2026-10-10,US,3,wk inc flu hosp,2026-10-31,quantile,0.95,16256.0
2026-10-10,US,3,wk inc flu hosp,2026-10-31,quantile,0.975,19280.0
2026-10-10,US,3,wk inc flu hosp,2026-10-31,quantile,0.99,23256.0
